pageid	stratum	title	source_page	original_sha1	original_version_timestamp	artist_text	license	license_url	attribution_required	metadata_response	metadata_response_sha256
45082215	apple	File:2015, Fair Smaki Regionow, Poznan (apples, UEP Poznan).JPG	https://commons.wikimedia.org/wiki/File:2015,_Fair_Smaki_Regionow,_Poznan_(apples,_UEP_Poznan).JPG	e379fb4c16bb5fcd0e81d403dedd63eda2d713f6	2015-11-18T13:54:23Z	MOs810	CC BY-SA 4.0	https://creativecommons.org/licenses/by-sa/4.0	true	raw/0009_metadata_0000_a1.response	5289f117fcc4659da596828f3a7a1b782f3f652d86bffe82adaef5c34323712e
136208521	apple	File:Apple picking 2 (282363150).jpg	https://commons.wikimedia.org/wiki/File:Apple_picking_2_(282363150).jpg	e304725b471b1a85192282cd4542d04d88b4b27e	2023-08-19T19:23:51Z	Andy / Andrew Fogg from near Cambridge, UK	CC BY 2.0	https://creativecommons.org/licenses/by/2.0	true	raw/0009_metadata_0000_a1.response	5289f117fcc4659da596828f3a7a1b782f3f652d86bffe82adaef5c34323712e
185956472	apple	File:Bad apple- Gala apple showing liquefying rot 04.jpg	https://commons.wikimedia.org/wiki/File:Bad_apple-_Gala_apple_showing_liquefying_rot_04.jpg	2e41d3bad11e9fcbdf379b33bb97ea3dc661a930	2026-03-12T02:50:38Z	The Eloquent Peasant	CC BY 4.0	https://creativecommons.org/licenses/by/4.0	true	raw/0009_metadata_0000_a1.response	5289f117fcc4659da596828f3a7a1b782f3f652d86bffe82adaef5c34323712e
176795732	apple	File:Érett alma.png	https://commons.wikimedia.org/wiki/File:%C3%89rett_alma.png	ffc8cbe79baee960369530012c13df50fc8cc503	2025-10-16T08:21:51Z	Kolodkov	CC BY-SA 4.0	https://creativecommons.org/licenses/by-sa/4.0	true	raw/0009_metadata_0000_a1.response	5289f117fcc4659da596828f3a7a1b782f3f652d86bffe82adaef5c34323712e
53956947	apple	File:Wanfrieder Weihnachtsmarkt 2016 IMG 3066 edit.jpg	https://commons.wikimedia.org/wiki/File:Wanfrieder_Weihnachtsmarkt_2016_IMG_3066_edit.jpg	5c6f1626b08ec2d414ef56114d9924ae29b0d908	2016-12-10T20:35:38Z	Christoph Braun	CC0	http://creativecommons.org/publicdomain/zero/1.0/deed.en	false	raw/0009_metadata_0000_a1.response	5289f117fcc4659da596828f3a7a1b782f3f652d86bffe82adaef5c34323712e
36499402	apple	File:P9152145 (7286283942).jpg	https://commons.wikimedia.org/wiki/File:P9152145_(7286283942).jpg	7af44a1dca7162b7c596091654bb4f33b08d3516	2014-10-30T17:55:27Z	SuSanA Secretariat	CC BY 2.0	https://creativecommons.org/licenses/by/2.0	true	raw/0009_metadata_0000_a1.response	5289f117fcc4659da596828f3a7a1b782f3f652d86bffe82adaef5c34323712e
85783646	apple	File:Fruits in Market.jpg	https://commons.wikimedia.org/wiki/File:Fruits_in_Market.jpg	b88af4a449655e36a200183a6107c4401b42180b	2020-01-10T14:04:52Z	www.calvinwest.com	CC BY-SA 4.0	https://creativecommons.org/licenses/by-sa/4.0	true	raw/0009_metadata_0000_a1.response	5289f117fcc4659da596828f3a7a1b782f3f652d86bffe82adaef5c34323712e
87831960	apple	File:Herbst 7 (94521661).jpeg	https://commons.wikimedia.org/wiki/File:Herbst_7_(94521661).jpeg	e1d3b64b06f5f3706256fa0bbfdeab40ab1b887d	2020-03-08T17:51:32Z	Henrik Zawischa	CC BY-SA 3.0	https://creativecommons.org/licenses/by-sa/3.0	true	raw/0009_metadata_0000_a1.response	5289f117fcc4659da596828f3a7a1b782f3f652d86bffe82adaef5c34323712e
164119566	apple	File:Development of apple fruit.jpg	https://commons.wikimedia.org/wiki/File:Development_of_apple_fruit.jpg	fac197d9ddcf63ca1c5e7a41c551eff070f25199	2025-04-25T06:29:47Z	Bart Janssen, Kate Thodey, Robert J Schaffer, Shayna Ward	CC BY 2.0	https://creativecommons.org/licenses/by/2.0	true	raw/0009_metadata_0000_a1.response	5289f117fcc4659da596828f3a7a1b782f3f652d86bffe82adaef5c34323712e
13300403	apple	File:Melo Nano.JPG	https://commons.wikimedia.org/wiki/File:Melo_Nano.JPG	0ff1a504a2ae745481ae0de49e76123dd4ffa32e	2011-02-14T16:01:36Z	Galloramenu	CC0	http://creativecommons.org/publicdomain/zero/1.0/deed.en	false	raw/0009_metadata_0000_a1.response	5289f117fcc4659da596828f3a7a1b782f3f652d86bffe82adaef5c34323712e
186624243	apple	File:ཀུ་ཤུ་ལྗང་ཁུ།.jpg	https://commons.wikimedia.org/wiki/File:%E0%BD%80%E0%BD%B4%E0%BC%8B%E0%BD%A4%E0%BD%B4%E0%BC%8B%E0%BD%A3%E0%BE%97%E0%BD%84%E0%BC%8B%E0%BD%81%E0%BD%B4%E0%BC%8D.jpg	102592fd98a2e14db803999b59f9efd8f934f87b	2026-03-21T09:03:45Z	Kunchok Gawa	CC0	http://creativecommons.org/publicdomain/zero/1.0/deed.en	false	raw/0010_metadata_0010_a1.response	d2f64415a640d414295bf67715358a185c07826a9155b225b102a89f3f97f641
148029153	apple	File:Apple Spice Muffins and an apple (14888735409).jpg	https://commons.wikimedia.org/wiki/File:Apple_Spice_Muffins_and_an_apple_(14888735409).jpg	0a8a3ee595ed0afdeaa7ed79496ff958ba6cc896	2024-05-04T01:06:22Z	Personal Creations	CC BY 2.0	https://creativecommons.org/licenses/by/2.0	true	raw/0010_metadata_0010_a1.response	d2f64415a640d414295bf67715358a185c07826a9155b225b102a89f3f97f641
194715039	apple	File:Fresh red apple closeup.jpg	https://commons.wikimedia.org/wiki/File:Fresh_red_apple_closeup.jpg	cf4d6b149ef6b66faae65f8681291a33c3386f0a	2026-06-28T08:41:26Z	Shixart1985	CC BY 2.0	https://creativecommons.org/licenses/by/2.0	true	raw/0010_metadata_0010_a1.response	d2f64415a640d414295bf67715358a185c07826a9155b225b102a89f3f97f641
51440225	apple	File:Food-water-green-apples (23958292789).jpg	https://commons.wikimedia.org/wiki/File:Food-water-green-apples_(23958292789).jpg	19623d5580c26fe693495c65a5353da2c686252c	2016-09-16T05:20:14Z	www.Pixel.la Free Stock Photos	CC0	http://creativecommons.org/publicdomain/zero/1.0/deed.en	false	raw/0010_metadata_0010_a1.response	d2f64415a640d414295bf67715358a185c07826a9155b225b102a89f3f97f641
20854309	apple	File:Jabloň lesní plody07548.JPG	https://commons.wikimedia.org/wiki/File:Jablo%C5%88_lesn%C3%AD_plody07548.JPG	e993ca5b6530eee9401dcb0fc602cd990ec539d8	2012-08-26T03:55:46Z	Dendrofil	CC BY-SA 3.0	https://creativecommons.org/licenses/by-sa/3.0	true	raw/0010_metadata_0010_a1.response	d2f64415a640d414295bf67715358a185c07826a9155b225b102a89f3f97f641
98654920	apple	File:Яблоко на ветке.jpg	https://commons.wikimedia.org/wiki/File:%D0%AF%D0%B1%D0%BB%D0%BE%D0%BA%D0%BE_%D0%BD%D0%B0_%D0%B2%D0%B5%D1%82%D0%BA%D0%B5.jpg	2a892a1fd10244e410127bcfe260624c51479141	2021-01-08T16:41:22Z	Алёна Синичкина	CC BY-SA 4.0	https://creativecommons.org/licenses/by-sa/4.0	true	raw/0010_metadata_0010_a1.response	d2f64415a640d414295bf67715358a185c07826a9155b225b102a89f3f97f641
84541058	apple	File:OriginalPicture.png	https://commons.wikimedia.org/wiki/File:OriginalPicture.png	902c83c868186f77bde9e5a7062f0c3dfa3941bf	2019-12-02T03:55:58Z	Maharhar17	CC BY-SA 4.0	https://creativecommons.org/licenses/by-sa/4.0	true	raw/0010_metadata_0010_a1.response	d2f64415a640d414295bf67715358a185c07826a9155b225b102a89f3f97f641
162120171	apple	File:Apple in ilorin.jpg	https://commons.wikimedia.org/wiki/File:Apple_in_ilorin.jpg	bb50c7d7aef6d2247cf7f3d240cd29feb51a7cf0	2025-03-15T17:40:43Z	Olaasunbo	CC0	http://creativecommons.org/publicdomain/zero/1.0/deed.en	false	raw/0010_metadata_0010_a1.response	d2f64415a640d414295bf67715358a185c07826a9155b225b102a89f3f97f641
198209640	apple	File:Äppeldagar Vallby Friluftsmuseum 01.jpg	https://commons.wikimedia.org/wiki/File:%C3%84ppeldagar_Vallby_Friluftsmuseum_01.jpg	4f4081184079d302960038805c9a32910a7bed5e	2026-08-26T15:39:18Z	Arosbilder	CC BY 4.0	https://creativecommons.org/licenses/by/4.0	true	raw/0010_metadata_0010_a1.response	d2f64415a640d414295bf67715358a185c07826a9155b225b102a89f3f97f641
50570586	apple	File:Cidre3-2015.jpg	https://commons.wikimedia.org/wiki/File:Cidre3-2015.jpg	225c54e3481aa57c565eddf1a5d0e845f26e7dbf	2016-08-09T08:18:42Z	Lesgannes	CC BY-SA 4.0	https://creativecommons.org/licenses/by-sa/4.0	true	raw/0010_metadata_0010_a1.response	d2f64415a640d414295bf67715358a185c07826a9155b225b102a89f3f97f641
167235690	apple	File:Historische Apfelsorten.jpg	https://commons.wikimedia.org/wiki/File:Historische_Apfelsorten.jpg	6151df873e94a4db67295b89c8ef50255b069b00	2025-06-09T17:37:49Z	Cora6060	CC BY 4.0	https://creativecommons.org/licenses/by/4.0	true	raw/0011_metadata_0020_a1.response	792e21413bfb30be6bf9bc3e2c4f49fb3a8c1b3b6eae388d8fd66ae872b3c3a1
121635987	apple	File:Red Juicy Apples.jpg	https://commons.wikimedia.org/wiki/File:Red_Juicy_Apples.jpg	d6b42ce6dcce6c486ae31e43d4e8ae94c58e4887	2022-08-12T06:55:39Z	Carriagehouse2011	CC BY 2.0	https://creativecommons.org/licenses/by/2.0	true	raw/0011_metadata_0020_a1.response	792e21413bfb30be6bf9bc3e2c4f49fb3a8c1b3b6eae388d8fd66ae872b3c3a1
176490295	apple	File:Bulk Bin of Apples.jpg	https://commons.wikimedia.org/wiki/File:Bulk_Bin_of_Apples.jpg	d000b8052c0f03c1972790e75d9e7c4fc9a692ab	2025-10-11T02:20:58Z	Pkgx	CC0	http://creativecommons.org/publicdomain/zero/1.0/deed.en	false	raw/0011_metadata_0020_a1.response	792e21413bfb30be6bf9bc3e2c4f49fb3a8c1b3b6eae388d8fd66ae872b3c3a1
175557969	apple	File:Green apples in Kinnaur.jpg	https://commons.wikimedia.org/wiki/File:Green_apples_in_Kinnaur.jpg	70179a6df4335bf23deebbe1d8e665d30cfb5e73	2025-09-25T10:45:18Z	Chhering Palkit Negi	CC BY-SA 4.0	https://creativecommons.org/licenses/by-sa/4.0	true	raw/0011_metadata_0020_a1.response	792e21413bfb30be6bf9bc3e2c4f49fb3a8c1b3b6eae388d8fd66ae872b3c3a1
114549870	apple	File:Faded apple – 發 (6168519269).png	https://commons.wikimedia.org/wiki/File:Faded_apple_%E2%80%93_%E7%99%BC_(6168519269).png	bd7d01f6b75f968d3c33ccd7fcb535545dab7fb8	2022-01-23T03:51:22Z	Joybot	CC BY-SA 2.0	https://creativecommons.org/licenses/by-sa/2.0	true	raw/0011_metadata_0020_a1.response	792e21413bfb30be6bf9bc3e2c4f49fb3a8c1b3b6eae388d8fd66ae872b3c3a1
102159716	apple	File:Logo HelppA.svg	https://commons.wikimedia.org/wiki/File:Logo_HelppA.svg	ccc83e7717ccf5b4567148e2e901cfc7c10bff34	2021-03-23T19:25:43Z	Тима Миха	CC BY-SA 4.0	https://creativecommons.org/licenses/by-sa/4.0	true	raw/0011_metadata_0020_a1.response	792e21413bfb30be6bf9bc3e2c4f49fb3a8c1b3b6eae388d8fd66ae872b3c3a1
154916542	apple	File:MOs810 WG 38 2024 (Wisła - Pogórze) Autumn in an orchard near Klimontów.jpg	https://commons.wikimedia.org/wiki/File:MOs810_WG_38_2024_(Wis%C5%82a_-_Pog%C3%B3rze)_Autumn_in_an_orchard_near_Klimont%C3%B3w.jpg	33b8650bc04c2cc1ec0cb0d10054bdc7813aa6e8	2024-11-05T20:30:15Z	MOs810	CC BY 4.0	https://creativecommons.org/licenses/by/4.0	true	raw/0011_metadata_0020_a1.response	792e21413bfb30be6bf9bc3e2c4f49fb3a8c1b3b6eae388d8fd66ae872b3c3a1
123263506	apple	File:Donnerstag 22.09 (5).JPG	https://commons.wikimedia.org/wiki/File:Donnerstag_22.09_(5).JPG	f028300951a7bf3c218ee43aa32b5197bf3de897	2022-09-22T16:12:50Z	Wald-Burger8	CC BY-SA 4.0	https://creativecommons.org/licenses/by-sa/4.0	true	raw/0011_metadata_0020_a1.response	792e21413bfb30be6bf9bc3e2c4f49fb3a8c1b3b6eae388d8fd66ae872b3c3a1
101816669	apple	File:Apples 5.jpg	https://commons.wikimedia.org/wiki/File:Apples_5.jpg	5050cfc72c2c371c2a791fe16de5303210a6b4d7	2021-03-19T08:11:28Z	Jahangeer0094	CC BY-SA 4.0	https://creativecommons.org/licenses/by-sa/4.0	true	raw/0011_metadata_0020_a1.response	792e21413bfb30be6bf9bc3e2c4f49fb3a8c1b3b6eae388d8fd66ae872b3c3a1
149412466	apple	File:Pörtschach Winklern 10.-Oktober-Straße 67 Kronprinz Rudolf-Äpfel 15062024 5125.jpg	https://commons.wikimedia.org/wiki/File:P%C3%B6rtschach_Winklern_10.-Oktober-Stra%C3%9Fe_67_Kronprinz_Rudolf-%C3%84pfel_15062024_5125.jpg	1bc56b21b2decbe08e9f50c26532a82b4b94fe4d	2024-06-15T15:53:13Z	Johann Jaritz	CC BY-SA 4.0	https://creativecommons.org/licenses/by-sa/4.0	true	raw/0011_metadata_0020_a1.response	792e21413bfb30be6bf9bc3e2c4f49fb3a8c1b3b6eae388d8fd66ae872b3c3a1
166932522	apple	File:Gamioxarrea 20230123 16 4.jpg	https://commons.wikimedia.org/wiki/File:Gamioxarrea_20230123_16_4.jpg	856a3698408a2b89bbf24dca4ff7a4562824b14c	2025-06-06T01:22:37Z	Ttipi-Ttapa	CC BY-SA 4.0	https://creativecommons.org/licenses/by-sa/4.0	true	raw/0012_metadata_0030_a1.response	f3bb61e1287a13c4336947a82f775450534669143d7d3ab78bfe750fe4afe089
79163213	apple	File:Three men picking apples in orchard, Yakima Valley, ca 1910s (INDOCC 1364).jpg	https://commons.wikimedia.org/wiki/File:Three_men_picking_apples_in_orchard,_Yakima_Valley,_ca_1910s_(INDOCC_1364).jpg	9d5afd0727e67e91316174da48651144e816f993	2019-05-23T16:01:26Z	Webster and Stevens	Public domain		false	raw/0012_metadata_0030_a1.response	f3bb61e1287a13c4336947a82f775450534669143d7d3ab78bfe750fe4afe089
17360476	apple	File:Avkvenkat1.jpg	https://commons.wikimedia.org/wiki/File:Avkvenkat1.jpg	f277a8039a262e6933b208ae92563c635528ea7a	2011-11-15T14:19:29Z	Agasthyathepirate at English Wikipedia	CC0	http://creativecommons.org/publicdomain/zero/1.0/deed.en	false	raw/0012_metadata_0030_a1.response	f3bb61e1287a13c4336947a82f775450534669143d7d3ab78bfe750fe4afe089
198209654	apple	File:Äppeldagar Vallby Friluftsmuseum 07.jpg	https://commons.wikimedia.org/wiki/File:%C3%84ppeldagar_Vallby_Friluftsmuseum_07.jpg	5037e2db9d6cfeb2b8b7b6fd646d939b2eea64cb	2026-08-26T15:39:28Z	Arosbilder	CC BY 4.0	https://creativecommons.org/licenses/by/4.0	true	raw/0012_metadata_0030_a1.response	f3bb61e1287a13c4336947a82f775450534669143d7d3ab78bfe750fe4afe089
163535558	apple	File:La pomme.jpg	https://commons.wikimedia.org/wiki/File:La_pomme.jpg	6590ffed419d9ceb3a8daa0ccbf42246bf29087b	2025-04-13T19:00:28Z	BOKOBA veroly	CC BY-SA 4.0	https://creativecommons.org/licenses/by-sa/4.0	true	raw/0012_metadata_0030_a1.response	f3bb61e1287a13c4336947a82f775450534669143d7d3ab78bfe750fe4afe089
104636001	apple	File:Starr-210116-8967-Malus pumila-assorted fall varieties Anna Granny Smith and King David with neneleau sumac leaf turning colors and pear-Hawea Pl Olinda-Maui (51089746845).jpg	https://commons.wikimedia.org/wiki/File:Starr-210116-8967-Malus_pumila-assorted_fall_varieties_Anna_Granny_Smith_and_King_David_with_neneleau_sumac_leaf_turning_colors_and_pear-Hawea_Pl_Olinda-Maui_(51089746845).jpg	db2f8f835a8bc73038b400f187aa9bfdbe8bacf1	2021-04-29T21:03:16Z	Forest and Kim Starr	CC BY 2.0	https://creativecommons.org/licenses/by/2.0	true	raw/0012_metadata_0030_a1.response	f3bb61e1287a13c4336947a82f775450534669143d7d3ab78bfe750fe4afe089
43444338	apple	File:Kleingartenanlage Famos (Berlin-Pankow) 2013 (Alter Fritz) 49.JPG	https://commons.wikimedia.org/wiki/File:Kleingartenanlage_Famos_(Berlin-Pankow)_2013_(Alter_Fritz)_49.JPG	29697cb6569989ccd75fba13828bd4402859eef8	2015-09-20T18:10:05Z	Alter Fritz	CC BY-SA 4.0	https://creativecommons.org/licenses/by-sa/4.0	true	raw/0012_metadata_0030_a1.response	f3bb61e1287a13c4336947a82f775450534669143d7d3ab78bfe750fe4afe089
93004714	apple	File:Noordwijk - Eetappel (Malus x domestica).jpg	https://commons.wikimedia.org/wiki/File:Noordwijk_-_Eetappel_(Malus_x_domestica).jpg	a72eb6655d024d8d1012660001b9db8a1a164835	2020-08-09T21:43:00Z	Rudolphous	CC BY-SA 4.0	https://creativecommons.org/licenses/by-sa/4.0	true	raw/0012_metadata_0030_a1.response	f3bb61e1287a13c4336947a82f775450534669143d7d3ab78bfe750fe4afe089
85053657	apple	File:Apple chip bug.jpg	https://commons.wikimedia.org/wiki/File:Apple_chip_bug.jpg	68040d4b1b6274443b077903861a51a21ef68ebf	2019-12-19T20:05:11Z	Thue	CC0	http://creativecommons.org/publicdomain/zero/1.0/deed.en	false	raw/0012_metadata_0030_a1.response	f3bb61e1287a13c4336947a82f775450534669143d7d3ab78bfe750fe4afe089
2989542	apple	File:Faîs'sie d'Cidre 2007 sign d.jpg	https://commons.wikimedia.org/wiki/File:Fa%C3%AEs%27sie_d%27Cidre_2007_sign_d.jpg	bc812085176836a8fd33b53c77f942c8afcc1bf5	2007-10-29T08:31:49Z	Man vyi	Public domain		false	raw/0012_metadata_0030_a1.response	f3bb61e1287a13c4336947a82f775450534669143d7d3ab78bfe750fe4afe089
138627017	apple	File:Katovice, moštárna, 20221105 091439.jpg	https://commons.wikimedia.org/wiki/File:Katovice,_mo%C5%A1t%C3%A1rna,_20221105_091439.jpg	b5c0a05601016da3c7be4c8830719da044d02c82	2023-10-08T20:50:33Z	Draceane	CC BY-SA 4.0	https://creativecommons.org/licenses/by-sa/4.0	true	raw/0013_metadata_0040_a1.response	34aba443dd13aab2e20e7a4f717d2f07875b4c2df58562dd9ae9facb86e422ff
190519464	apple	File:A red apple rests on a wooden surface, showcasing a small hole that adds character to its appearance.jpg	https://commons.wikimedia.org/wiki/File:A_red_apple_rests_on_a_wooden_surface,_showcasing_a_small_hole_that_adds_character_to_its_appearance.jpg	809db535328d0b2a6ff26b310d8d78597710bb1b	2026-04-27T06:02:03Z	Shixart1985	CC BY 2.0	https://creativecommons.org/licenses/by/2.0	true	raw/0013_metadata_0040_a1.response	34aba443dd13aab2e20e7a4f717d2f07875b4c2df58562dd9ae9facb86e422ff
163679404	apple	File:Pommes-2025.jpg	https://commons.wikimedia.org/wiki/File:Pommes-2025.jpg	bb10eac56f0f26192ff6a2ece5d09ec70c72fd2e	2025-04-16T23:33:45Z	Cheikh cherif	CC BY-SA 4.0	https://creativecommons.org/licenses/by-sa/4.0	true	raw/0013_metadata_0040_a1.response	34aba443dd13aab2e20e7a4f717d2f07875b4c2df58562dd9ae9facb86e422ff
185956473	apple	File:Bad apple- Gala apple showing liquefying rot 05.jpg	https://commons.wikimedia.org/wiki/File:Bad_apple-_Gala_apple_showing_liquefying_rot_05.jpg	ce5bc3d8f3e8d9eb1230ec11747f6ce88e9f1193	2026-03-12T02:50:38Z	The Eloquent Peasant	CC BY 4.0	https://creativecommons.org/licenses/by/4.0	true	raw/0013_metadata_0040_a1.response	34aba443dd13aab2e20e7a4f717d2f07875b4c2df58562dd9ae9facb86e422ff
86042179	apple	File:Restos de una manzana en la arena de la playa.jpg	https://commons.wikimedia.org/wiki/File:Restos_de_una_manzana_en_la_arena_de_la_playa.jpg	4f56a4c97d0657565eb15689efaf15f29e2999b4	2020-01-18T13:05:09Z	Elduendesuarez	CC BY-SA 4.0	https://creativecommons.org/licenses/by-sa/4.0	true	raw/0013_metadata_0040_a1.response	34aba443dd13aab2e20e7a4f717d2f07875b4c2df58562dd9ae9facb86e422ff
187370672	apple	File:Manzanas, agricultura frutícola.jpg	https://commons.wikimedia.org/wiki/File:Manzanas,_agricultura_frut%C3%ADcola.jpg	0617ead86b7aa503a435857031380a8a59ea66bb	2026-03-29T09:19:51Z	Juan Emilio Prades Bel	CC BY-SA 4.0	https://creativecommons.org/licenses/by-sa/4.0	true	raw/0013_metadata_0040_a1.response	34aba443dd13aab2e20e7a4f717d2f07875b4c2df58562dd9ae9facb86e422ff
6595429	apple	File:Health benefits of apples.svg	https://commons.wikimedia.org/wiki/File:Health_benefits_of_apples.svg	720d583aac20b3a099a64ebf117473f5d0ecd2a8	2012-02-19T09:46:46Z	Mikael Häggström	Public domain		false	raw/0013_metadata_0040_a1.response	34aba443dd13aab2e20e7a4f717d2f07875b4c2df58562dd9ae9facb86e422ff
112672710	apple	File:HK SYP 西環 Sai Ying Pun 第二街 Second Street 裕新大廈 Yue Sun Mansion shop 大昌食品 DCM Food Deluxe November 2021 SS2 04.jpg	https://commons.wikimedia.org/wiki/File:HK_SYP_%E8%A5%BF%E7%92%B0_Sai_Ying_Pun_%E7%AC%AC%E4%BA%8C%E8%A1%97_Second_Street_%E8%A3%95%E6%96%B0%E5%A4%A7%E5%BB%88_Yue_Sun_Mansion_shop_%E5%A4%A7%E6%98%8C%E9%A3%9F%E5%93%81_DCM_Food_Deluxe_November_2021_SS2_04.jpg	99727e53d3677c297416089de82a1981fae1121b	2021-11-21T04:02:41Z	BAIMWICI GWOUX	CC BY-SA 4.0	https://creativecommons.org/licenses/by-sa/4.0	true	raw/0013_metadata_0040_a1.response	34aba443dd13aab2e20e7a4f717d2f07875b4c2df58562dd9ae9facb86e422ff
162975074	apple	File:Ябчанка.jpg	https://commons.wikimedia.org/wiki/File:%D0%AF%D0%B1%D1%87%D0%B0%D0%BD%D0%BA%D0%B0.jpg	98b51d82676c94c4cc90c9c202c9ad2c6aab7a4a	2025-03-30T10:59:44Z	Samurai2593	CC BY-SA 4.0	https://creativecommons.org/licenses/by-sa/4.0	true	raw/0013_metadata_0040_a1.response	34aba443dd13aab2e20e7a4f717d2f07875b4c2df58562dd9ae9facb86e422ff
138488100	apple	File:Синяківці. Доспівають яблука.jpg	https://commons.wikimedia.org/wiki/File:%D0%A1%D0%B8%D0%BD%D1%8F%D0%BA%D1%96%D0%B2%D1%86%D1%96._%D0%94%D0%BE%D1%81%D0%BF%D1%96%D0%B2%D0%B0%D1%8E%D1%82%D1%8C_%D1%8F%D0%B1%D0%BB%D1%83%D0%BA%D0%B0.jpg	f8cf94d00cc32a69c1fd8a15557306b8959ff8f4	2023-10-04T19:44:51Z	Oleg Melnuk	CC BY-SA 4.0	https://creativecommons.org/licenses/by-sa/4.0	true	raw/0013_metadata_0040_a1.response	34aba443dd13aab2e20e7a4f717d2f07875b4c2df58562dd9ae9facb86e422ff
41705522	apple	File:Apples after harvest in India.jpg	https://commons.wikimedia.org/wiki/File:Apples_after_harvest_in_India.jpg	c3fafbc2a4a867fd42cc3c93609003ac6b542daf	2015-07-20T03:54:31Z	Atudu	CC BY-SA 4.0	https://creativecommons.org/licenses/by-sa/4.0	true	raw/0014_metadata_0050_a1.response	b8395dcf88b41715caa8a532c6838fc7e13f8a38eb4f4ce9ff4add63e618f82b
166279779	apple	File:Fallobst Mörlenbach Naturschutzgebiet In der Erbach WDPA 318598.jpg	https://commons.wikimedia.org/wiki/File:Fallobst_M%C3%B6rlenbach_Naturschutzgebiet_In_der_Erbach_WDPA_318598.jpg	bd3df7790dae85c7520c480534132d211f0a4035	2025-05-29T13:06:33Z	IgorCalzone1	CC0	http://creativecommons.org/publicdomain/zero/1.0/deed.en	false	raw/0014_metadata_0050_a1.response	b8395dcf88b41715caa8a532c6838fc7e13f8a38eb4f4ce9ff4add63e618f82b
176808126	apple	File:Manzanas Golden.jpg	https://commons.wikimedia.org/wiki/File:Manzanas_Golden.jpg	86e42b4658082a8659aebedccb72008ad260d322	2025-10-16T13:30:47Z	Juan Emilio Prades Bel	CC BY 4.0	https://creativecommons.org/licenses/by/4.0	true	raw/0014_metadata_0050_a1.response	b8395dcf88b41715caa8a532c6838fc7e13f8a38eb4f4ce9ff4add63e618f82b
179211386	apple	File:Manzanas cocinadas al horno. Gastronomía de los pueblos de la Plana de L'Arc (Castellón).jpg	https://commons.wikimedia.org/wiki/File:Manzanas_cocinadas_al_horno._Gastronom%C3%ADa_de_los_pueblos_de_la_Plana_de_L%27Arc_(Castell%C3%B3n).jpg	e1794c6aa4afa871a28e4158efb1bde5423a4857	2025-11-30T19:30:54Z	Juan Emilio Prades Bel	CC BY 4.0	https://creativecommons.org/licenses/by/4.0	true	raw/0014_metadata_0050_a1.response	b8395dcf88b41715caa8a532c6838fc7e13f8a38eb4f4ce9ff4add63e618f82b
74097924	apple	File:Canada Building, Alaska Yukon Pacific Exposition, Seattle, 1909 (AYP 293).jpeg	https://commons.wikimedia.org/wiki/File:Canada_Building,_Alaska_Yukon_Pacific_Exposition,_Seattle,_1909_(AYP_293).jpeg	f47a178f67ab26b3851ffae807a842b4f1ac70c7	2018-11-03T16:46:24Z	Frank H. Nowell	Public domain		false	raw/0014_metadata_0050_a1.response	b8395dcf88b41715caa8a532c6838fc7e13f8a38eb4f4ce9ff4add63e618f82b
99129647	apple	File:Diseased apple.jpg	https://commons.wikimedia.org/wiki/File:Diseased_apple.jpg	659462ba3239a6243e86377ec827e3aef10e6c4a	2021-01-21T23:26:34Z	Bill Kasman	CC0	http://creativecommons.org/publicdomain/zero/1.0/deed.en	false	raw/0014_metadata_0050_a1.response	b8395dcf88b41715caa8a532c6838fc7e13f8a38eb4f4ce9ff4add63e618f82b
81242932	apple	File:Äpplen 001.jpg	https://commons.wikimedia.org/wiki/File:%C3%84pplen_001.jpg	e8e79b3860ee78b1f6cd2d931a9b8e4ec5fa041f	2019-08-11T16:39:57Z	Bernt Fransson	CC BY-SA 4.0	https://creativecommons.org/licenses/by-sa/4.0	true	raw/0014_metadata_0050_a1.response	b8395dcf88b41715caa8a532c6838fc7e13f8a38eb4f4ce9ff4add63e618f82b
3033777	apple	File:Cs-jablko.ogg	https://commons.wikimedia.org/wiki/File:Cs-jablko.ogg	65894f49b85a0576fc758a2cc2e49b864fcbe9c8	2007-11-06T19:05:19Z	Veronika Daňková, Vion Nicolas	CC BY 2.0 fr	https://creativecommons.org/licenses/by/2.0/fr/deed.en	true	raw/0014_metadata_0050_a1.response	b8395dcf88b41715caa8a532c6838fc7e13f8a38eb4f4ce9ff4add63e618f82b
542905	apple	File:Ramo di melo.jpg	https://commons.wikimedia.org/wiki/File:Ramo_di_melo.jpg	bc75b3c4a3afe4b8c508525db3999dbfe49cd71b	2006-01-29T15:42:18Z		CC BY-SA 2.5	https://creativecommons.org/licenses/by-sa/2.5	true	raw/0014_metadata_0050_a1.response	b8395dcf88b41715caa8a532c6838fc7e13f8a38eb4f4ce9ff4add63e618f82b
43605036	apple	File:Manzanita de Apple.jpg	https://commons.wikimedia.org/wiki/File:Manzanita_de_Apple.jpg	4fab200476b9595359aaedac3abce3ea7ec319a5	2015-09-24T18:43:57Z	Luis Gonzalo Molina	CC BY-SA 4.0	https://creativecommons.org/licenses/by-sa/4.0	true	raw/0014_metadata_0050_a1.response	b8395dcf88b41715caa8a532c6838fc7e13f8a38eb4f4ce9ff4add63e618f82b
118440986	apple	File:Alexanderwerk kitchen scale 1910-1920 sm.jpg	https://commons.wikimedia.org/wiki/File:Alexanderwerk_kitchen_scale_1910-1920_sm.jpg	37a83e41b42cd664665017d6f40b91631a7712ac	2022-05-29T14:44:25Z	Mariojan photo	CC BY-SA 4.0	https://creativecommons.org/licenses/by-sa/4.0	true	raw/0015_metadata_0060_a1.response	6db84dabeea2caf1aaae77760d0cb444287a659101a84bf3dd5729d13b40750f
44006615	apple	File:Manufacturing opportunities in the state of Washington (1918) (14596444947).jpg	https://commons.wikimedia.org/wiki/File:Manufacturing_opportunities_in_the_state_of_Washington_(1918)_(14596444947).jpg	e389c6cf6c3a2ce04472b5f6ac7d30b3aa2b1188	2015-10-07T04:02:04Z	Internet Archive Book Images	No restrictions	https://www.flickr.com/commons/usage/	false	raw/0015_metadata_0060_a1.response	6db84dabeea2caf1aaae77760d0cb444287a659101a84bf3dd5729d13b40750f
95108181	apple	File:Äppelmos (3893806090).jpg	https://commons.wikimedia.org/wiki/File:%C3%84ppelmos_(3893806090).jpg	dd42e835e1b16368b9936e5d8f3a9b8b04603440	2020-10-16T05:35:00Z	erik forsberg from Helsingborg, Sweden	CC BY 2.0	https://creativecommons.org/licenses/by/2.0	true	raw/0015_metadata_0060_a1.response	6db84dabeea2caf1aaae77760d0cb444287a659101a84bf3dd5729d13b40750f
23128708	apple	File:Manzana (Malus domestica), Múnich, Alemania, 2012-06-07, DD 01.jpg	https://commons.wikimedia.org/wiki/File:Manzana_(Malus_domestica),_M%C3%BAnich,_Alemania,_2012-06-07,_DD_01.jpg	8bf9b871156ffe7d36b6d2f9b9f892618f35af03	2012-12-10T23:54:59Z	Diego Delso	CC BY-SA 3.0	https://creativecommons.org/licenses/by-sa/3.0	true	raw/0015_metadata_0060_a1.response	6db84dabeea2caf1aaae77760d0cb444287a659101a84bf3dd5729d13b40750f
28093164	apple	File:Verschiedene Apfelsorten.jpg	https://commons.wikimedia.org/wiki/File:Verschiedene_Apfelsorten.jpg	d17524d5062fb4c815839ba68f33fdc0ba8bb316	2013-09-06T07:27:25Z	IOOI	CC BY-SA 2.0 de	https://creativecommons.org/licenses/by-sa/2.0/de/deed.en	true	raw/0015_metadata_0060_a1.response	6db84dabeea2caf1aaae77760d0cb444287a659101a84bf3dd5729d13b40750f
129781475	apple	File:IosipenkoOA Logo.png	https://commons.wikimedia.org/wiki/File:IosipenkoOA_Logo.png	e404c4c0ee867c945378c7ee04de4f2985ebbfde	2023-03-20T12:33:12Z	Olenula	CC BY-SA 4.0	https://creativecommons.org/licenses/by-sa/4.0	true	raw/0015_metadata_0060_a1.response	6db84dabeea2caf1aaae77760d0cb444287a659101a84bf3dd5729d13b40750f
75784126	apple	File:Apples 2.jpg	https://commons.wikimedia.org/wiki/File:Apples_2.jpg	bf2b3cfe286c10bb3e5c2c98acb90b43b17a4e19	2019-01-12T15:24:20Z	Gausanchennai	CC BY-SA 4.0	https://creativecommons.org/licenses/by-sa/4.0	true	raw/0015_metadata_0060_a1.response	6db84dabeea2caf1aaae77760d0cb444287a659101a84bf3dd5729d13b40750f
107641094	apple	File:Apel Lokal.jpg	https://commons.wikimedia.org/wiki/File:Apel_Lokal.jpg	8ab7a4f4d3099a1b587d13a9ae59464d1f885105	2021-07-17T23:29:50Z	Duduhsadarachmat	CC BY-SA 4.0	https://creativecommons.org/licenses/by-sa/4.0	true	raw/0015_metadata_0060_a1.response	6db84dabeea2caf1aaae77760d0cb444287a659101a84bf3dd5729d13b40750f
114334005	apple	File:Cutting apples to press for cider (abd933aa72dd4359a096306f81ee651a).JPG	https://commons.wikimedia.org/wiki/File:Cutting_apples_to_press_for_cider_(abd933aa72dd4359a096306f81ee651a).JPG	91b205ac3ae8627ed75eebe69429d3756a74f06a	2022-01-15T22:22:00Z	NPS Staff	Public domain		false	raw/0015_metadata_0060_a1.response	6db84dabeea2caf1aaae77760d0cb444287a659101a84bf3dd5729d13b40750f
2677659	apple	File:Lv-ābols.ogg	https://commons.wikimedia.org/wiki/File:Lv-%C4%81bols.ogg	79fcaa12f7ad708119fd2c04ea03d2ef58b47a35	2007-09-03T15:56:57Z	Xil	CC BY-SA 3.0	https://creativecommons.org/licenses/by-sa/3.0	true	raw/0015_metadata_0060_a1.response	6db84dabeea2caf1aaae77760d0cb444287a659101a84bf3dd5729d13b40750f
136178632	apple	File:You can see they're home-grown... (4019702676).jpg	https://commons.wikimedia.org/wiki/File:You_can_see_they%27re_home-grown..._(4019702676).jpg	9e36a0c68b2edee6ea59460648f55c9c3dc87cc5	2023-08-19T00:13:16Z	Andy / Andrew Fogg from near Cambridge, UK	CC BY 2.0	https://creativecommons.org/licenses/by/2.0	true	raw/0016_metadata_0070_a1.response	d3fc289cbc20976e918a50e6ac4c1ce5e0fa1d1a5730397bf218e0f73da9bc2a
189822856	apple	File:Shopping cart with a single apple on a wooden table indoors.jpg	https://commons.wikimedia.org/wiki/File:Shopping_cart_with_a_single_apple_on_a_wooden_table_indoors.jpg	2366a5ae51d9983be96f7150951139676a7719b8	2026-04-20T07:48:36Z	Shixart1985	CC BY 2.0	https://creativecommons.org/licenses/by/2.0	true	raw/0016_metadata_0070_a1.response	d3fc289cbc20976e918a50e6ac4c1ce5e0fa1d1a5730397bf218e0f73da9bc2a
195948378	apple	File:Writer enjoying coffee and apple while typing on vintage typewriter in cozy workspace.jpg	https://commons.wikimedia.org/wiki/File:Writer_enjoying_coffee_and_apple_while_typing_on_vintage_typewriter_in_cozy_workspace.jpg	4eb13e8a306897e1f9e247dd464fa59e67f82db1	2026-07-20T19:27:32Z	Shixart1985	CC BY 2.0	https://creativecommons.org/licenses/by/2.0	true	raw/0016_metadata_0070_a1.response	d3fc289cbc20976e918a50e6ac4c1ce5e0fa1d1a5730397bf218e0f73da9bc2a
142332695	apple	File:A for apple.jpg	https://commons.wikimedia.org/wiki/File:A_for_apple.jpg	85ace435ebd6f8510fb9288d7330a0f134492e05	2023-12-17T04:11:34Z	3df	CC BY-SA 4.0	https://creativecommons.org/licenses/by-sa/4.0	true	raw/0016_metadata_0070_a1.response	d3fc289cbc20976e918a50e6ac4c1ce5e0fa1d1a5730397bf218e0f73da9bc2a
152538873	apple	File:Rotten Apple 05.jpg	https://commons.wikimedia.org/wiki/File:Rotten_Apple_05.jpg	8a44ad89ddff1cc8f6f97e5a43b923122f232d34	2024-09-12T11:09:44Z	Shams948	CC0	http://creativecommons.org/publicdomain/zero/1.0/deed.en	false	raw/0016_metadata_0070_a1.response	d3fc289cbc20976e918a50e6ac4c1ce5e0fa1d1a5730397bf218e0f73da9bc2a
76433427	apple	File:Apple Tree3.jpg	https://commons.wikimedia.org/wiki/File:Apple_Tree3.jpg	b2e44157cf28bd70b1f0482bcdd8f1e0ec774208	2019-02-08T21:23:25Z	Satya Priya123	CC BY-SA 4.0	https://creativecommons.org/licenses/by-sa/4.0	true	raw/0016_metadata_0070_a1.response	d3fc289cbc20976e918a50e6ac4c1ce5e0fa1d1a5730397bf218e0f73da9bc2a
149529218	apple	File:Pörtschach Winklern 10.-Oktober-Straße 69 Jonagold Jungäpfel 17062024 1129.jpg	https://commons.wikimedia.org/wiki/File:P%C3%B6rtschach_Winklern_10.-Oktober-Stra%C3%9Fe_69_Jonagold_Jung%C3%A4pfel_17062024_1129.jpg	01f5e7a5c3ceff164a65da8e29132c984dae3e48	2024-06-19T13:17:07Z	Johann Jaritz	CC BY-SA 4.0	https://creativecommons.org/licenses/by-sa/4.0	true	raw/0016_metadata_0070_a1.response	d3fc289cbc20976e918a50e6ac4c1ce5e0fa1d1a5730397bf218e0f73da9bc2a
18188263	apple	File:Nordbaden Äpfel an Baum August 2011.JPG	https://commons.wikimedia.org/wiki/File:Nordbaden_%C3%84pfel_an_Baum_August_2011.JPG	88dd18ac9d66d63731ae4bb7ae46ea7ed789a0ce	2012-01-27T22:41:45Z	4028mdk09	CC BY-SA 3.0	https://creativecommons.org/licenses/by-sa/3.0	true	raw/0016_metadata_0070_a1.response	d3fc289cbc20976e918a50e6ac4c1ce5e0fa1d1a5730397bf218e0f73da9bc2a
172867355	apple	File:Apples to come - geograph.org.uk - 8073332.jpg	https://commons.wikimedia.org/wiki/File:Apples_to_come_-_geograph.org.uk_-_8073332.jpg	dc4f501888846e458368f20636a0b0e1c5866f17	2025-08-17T15:32:51Z	Anthony O'Neil	CC BY-SA 2.0	https://creativecommons.org/licenses/by-sa/2.0	true	raw/0016_metadata_0070_a1.response	d3fc289cbc20976e918a50e6ac4c1ce5e0fa1d1a5730397bf218e0f73da9bc2a
119840418	apple	File:Макс 23.jpg	https://commons.wikimedia.org/wiki/File:%D0%9C%D0%B0%D0%BA%D1%81_23.jpg	b2b5f143ca5708a15e23c62592788cee99aadcff	2022-06-28T06:01:00Z	Макс2022	CC BY-SA 4.0	https://creativecommons.org/licenses/by-sa/4.0	true	raw/0016_metadata_0070_a1.response	d3fc289cbc20976e918a50e6ac4c1ce5e0fa1d1a5730397bf218e0f73da9bc2a
39549748	apple	File:Pomes de girona.jpg	https://commons.wikimedia.org/wiki/File:Pomes_de_girona.jpg	b8ceba22b05116476c79c8c872c09ac4065f7e0d	2015-04-13T08:21:57Z	Consell Comarcal del Baix Empordà. Cuina de l'Emp	CC BY-SA 2.0	https://creativecommons.org/licenses/by-sa/2.0	true	raw/0017_metadata_0080_a1.response	f9f93a69de638c316682ebec2b3b81819000b5539886cb4c1d1d5a825987ab0c
159885465	apple	File:Heal thy life.jpg	https://commons.wikimedia.org/wiki/File:Heal_thy_life.jpg	c2e196671761396b71b6b5bfdb971c3bfaacad44	2025-02-16T23:14:10Z	Tn.kuvat	CC0	http://creativecommons.org/publicdomain/zero/1.0/deed.en	false	raw/0017_metadata_0080_a1.response	f9f93a69de638c316682ebec2b3b81819000b5539886cb4c1d1d5a825987ab0c
152538872	apple	File:Rotten Apple 04.jpg	https://commons.wikimedia.org/wiki/File:Rotten_Apple_04.jpg	ad52a266d38386f1a773d35adb4306e9924f5904	2024-09-12T11:09:43Z	Shams948	CC0	http://creativecommons.org/publicdomain/zero/1.0/deed.en	false	raw/0017_metadata_0080_a1.response	f9f93a69de638c316682ebec2b3b81819000b5539886cb4c1d1d5a825987ab0c
155198889	apple	File:Apple15112024.jpg	https://commons.wikimedia.org/wiki/File:Apple15112024.jpg	35095785d4df1162b955196f4ae5b1614c8a188c	2024-12-10T01:12:28Z	mali maeder	CC0	http://creativecommons.org/publicdomain/zero/1.0/deed.en	false	raw/0017_metadata_0080_a1.response	f9f93a69de638c316682ebec2b3b81819000b5539886cb4c1d1d5a825987ab0c
48384266	apple	File:I.ZONE Stores.jpg	https://commons.wikimedia.org/wiki/File:I.ZONE_Stores.jpg	9804413e71b14b6f3c2ec677dc356a87a515afd8	2016-04-26T14:15:04Z	Hamid.ali.anjum	CC BY-SA 4.0	https://creativecommons.org/licenses/by-sa/4.0	true	raw/0017_metadata_0080_a1.response	f9f93a69de638c316682ebec2b3b81819000b5539886cb4c1d1d5a825987ab0c
44102298	apple	File:The Columbia River (1918) (14803423413).jpg	https://commons.wikimedia.org/wiki/File:The_Columbia_River_(1918)_(14803423413).jpg	abc85d6148bb0debaa6e9c5bbf8f811496a32183	2015-10-10T12:26:49Z	Internet Archive Book Images	No restrictions	https://www.flickr.com/commons/usage/	false	raw/0017_metadata_0080_a1.response	f9f93a69de638c316682ebec2b3b81819000b5539886cb4c1d1d5a825987ab0c
177192038	apple	File:EverCrisp (cropped).jpg	https://commons.wikimedia.org/wiki/File:EverCrisp_(cropped).jpg	0c91019bde6d1e7d7ae4f75297b07cbae520952e	2025-10-22T03:57:00Z	AllTheUsernamesAreInUse	CC0	http://creativecommons.org/publicdomain/zero/1.0/deed.en	false	raw/0017_metadata_0080_a1.response	f9f93a69de638c316682ebec2b3b81819000b5539886cb4c1d1d5a825987ab0c
71342034	apple	File:Cycle Of Life (22312173).jpeg	https://commons.wikimedia.org/wiki/File:Cycle_Of_Life_(22312173).jpeg	ed3909d0472cc8de5c1441c2bca25e8baa8ebaf7	2018-08-04T15:57:34Z	Clément Schreiner	CC BY-SA 3.0	https://creativecommons.org/licenses/by-sa/3.0	true	raw/0017_metadata_0080_a1.response	f9f93a69de638c316682ebec2b3b81819000b5539886cb4c1d1d5a825987ab0c
115936432	apple	File:Card thrown at an apple.jpg	https://commons.wikimedia.org/wiki/File:Card_thrown_at_an_apple.jpg	6834872f228e30b7a13d702e885059eeae3ace04	2022-03-09T20:07:17Z	Felbify	CC BY 3.0	https://creativecommons.org/licenses/by/3.0	true	raw/0017_metadata_0080_a1.response	f9f93a69de638c316682ebec2b3b81819000b5539886cb4c1d1d5a825987ab0c
152815210	apple	"File:Mele siamesi di varietà ""Renetta del Canada"".jpg"	https://commons.wikimedia.org/wiki/File:Mele_siamesi_di_variet%C3%A0_%22Renetta_del_Canada%22.jpg	d55464a5d54d90eac9432cff94decad344decd1e	2024-09-18T13:30:46Z	Continigio	CC0	http://creativecommons.org/publicdomain/zero/1.0/deed.en	false	raw/0017_metadata_0080_a1.response	f9f93a69de638c316682ebec2b3b81819000b5539886cb4c1d1d5a825987ab0c
97404389	apple	File:Fresh Bio Apple (45180681715).jpg	https://commons.wikimedia.org/wiki/File:Fresh_Bio_Apple_(45180681715).jpg	8205628f46b3e68c36e3921d901e608d6dc9a5e5	2020-12-09T13:50:24Z	Markus Spiske from Forchheim, Bavaria Upper Franconia	CC0	http://creativecommons.org/publicdomain/zero/1.0/deed.en	false	raw/0018_metadata_0090_a1.response	06ac9ed059f01ab1220812883909471083ee501164c4452b22fcd65ad89087cd
164810081	apple	File:Pears and apples in the plate.jpg	https://commons.wikimedia.org/wiki/File:Pears_and_apples_in_the_plate.jpg	e418093abb13e7c3eae1cae6e64f094f2cdaae65	2025-05-06T09:48:21Z	Beko	CC BY 4.0	https://creativecommons.org/licenses/by/4.0	true	raw/0018_metadata_0090_a1.response	06ac9ed059f01ab1220812883909471083ee501164c4452b22fcd65ad89087cd
75534871	apple	File:Open crisper drawers.jpg	https://commons.wikimedia.org/wiki/File:Open_crisper_drawers.jpg	2c3cb32cf52013030bf00875387234fe0ceaa806	2019-01-03T00:32:33Z	Yoninah	CC BY-SA 4.0	https://creativecommons.org/licenses/by-sa/4.0	true	raw/0018_metadata_0090_a1.response	06ac9ed059f01ab1220812883909471083ee501164c4452b22fcd65ad89087cd
81281336	apple	File:Quartered apples on pastry dough to make apple dumplings.jpg	https://commons.wikimedia.org/wiki/File:Quartered_apples_on_pastry_dough_to_make_apple_dumplings.jpg	e0537f4250843321b08a6079294ba86f1c418065	2019-08-12T22:50:58Z	Valereee	CC BY-SA 4.0	https://creativecommons.org/licenses/by-sa/4.0	true	raw/0018_metadata_0090_a1.response	06ac9ed059f01ab1220812883909471083ee501164c4452b22fcd65ad89087cd
124132179	apple	File:Donnerstag 13. Oktober 2022 (1).JPG	https://commons.wikimedia.org/wiki/File:Donnerstag_13._Oktober_2022_(1).JPG	63ba18360d36261d3ee09c2c80b6da3d6efcc8a1	2022-10-13T08:20:24Z	Wald-Burger8	CC BY-SA 4.0	https://creativecommons.org/licenses/by-sa/4.0	true	raw/0018_metadata_0090_a1.response	06ac9ed059f01ab1220812883909471083ee501164c4452b22fcd65ad89087cd
128118838	apple	File:Pommes sur le sol 10.jpg	https://commons.wikimedia.org/wiki/File:Pommes_sur_le_sol_10.jpg	c56267f464fdb19f006e017379b6e026aca51da8	2023-01-26T10:07:16Z	René Hourdry	CC BY-SA 4.0	https://creativecommons.org/licenses/by-sa/4.0	true	raw/0018_metadata_0090_a1.response	06ac9ed059f01ab1220812883909471083ee501164c4452b22fcd65ad89087cd
104636014	apple	File:Starr-210116-8969-Malus pumila-assorted fall varieties Anna Granny Smith and King David with neneleau sumac leaf turning colors and pear-Hawea Pl Olinda-Maui (51088937286).jpg	https://commons.wikimedia.org/wiki/File:Starr-210116-8969-Malus_pumila-assorted_fall_varieties_Anna_Granny_Smith_and_King_David_with_neneleau_sumac_leaf_turning_colors_and_pear-Hawea_Pl_Olinda-Maui_(51088937286).jpg	df5a67d5ec4c49081e4a44cb167200a74c72a0b4	2021-04-29T21:03:28Z	Forest and Kim Starr	CC BY 2.0	https://creativecommons.org/licenses/by/2.0	true	raw/0018_metadata_0090_a1.response	06ac9ed059f01ab1220812883909471083ee501164c4452b22fcd65ad89087cd
19796829	apple	File:Moštárna Hostětín.jpg	https://commons.wikimedia.org/wiki/File:Mo%C5%A1t%C3%A1rna_Host%C4%9Bt%C3%ADn.jpg	0203d63f996f1b4d3e47a536164600d515730ede	2012-06-07T03:57:49Z	Michal Stránský	CC BY 2.5	https://creativecommons.org/licenses/by/2.5	true	raw/0018_metadata_0090_a1.response	06ac9ed059f01ab1220812883909471083ee501164c4452b22fcd65ad89087cd
117300654	apple	File:Gabinio.Mele Sull'albero 107B90.jpg	https://commons.wikimedia.org/wiki/File:Gabinio.Mele_Sull%27albero_107B90.jpg	00271f3175a24b6a205dffc00be3278904a1ea62	2022-04-24T22:54:48Z	Mario Gabinio	CC BY 3.0 it	https://creativecommons.org/licenses/by/3.0/it/deed.en	true	raw/0018_metadata_0090_a1.response	06ac9ed059f01ab1220812883909471083ee501164c4452b22fcd65ad89087cd
26764761	apple	File:Køb Bananerne (5877231972).jpg	https://commons.wikimedia.org/wiki/File:K%C3%B8b_Bananerne_(5877231972).jpg	386e5863d7ecea08a76ab8c07720a36281cd9d6a	2013-06-20T01:16:42Z	The Royal Library, Denmark	No restrictions	https://www.flickr.com/commons/usage/	false	raw/0018_metadata_0090_a1.response	06ac9ed059f01ab1220812883909471083ee501164c4452b22fcd65ad89087cd
86104522	apple	File:Bowl of apples.jpg	https://commons.wikimedia.org/wiki/File:Bowl_of_apples.jpg	caf48e6b8d5ab13bdc6c24628322171ec8207d9a	2020-01-19T23:54:07Z	Naybear	CC BY-SA 4.0	https://creativecommons.org/licenses/by-sa/4.0	true	raw/0020_metadata_0100_a2.response	105a7e4128183842720575e2e684053b903766875dd858d5bbba42e80e0fdcb1
118390570	apple	File:Moniliosis Монилиоз 7465.jpg	https://commons.wikimedia.org/wiki/File:Moniliosis_%D0%9C%D0%BE%D0%BD%D0%B8%D0%BB%D0%B8%D0%BE%D0%B7_7465.jpg	a6c5a4ec736395a170ed83773e66b180f0b6bc76	2022-05-27T18:50:52Z	AlixSaz	CC BY 4.0	https://creativecommons.org/licenses/by/4.0	true	raw/0020_metadata_0100_a2.response	105a7e4128183842720575e2e684053b903766875dd858d5bbba42e80e0fdcb1
85689890	apple	File:Խնձորենի.jpg	https://commons.wikimedia.org/wiki/File:%D4%BD%D5%B6%D5%B1%D5%B8%D6%80%D5%A5%D5%B6%D5%AB.jpg	bcff386ff9c18f64d82ba5a4629bd0544ff7c083	2020-01-07T11:28:16Z	Qris789	CC BY-SA 4.0	https://creativecommons.org/licenses/by-sa/4.0	true	raw/0020_metadata_0100_a2.response	105a7e4128183842720575e2e684053b903766875dd858d5bbba42e80e0fdcb1
98125521	apple	File:Asturias 1979 07.jpg	https://commons.wikimedia.org/wiki/File:Asturias_1979_07.jpg	f7a240a882b265690df067a41d55cdd5ec10ea91	2020-12-27T12:46:37Z	LBM1948	CC BY-SA 4.0	https://creativecommons.org/licenses/by-sa/4.0	true	raw/0020_metadata_0100_a2.response	105a7e4128183842720575e2e684053b903766875dd858d5bbba42e80e0fdcb1
141462457	apple	File:Apple, En Explore 16, noviembre de 2023 - Flickr - candi....jpg	https://commons.wikimedia.org/wiki/File:Apple,_En_Explore_16,_noviembre_de_2023_-_Flickr_-_candi....jpg	4cca36d4fa03ff97247f769f1e49ca4f996647ce	2023-11-27T02:17:16Z	candi... from Sabadell, España	CC BY 2.0	https://creativecommons.org/licenses/by/2.0	true	raw/0020_metadata_0100_a2.response	105a7e4128183842720575e2e684053b903766875dd858d5bbba42e80e0fdcb1
131402909	apple	File:Apples whole and in different stages of eating.jpg	https://commons.wikimedia.org/wiki/File:Apples_whole_and_in_different_stages_of_eating.jpg	d74dd1d209e19eb8a8f09c28352f1a2e00a117a7	2023-05-01T18:01:15Z	OtuNwachinemere	CC BY-SA 4.0	https://creativecommons.org/licenses/by-sa/4.0	true	raw/0020_metadata_0100_a2.response	105a7e4128183842720575e2e684053b903766875dd858d5bbba42e80e0fdcb1
104635978	apple	File:Starr-210116-8966-Malus pumila-assorted fall varieties Anna Granny Smith and King David with neneleau sumac leaf turning colors and pear-Hawea Pl Olinda-Maui (51089480278).jpg	https://commons.wikimedia.org/wiki/File:Starr-210116-8966-Malus_pumila-assorted_fall_varieties_Anna_Granny_Smith_and_King_David_with_neneleau_sumac_leaf_turning_colors_and_pear-Hawea_Pl_Olinda-Maui_(51089480278).jpg	381629a5aba24d9c13f775bb5fd69dd38768c07c	2021-04-29T21:02:57Z	Forest and Kim Starr	CC BY 2.0	https://creativecommons.org/licenses/by/2.0	true	raw/0020_metadata_0100_a2.response	105a7e4128183842720575e2e684053b903766875dd858d5bbba42e80e0fdcb1
146824943	apple	File:Harvesting (JOKAMT2Pu23-4).tif	https://commons.wikimedia.org/wiki/File:Harvesting_(JOKAMT2Pu23-4).tif	0db6705c3eb555679ba9e581aed1294960a39355	2024-03-27T17:01:01Z	Erkki Voutilainen	CC BY 4.0	https://creativecommons.org/licenses/by/4.0	true	raw/0020_metadata_0100_a2.response	105a7e4128183842720575e2e684053b903766875dd858d5bbba42e80e0fdcb1
162975065	apple	File:Солодка каша Зозуля.jpg	https://commons.wikimedia.org/wiki/File:%D0%A1%D0%BE%D0%BB%D0%BE%D0%B4%D0%BA%D0%B0_%D0%BA%D0%B0%D1%88%D0%B0_%D0%97%D0%BE%D0%B7%D1%83%D0%BB%D1%8F.jpg	99a3d499cd84633c5e762642c20c08c92eb5f584	2025-03-30T10:59:39Z	Samurai2593	CC BY-SA 4.0	https://creativecommons.org/licenses/by-sa/4.0	true	raw/0020_metadata_0100_a2.response	105a7e4128183842720575e2e684053b903766875dd858d5bbba42e80e0fdcb1
113045611	apple	File:Apples n oranges2 (40986653305).jpg	https://commons.wikimedia.org/wiki/File:Apples_n_oranges2_(40986653305).jpg	a24467c5d05507e11c166fb6b583d7796f3837f8	2021-12-04T07:56:08Z	Richard Royle	CC BY 2.0	https://creativecommons.org/licenses/by/2.0	true	raw/0020_metadata_0100_a2.response	105a7e4128183842720575e2e684053b903766875dd858d5bbba42e80e0fdcb1
150672529	apple	File:تفاج إنتاج جزائري.jpg	https://commons.wikimedia.org/wiki/File:%D8%AA%D9%81%D8%A7%D8%AC_%D8%A5%D9%86%D8%AA%D8%A7%D8%AC_%D8%AC%D8%B2%D8%A7%D8%A6%D8%B1%D9%8A.jpg	e4bfb1f57b1a4b5866f53b11871d9421e392db85	2024-07-23T12:10:12Z	Ramdani mourad	CC0	http://creativecommons.org/publicdomain/zero/1.0/deed.en	false	raw/0021_metadata_0110_a1.response	3437a19ef2ad3eccb0c4c9e054df5cd5fbe72f900151d43bd7e16b252d640045
163223254	apple	File:Bananes exposés dans un marché à Yamoussoukro 11.jpg	https://commons.wikimedia.org/wiki/File:Bananes_expos%C3%A9s_dans_un_march%C3%A9_%C3%A0_Yamoussoukro_11.jpg	ab87680b37d3024108cfe45b7bbb43e2bf1e77a1	2025-04-05T23:22:53Z	BorisAhonon	CC BY-SA 4.0	https://creativecommons.org/licenses/by-sa/4.0	true	raw/0021_metadata_0110_a1.response	3437a19ef2ad3eccb0c4c9e054df5cd5fbe72f900151d43bd7e16b252d640045
18126989	apple	File:Letzte Äpfel November 2011.JPG	https://commons.wikimedia.org/wiki/File:Letzte_%C3%84pfel_November_2011.JPG	03b3201cc027cefe06d77ba0053ac7800eeb6b48	2012-01-22T07:51:53Z	4028mdk09	CC BY-SA 3.0	https://creativecommons.org/licenses/by-sa/3.0	true	raw/0021_metadata_0110_a1.response	3437a19ef2ad3eccb0c4c9e054df5cd5fbe72f900151d43bd7e16b252d640045
104635972	apple	File:Starr-210116-8964-Malus pumila-assorted fall varieties Anna Granny Smith and King David with neneleau sumac leaf turning colors and pear-Hawea Pl Olinda-Maui (51089480088).jpg	https://commons.wikimedia.org/wiki/File:Starr-210116-8964-Malus_pumila-assorted_fall_varieties_Anna_Granny_Smith_and_King_David_with_neneleau_sumac_leaf_turning_colors_and_pear-Hawea_Pl_Olinda-Maui_(51089480088).jpg	a2a0225485bcb0eac6c13d5c40e114aba473a8ce	2021-04-29T21:02:44Z	Forest and Kim Starr	CC BY 2.0	https://creativecommons.org/licenses/by/2.0	true	raw/0021_metadata_0110_a1.response	3437a19ef2ad3eccb0c4c9e054df5cd5fbe72f900151d43bd7e16b252d640045
182108802	apple	File:Fruta de un manzano.jpg	https://commons.wikimedia.org/wiki/File:Fruta_de_un_manzano.jpg	0f7ca29cc451946f7d04d3ce1d3b9ff0e7719093	2026-01-20T05:18:36Z	Alixpector	CC BY-SA 4.0	https://creativecommons.org/licenses/by-sa/4.0	true	raw/0021_metadata_0110_a1.response	3437a19ef2ad3eccb0c4c9e054df5cd5fbe72f900151d43bd7e16b252d640045
36357978	apple	File:WISŁA, AB. 158.JPG	https://commons.wikimedia.org/wiki/File:WIS%C5%81A,_AB._158.JPG	bf85bf2b740e6c08ea0c8439d0a4c1a2b41e8df6	2014-10-24T11:13:53Z	Antekbojar	CC BY-SA 4.0	https://creativecommons.org/licenses/by-sa/4.0	true	raw/0021_metadata_0110_a1.response	3437a19ef2ad3eccb0c4c9e054df5cd5fbe72f900151d43bd7e16b252d640045
7570965	apple	File:Malus domestica unriped fruit.jpg	https://commons.wikimedia.org/wiki/File:Malus_domestica_unriped_fruit.jpg	4a1590db5a2bdbd78a0bdb353d0c6495a59f661f	2009-08-15T22:41:25Z	Dinnye	CC BY-SA 3.0	https://creativecommons.org/licenses/by-sa/3.0	true	raw/0021_metadata_0110_a1.response	3437a19ef2ad3eccb0c4c9e054df5cd5fbe72f900151d43bd7e16b252d640045
119900183	apple	File:Ice apple.jpg	https://commons.wikimedia.org/wiki/File:Ice_apple.jpg	cc4a4cf2792402649d0f1c01a2fa0effe6951392	2022-06-29T15:51:00Z	Priyamurugesan2306	CC BY-SA 4.0	https://creativecommons.org/licenses/by-sa/4.0	true	raw/0021_metadata_0110_a1.response	3437a19ef2ad3eccb0c4c9e054df5cd5fbe72f900151d43bd7e16b252d640045
123160361	apple	File:Montag 19. September 2022 (1).JPG	https://commons.wikimedia.org/wiki/File:Montag_19._September_2022_(1).JPG	0c169839a064a6f4f0b3a1455d717cce9bc01bc8	2022-09-19T16:19:41Z	Wald-Burger8	CC BY-SA 4.0	https://creativecommons.org/licenses/by-sa/4.0	true	raw/0021_metadata_0110_a1.response	3437a19ef2ad3eccb0c4c9e054df5cd5fbe72f900151d43bd7e16b252d640045
151766588	apple	File:Malus domestica 'Huvitus' 2024.jpg	https://commons.wikimedia.org/wiki/File:Malus_domestica_%27Huvitus%27_2024.jpg	c00655b6b21cc970c5711cb140a128bdb0f9a239	2024-08-24T14:35:44Z	Anna turnajaisissa	CC BY 4.0	https://creativecommons.org/licenses/by/4.0	true	raw/0021_metadata_0110_a1.response	3437a19ef2ad3eccb0c4c9e054df5cd5fbe72f900151d43bd7e16b252d640045
196191102	apple	File:Man peels an apple with a knife while sitting at a table with a typewriter and a cup of coffee in a vintage setting.jpg	https://commons.wikimedia.org/wiki/File:Man_peels_an_apple_with_a_knife_while_sitting_at_a_table_with_a_typewriter_and_a_cup_of_coffee_in_a_vintage_setting.jpg	bcab2045df9196a1ddff14f85c8e1e4a07162cc2	2026-07-25T15:33:27Z	Shixart1985	CC BY 2.0	https://creativecommons.org/licenses/by/2.0	true	raw/0022_metadata_0120_a1.response	c8e24d71325a5a23cda5ebc5ab949a071c2203525c624d4ca0b06f000e7fe1bb
40463035	apple	File:Emmentaler Stillleben.JPG	https://commons.wikimedia.org/wiki/File:Emmentaler_Stillleben.JPG	95f3e9a1ee9e9fefd591d5c8ef74c11c388ff649	2015-05-26T09:10:11Z	Feel free to use my photos, but please mention me as the author and if you want send me a message. or (rufre@lenz-nenning.at)	CC BY-SA 3.0 at	https://creativecommons.org/licenses/by-sa/3.0/at/deed.en	true	raw/0022_metadata_0120_a1.response	c8e24d71325a5a23cda5ebc5ab949a071c2203525c624d4ca0b06f000e7fe1bb
175850921	apple	File:Apple and wisdom.jpg	https://commons.wikimedia.org/wiki/File:Apple_and_wisdom.jpg	7362488700aee7043779be85e3415d93deeb0006	2025-09-30T12:54:09Z	Vavaly	CC BY 4.0	https://creativecommons.org/licenses/by/4.0	true	raw/0022_metadata_0120_a1.response	c8e24d71325a5a23cda5ebc5ab949a071c2203525c624d4ca0b06f000e7fe1bb
2362889	apple	File:Ru-яблоко.ogg	https://commons.wikimedia.org/wiki/File:Ru-%D1%8F%D0%B1%D0%BB%D0%BE%D0%BA%D0%BE.ogg	93f1f2ba965d2c33de8738425f7acaaabaf9565f	2007-07-07T13:51:18Z		CC BY 2.0 fr	https://creativecommons.org/licenses/by/2.0/fr/deed.en	true	raw/0022_metadata_0120_a1.response	c8e24d71325a5a23cda5ebc5ab949a071c2203525c624d4ca0b06f000e7fe1bb
71288453	apple	File:Alguien Se Adelantó (12148435).jpeg	https://commons.wikimedia.org/wiki/File:Alguien_Se_Adelant%C3%B3_(12148435).jpeg	ec79e2291bf4509c73f7c5cb84cc13093b93afda	2018-08-02T23:10:43Z	Samuel Romero	CC BY 3.0	https://creativecommons.org/licenses/by/3.0	true	raw/0022_metadata_0120_a1.response	c8e24d71325a5a23cda5ebc5ab949a071c2203525c624d4ca0b06f000e7fe1bb
197019712	apple	File:Three apples, red and green, rest near an open book on a wooden table.jpg	https://commons.wikimedia.org/wiki/File:Three_apples,_red_and_green,_rest_near_an_open_book_on_a_wooden_table.jpg	84c4e7777793c7a163e1f04ca28bf9cd6a139bef	2026-08-08T09:24:02Z	Shixart1985	CC BY 2.0	https://creativecommons.org/licenses/by/2.0	true	raw/0022_metadata_0120_a1.response	c8e24d71325a5a23cda5ebc5ab949a071c2203525c624d4ca0b06f000e7fe1bb
31128724	apple	File:Decay apple.jpg	https://commons.wikimedia.org/wiki/File:Decay_apple.jpg	2766669d91e6f04c4f27167b218c3ddbaab81538	2014-02-12T09:53:24Z	GeorgeMel	CC BY-SA 3.0	https://creativecommons.org/licenses/by-sa/3.0	true	raw/0022_metadata_0120_a1.response	c8e24d71325a5a23cda5ebc5ab949a071c2203525c624d4ca0b06f000e7fe1bb
11115731	apple	File:Reifende Äpfel.JPG	https://commons.wikimedia.org/wiki/File:Reifende_%C3%84pfel.JPG	40a0bc51bd145a38e3204b36ab4f8b75eae4d1e0	2010-08-07T20:01:40Z	4028mdk09	CC BY-SA 3.0	https://creativecommons.org/licenses/by-sa/3.0	true	raw/0022_metadata_0120_a1.response	c8e24d71325a5a23cda5ebc5ab949a071c2203525c624d4ca0b06f000e7fe1bb
6006209	apple	File:Owoce Jabłko.jpg	https://commons.wikimedia.org/wiki/File:Owoce_Jab%C5%82ko.jpg	52776aa5166763461422312871e8b6786c991ddf	2009-02-21T13:33:12Z	Agnieszka Kwiecień, Nova	CC BY-SA 3.0	https://creativecommons.org/licenses/by-sa/3.0	true	raw/0022_metadata_0120_a1.response	c8e24d71325a5a23cda5ebc5ab949a071c2203525c624d4ca0b06f000e7fe1bb
91773990	apple	File:Gala Apples - Flickr - The Marmot.jpg	https://commons.wikimedia.org/wiki/File:Gala_Apples_-_Flickr_-_The_Marmot.jpg	7fdeaa8523fcf2b955bf0a96c63e9e07a9a6c8c1	2020-07-01T07:45:52Z	The Marmot	CC BY 2.0	https://creativecommons.org/licenses/by/2.0	true	raw/0022_metadata_0120_a1.response	c8e24d71325a5a23cda5ebc5ab949a071c2203525c624d4ca0b06f000e7fe1bb
145763777	apple	File:Táo Tam Thuấn.jpg	https://commons.wikimedia.org/wiki/File:T%C3%A1o_Tam_Thu%E1%BA%A5n.jpg	7d2697379048061a5f5ecfa899675bab94578e77	2024-02-24T09:56:12Z	Nt5974	CC0	http://creativecommons.org/publicdomain/zero/1.0/deed.en	false	raw/0023_metadata_0130_a1.response	55618ff46df6f10e11ee1a60b6502f24dc6c8a7f0d568c4b1596ee916b42fa23
152538868	apple	File:Rotten Apple 02.jpg	https://commons.wikimedia.org/wiki/File:Rotten_Apple_02.jpg	6e41d5cddab31d8efda54824030cd5a763ab429f	2024-09-12T11:09:40Z	Shams948	CC0	http://creativecommons.org/publicdomain/zero/1.0/deed.en	false	raw/0023_metadata_0130_a1.response	55618ff46df6f10e11ee1a60b6502f24dc6c8a7f0d568c4b1596ee916b42fa23
104635928	apple	File:Starr-210107-8958-Malus pumila-Nittany fruit-Hawea Pl Olinda-Maui (50860414531).jpg	https://commons.wikimedia.org/wiki/File:Starr-210107-8958-Malus_pumila-Nittany_fruit-Hawea_Pl_Olinda-Maui_(50860414531).jpg	741e76e39db669f2b107787fa86bebf70cd0caf8	2021-04-29T21:01:50Z	Forest and Kim Starr	CC BY 2.0	https://creativecommons.org/licenses/by/2.0	true	raw/0023_metadata_0130_a1.response	55618ff46df6f10e11ee1a60b6502f24dc6c8a7f0d568c4b1596ee916b42fa23
150093648	apple	File:Kuzaki olma.jpg	https://commons.wikimedia.org/wiki/File:Kuzaki_olma.jpg	40b6373f2b85bfb28b68b689e9e1d1eb361f1d21	2024-07-07T10:39:38Z	Usmonov Gayrat	CC0	http://creativecommons.org/publicdomain/zero/1.0/deed.en	false	raw/0023_metadata_0130_a1.response	55618ff46df6f10e11ee1a60b6502f24dc6c8a7f0d568c4b1596ee916b42fa23
89234846	apple	File:Dixap reclame speldje.JPG	https://commons.wikimedia.org/wiki/File:Dixap_reclame_speldje.JPG	c8c289c4a060e1103fdecfd9c2d1d870eaefd405	2020-04-18T14:36:37Z	Alf van Beem	Public domain		false	raw/0023_metadata_0130_a1.response	55618ff46df6f10e11ee1a60b6502f24dc6c8a7f0d568c4b1596ee916b42fa23
123006712	apple	File:RHS Garden Bridgewater 2022 037.jpg	https://commons.wikimedia.org/wiki/File:RHS_Garden_Bridgewater_2022_037.jpg	2a6584a2959b82eedaaf2e35e760609cb2250d0c	2022-09-14T19:03:40Z	Photograph by Mike Peel (www.mikepeel.net).	CC BY-SA 4.0	https://creativecommons.org/licenses/by-sa/4.0	true	raw/0023_metadata_0130_a1.response	55618ff46df6f10e11ee1a60b6502f24dc6c8a7f0d568c4b1596ee916b42fa23
32385885	apple	File:D.I.Y. High Cross (8650532617).jpg	https://commons.wikimedia.org/wiki/File:D.I.Y._High_Cross_(8650532617).jpg	943995b8b33017f687153ea4f2e94e1e290fcc0a	2014-04-25T16:46:56Z	National Library of Ireland on The Commons	No restrictions	https://www.flickr.com/commons/usage/	false	raw/0023_metadata_0130_a1.response	55618ff46df6f10e11ee1a60b6502f24dc6c8a7f0d568c4b1596ee916b42fa23
3431815	apple	File:Fruit (2).JPG	https://commons.wikimedia.org/wiki/File:Fruit_(2).JPG	110911d2df265c4db2ca7894811471106f832604	2008-01-21T15:43:38Z	Alina Zienowicz Ala z	CC BY-SA 3.0	http://creativecommons.org/licenses/by-sa/3.0/	true	raw/0023_metadata_0130_a1.response	55618ff46df6f10e11ee1a60b6502f24dc6c8a7f0d568c4b1596ee916b42fa23
125161533	apple	File:Small red apple.jpg	https://commons.wikimedia.org/wiki/File:Small_red_apple.jpg	303459ddc88aa4a4aba932ceea0b8c9d426dfec6	2022-11-08T15:34:05Z	Zenyrgarden	CC BY-SA 4.0	https://creativecommons.org/licenses/by-sa/4.0	true	raw/0023_metadata_0130_a1.response	55618ff46df6f10e11ee1a60b6502f24dc6c8a7f0d568c4b1596ee916b42fa23
89009899	apple	File:Insektenatlas 2020- MENSCH STATT BIENE Pestizideinsatz und Bestäubung von Apfelbäumen von Hand in drei Dörfern im Bergland von Sichuan, China.jpg	https://commons.wikimedia.org/wiki/File:Insektenatlas_2020-_MENSCH_STATT_BIENE_Pestizideinsatz_und_Best%C3%A4ubung_von_Apfelb%C3%A4umen_von_Hand_in_drei_D%C3%B6rfern_im_Bergland_von_Sichuan,_China.jpg	b42a7d84870f3e7d22653097d05d75b808260a60	2020-04-09T13:08:43Z	boellstiftung	CC BY-SA 2.0	https://creativecommons.org/licenses/by-sa/2.0	true	raw/0023_metadata_0130_a1.response	55618ff46df6f10e11ee1a60b6502f24dc6c8a7f0d568c4b1596ee916b42fa23
196789482	apple	File:Water splashes onto apples in a red bowl under trees during a sunny day.jpg	https://commons.wikimedia.org/wiki/File:Water_splashes_onto_apples_in_a_red_bowl_under_trees_during_a_sunny_day.jpg	3715a2e60b48fd1cc666ffb17ed8246b9201c846	2026-08-04T11:38:46Z	Shixart1985	CC BY 2.0	https://creativecommons.org/licenses/by/2.0	true	raw/0024_metadata_0140_a1.response	c676a40a725237ec074cdb9acb0b67537742b93ba55a18eab95e63fb0ad207db
187208280	apple	File:Eden vs Macspur 24 hrs after cutting.jpg	https://commons.wikimedia.org/wiki/File:Eden_vs_Macspur_24_hrs_after_cutting.jpg	b1aa127f6ec7725cc67d107c3ed33c11698072f7	2026-03-27T13:34:06Z	Shahrohkhanizadeh	CC BY-SA 4.0	https://creativecommons.org/licenses/by-sa/4.0	true	raw/0024_metadata_0140_a1.response	c676a40a725237ec074cdb9acb0b67537742b93ba55a18eab95e63fb0ad207db
2031911	apple	File:Apfel 02.jpg	https://commons.wikimedia.org/wiki/File:Apfel_02.jpg	70e21d30a02e2845a3e458fdc8314cf779687f2b	2007-04-30T15:46:58Z	janine pohl	CC BY-SA 2.5	https://creativecommons.org/licenses/by-sa/2.5	true	raw/0024_metadata_0140_a1.response	c676a40a725237ec074cdb9acb0b67537742b93ba55a18eab95e63fb0ad207db
92253606	apple	File:Lo malo de ser original - Flickr - Ignacio Sanz.jpg	https://commons.wikimedia.org/wiki/File:Lo_malo_de_ser_original_-_Flickr_-_Ignacio_Sanz.jpg	f4a52d5f1a629da9712512a966b0684161d9b69f	2020-07-15T01:22:33Z	Ignacio Sanz	CC BY-SA 2.0	https://creativecommons.org/licenses/by-sa/2.0	true	raw/0024_metadata_0140_a1.response	c676a40a725237ec074cdb9acb0b67537742b93ba55a18eab95e63fb0ad207db
49730894	apple	File:Jubbal hills.jpg	https://commons.wikimedia.org/wiki/File:Jubbal_hills.jpg	208b1930afa46a9525ad31dd7302a2bbda3dc151	2016-06-26T15:05:26Z	Abhay tanta	CC BY 4.0	https://creativecommons.org/licenses/by/4.0	true	raw/0024_metadata_0140_a1.response	c676a40a725237ec074cdb9acb0b67537742b93ba55a18eab95e63fb0ad207db
84533759	apple	File:Hanbury Hall 2019 038.jpg	https://commons.wikimedia.org/wiki/File:Hanbury_Hall_2019_038.jpg	d7d610e4308e3f018f77c41bf3b1963ff2937e5a	2019-12-01T21:39:26Z	Photograph by Mike Peel (www.mikepeel.net).	CC BY-SA 4.0	https://creativecommons.org/licenses/by-sa/4.0	true	raw/0024_metadata_0140_a1.response	c676a40a725237ec074cdb9acb0b67537742b93ba55a18eab95e63fb0ad207db
154099132	apple	File:Charaxes jasius IR.jpg	https://commons.wikimedia.org/wiki/File:Charaxes_jasius_IR.jpg	59a2da32512e6f5d592e01b3f8cb1b149471bb9d	2024-10-20T12:58:05Z	Rajsp23	CC BY 4.0	https://creativecommons.org/licenses/by/4.0	true	raw/0024_metadata_0140_a1.response	c676a40a725237ec074cdb9acb0b67537742b93ba55a18eab95e63fb0ad207db
71349117	apple	File:A (232364285).jpeg	https://commons.wikimedia.org/wiki/File:A_(232364285).jpeg	5cb48897e80fc7215e4cdfcc19dc2d165cf61e8d	2018-08-04T20:23:44Z	Laís Guerra	CC0	http://creativecommons.org/publicdomain/zero/1.0/deed.en	false	raw/0024_metadata_0140_a1.response	c676a40a725237ec074cdb9acb0b67537742b93ba55a18eab95e63fb0ad207db
85874940	apple	File:Gate Apples Rosemoor.jpg	https://commons.wikimedia.org/wiki/File:Gate_Apples_Rosemoor.jpg	5eaec098ab90151557d91bb83f1edbfb8d5e1e32	2020-01-13T19:04:58Z	Kmtextor	CC BY-SA 4.0	https://creativecommons.org/licenses/by-sa/4.0	true	raw/0024_metadata_0140_a1.response	c676a40a725237ec074cdb9acb0b67537742b93ba55a18eab95e63fb0ad207db
86021379	apple	File:Rotten apple under the tree.jpg	https://commons.wikimedia.org/wiki/File:Rotten_apple_under_the_tree.jpg	357954be6a664e2db7863c4a8c1910be56d4a133	2020-01-18T00:58:17Z	Sally V	CC BY-SA 4.0	https://creativecommons.org/licenses/by-sa/4.0	true	raw/0024_metadata_0140_a1.response	c676a40a725237ec074cdb9acb0b67537742b93ba55a18eab95e63fb0ad207db
104635976	apple	File:Starr-210116-8965-Malus pumila-assorted fall varieties Anna Granny Smith and King David with neneleau sumac leaf turning colors and pear-Hawea Pl Olinda-Maui (51089008509).jpg	https://commons.wikimedia.org/wiki/File:Starr-210116-8965-Malus_pumila-assorted_fall_varieties_Anna_Granny_Smith_and_King_David_with_neneleau_sumac_leaf_turning_colors_and_pear-Hawea_Pl_Olinda-Maui_(51089008509).jpg	4efce0bea164f26dddc5ddb685a0d5cf08ed464c	2021-04-29T21:02:51Z	Forest and Kim Starr	CC BY 2.0	https://creativecommons.org/licenses/by/2.0	true	raw/0025_metadata_0150_a1.response	17ec3c0153126767fe97a333f52045ad58171d601f7ffdff254a90dc28fb1685
128563699	apple	File:Jaren 70 – 2007-118-046 (26007223535).jpg	https://commons.wikimedia.org/wiki/File:Jaren_70_%E2%80%93_2007-118-046_(26007223535).jpg	80441d63f8e00ad905ec54b839c50f915663081d	2023-02-09T19:58:44Z	Studio Alijn	CC0	http://creativecommons.org/publicdomain/zero/1.0/deed.en	false	raw/0025_metadata_0150_a1.response	17ec3c0153126767fe97a333f52045ad58171d601f7ffdff254a90dc28fb1685
156705313	apple	File:ベトナム式の祭壇.jpg	https://commons.wikimedia.org/wiki/File:%E3%83%99%E3%83%88%E3%83%8A%E3%83%A0%E5%BC%8F%E3%81%AE%E7%A5%AD%E5%A3%87.jpg	c29c6bb0d0f9af7ec9edb87e29dd586f493d2009	2024-12-15T14:12:41Z	Souka Kinmei	CC0	http://creativecommons.org/publicdomain/zero/1.0/deed.en	false	raw/0025_metadata_0150_a1.response	17ec3c0153126767fe97a333f52045ad58171d601f7ffdff254a90dc28fb1685
14817959	apple	File:Žlutá jablka.jpg	https://commons.wikimedia.org/wiki/File:%C5%BDlut%C3%A1_jablka.jpg	504c290a07e5338c6a8078a8baf264e611069dd8	2011-04-07T00:01:37Z	Dezidor	CC BY 3.0	https://creativecommons.org/licenses/by/3.0	true	raw/0025_metadata_0150_a1.response	17ec3c0153126767fe97a333f52045ad58171d601f7ffdff254a90dc28fb1685
125362784	apple	File:Three apples.jpg	https://commons.wikimedia.org/wiki/File:Three_apples.jpg	23be00873813086594245e309eac8fdae350a1d5	2022-11-13T03:40:35Z	KAMEDA, Akihiro	CC BY 4.0	https://creativecommons.org/licenses/by/4.0	true	raw/0025_metadata_0150_a1.response	17ec3c0153126767fe97a333f52045ad58171d601f7ffdff254a90dc28fb1685
97531636	apple	File:Newton left long time ago (1573332373).jpg	https://commons.wikimedia.org/wiki/File:Newton_left_long_time_ago_(1573332373).jpg	583e25327c954b3bcdc3c90e11b1d1549881af29	2020-12-13T18:32:22Z	Reza	CC BY 2.0	https://creativecommons.org/licenses/by/2.0	true	raw/0025_metadata_0150_a1.response	17ec3c0153126767fe97a333f52045ad58171d601f7ffdff254a90dc28fb1685
122539376	apple	File:Яблоко необычное сбоку.jpg	https://commons.wikimedia.org/wiki/File:%D0%AF%D0%B1%D0%BB%D0%BE%D0%BA%D0%BE_%D0%BD%D0%B5%D0%BE%D0%B1%D1%8B%D1%87%D0%BD%D0%BE%D0%B5_%D1%81%D0%B1%D0%BE%D0%BA%D1%83.jpg	7b4e5b9ea77a650ffee1d13c0e8765b2686c904b	2022-09-01T16:59:49Z	ИринаЯ	CC BY-SA 4.0	https://creativecommons.org/licenses/by-sa/4.0	true	raw/0025_metadata_0150_a1.response	17ec3c0153126767fe97a333f52045ad58171d601f7ffdff254a90dc28fb1685
12026774	apple	File:Craft Workshop, Belfast, October 2010 (02).JPG	https://commons.wikimedia.org/wiki/File:Craft_Workshop,_Belfast,_October_2010_(02).JPG	734ab085183d14604ab55949b830de600305d544	2010-11-11T22:55:33Z	Ardfern	CC BY-SA 3.0	https://creativecommons.org/licenses/by-sa/3.0	true	raw/0025_metadata_0150_a1.response	17ec3c0153126767fe97a333f52045ad58171d601f7ffdff254a90dc28fb1685
100977891	apple	File:Яблоки на снегу.jpg	https://commons.wikimedia.org/wiki/File:%D0%AF%D0%B1%D0%BB%D0%BE%D0%BA%D0%B8_%D0%BD%D0%B0_%D1%81%D0%BD%D0%B5%D0%B3%D1%83.jpg	c2f41f7e61f2003a2a63741de82162195e57b247	2021-03-04T09:52:01Z	Ирина Мит	CC BY-SA 4.0	https://creativecommons.org/licenses/by-sa/4.0	true	raw/0025_metadata_0150_a1.response	17ec3c0153126767fe97a333f52045ad58171d601f7ffdff254a90dc28fb1685
136126658	apple	File:Iss069e060591.jpg	https://commons.wikimedia.org/wiki/File:Iss069e060591.jpg	ca42f6a75c1dd849a1045021df6c8c8520e08ccc	2023-08-18T01:27:25Z	NASA Johnson Space Center	Public domain		false	raw/0025_metadata_0150_a1.response	17ec3c0153126767fe97a333f52045ad58171d601f7ffdff254a90dc28fb1685
126741574	banana	File:Cacho de banana.jpg	https://commons.wikimedia.org/wiki/File:Cacho_de_banana.jpg	52556dd1fef6751095d39fc4b2d02acd0331d1c0	2022-12-18T03:44:05Z	Sintegrity	CC BY-SA 4.0	https://creativecommons.org/licenses/by-sa/4.0	true	raw/0026_metadata_0160_a1.response	6f22cb301e33ea93e05696b8040d47417862b8400b43e79011d77955297a55be
130619395	banana	File:Banana harvested in Offa, Kwara State.jpg	https://commons.wikimedia.org/wiki/File:Banana_harvested_in_Offa,_Kwara_State.jpg	9819b36aa612b22d2e99994f9fc9fb853d59432a	2023-04-11T12:24:45Z	Shadeola	CC BY-SA 4.0	https://creativecommons.org/licenses/by-sa/4.0	true	raw/0026_metadata_0160_a1.response	6f22cb301e33ea93e05696b8040d47417862b8400b43e79011d77955297a55be
129076804	banana	File:Peeled and unpeeled bananas sticking together by Dainis Graveris on www.sexualalpha.com (51098386624).jpg	https://commons.wikimedia.org/wiki/File:Peeled_and_unpeeled_bananas_sticking_together_by_Dainis_Graveris_on_www.sexualalpha.com_(51098386624).jpg	c0bf32480fa08f9ee288fc9c20a4c684499c5db7	2023-02-26T13:36:09Z	Dainis Graveris	CC BY 2.0	https://creativecommons.org/licenses/by/2.0	true	raw/0026_metadata_0160_a1.response	6f22cb301e33ea93e05696b8040d47417862b8400b43e79011d77955297a55be
43748903	banana	File:拔絲香蕉 - 制作中 (3269806926).jpg	https://commons.wikimedia.org/wiki/File:%E6%8B%94%E7%B5%B2%E9%A6%99%E8%95%89_-_%E5%88%B6%E4%BD%9C%E4%B8%AD_(3269806926).jpg	e99471501153f5cc4b62949dc59fbd3725ec281f	2015-09-28T11:59:43Z	Dennis Wong from Hong Kong, Hong Kong	CC BY 2.0	https://creativecommons.org/licenses/by/2.0	true	raw/0026_metadata_0160_a1.response	6f22cb301e33ea93e05696b8040d47417862b8400b43e79011d77955297a55be
5948709	banana	File:Owoce Banan.jpg	https://commons.wikimedia.org/wiki/File:Owoce_Banan.jpg	e5f2d2e550d4c5a0557907be7377dac864e1cb53	2009-02-14T10:50:16Z	Agnieszka Kwiecień (Nova)	CC BY-SA 3.0	https://creativecommons.org/licenses/by-sa/3.0	true	raw/0026_metadata_0160_a1.response	6f22cb301e33ea93e05696b8040d47417862b8400b43e79011d77955297a55be
129003385	banana	File:Wilting Banana Leaf.jpg	https://commons.wikimedia.org/wiki/File:Wilting_Banana_Leaf.jpg	4c02ad0f627ef18f09311935a4547ea75c895f07	2023-02-24T08:10:58Z	ChimaBee	CC BY-SA 4.0	https://creativecommons.org/licenses/by-sa/4.0	true	raw/0026_metadata_0160_a1.response	6f22cb301e33ea93e05696b8040d47417862b8400b43e79011d77955297a55be
55131690	banana	File:Cacho de bananas.jpg	https://commons.wikimedia.org/wiki/File:Cacho_de_bananas.jpg	42e1c83e5332aec092f0685c292fb7f827a76bd9	2017-01-19T01:41:13Z	Ernani Zimmermann	CC BY 3.0	https://creativecommons.org/licenses/by/3.0	true	raw/0026_metadata_0160_a1.response	6f22cb301e33ea93e05696b8040d47417862b8400b43e79011d77955297a55be
101309980	banana	File:Rude Fruit (3878375305).jpg	https://commons.wikimedia.org/wiki/File:Rude_Fruit_(3878375305).jpg	bfabc003b91e73e52f3fefaac2883b12c9bd6184	2021-03-11T13:42:46Z	Peter O'Connor aka anemoneprojectors	CC BY-SA 2.0	https://creativecommons.org/licenses/by-sa/2.0	true	raw/0026_metadata_0160_a1.response	6f22cb301e33ea93e05696b8040d47417862b8400b43e79011d77955297a55be
93250111	banana	File:PlatanoKinto.jpg	https://commons.wikimedia.org/wiki/File:PlatanoKinto.jpg	5cc12b14f4eb2600baf5c1af685e9ac090a57883	2020-08-18T04:21:06Z	Oriente52	CC BY-SA 4.0	https://creativecommons.org/licenses/by-sa/4.0	true	raw/0026_metadata_0160_a1.response	6f22cb301e33ea93e05696b8040d47417862b8400b43e79011d77955297a55be
147340797	banana	File:Cotriguaçú-MT - 14657312864.jpg	https://commons.wikimedia.org/wiki/File:Cotrigua%C3%A7%C3%BA-MT_-_14657312864.jpg	21c3509cae34777690395b4729bbe47a179b4775	2024-04-13T14:36:05Z	icooke	CC BY-SA 2.0	https://creativecommons.org/licenses/by-sa/2.0	true	raw/0026_metadata_0160_a1.response	6f22cb301e33ea93e05696b8040d47417862b8400b43e79011d77955297a55be
63409904	banana	File:Transporting matooke(banana).jpg	https://commons.wikimedia.org/wiki/File:Transporting_matooke(banana).jpg	000fcb9b2f2f25703775188eb767987a21dfa246	2017-10-16T15:55:56Z	Mstephen247	CC BY-SA 4.0	https://creativecommons.org/licenses/by-sa/4.0	true	raw/0027_metadata_0170_a1.response	02d7112161ed65c4058836c6158c3fb601d81be88437fe838764c0032fbc0595
53269445	banana	File:Unloading Bananas, Galveston, Texas. (6690040469).jpg	https://commons.wikimedia.org/wiki/File:Unloading_Bananas,_Galveston,_Texas._(6690040469).jpg	5cbb029aa6b7a3120d37bd3292d4284ae47c5ce6	2016-11-18T05:22:39Z	SMU Central University Libraries	No restrictions	https://www.flickr.com/commons/usage/	false	raw/0027_metadata_0170_a1.response	02d7112161ed65c4058836c6158c3fb601d81be88437fe838764c0032fbc0595
99436847	banana	File:Kleuser as a child.jpg	https://commons.wikimedia.org/wiki/File:Kleuser_as_a_child.jpg	683e1413e9eb09404b8514362c6df33e39bef12a	2021-01-31T07:08:39Z	Artemia1423	CC BY-SA 4.0	https://creativecommons.org/licenses/by-sa/4.0	true	raw/0027_metadata_0170_a1.response	02d7112161ed65c4058836c6158c3fb601d81be88437fe838764c0032fbc0595
49635277	banana	File:Bananas Bananen Protein.jpg	https://commons.wikimedia.org/wiki/File:Bananas_Bananen_Protein.jpg	67af01578eaded95381877d92ba05f99b439a290	2016-06-22T02:05:32Z	Serife Gerenschier	CC BY-SA 4.0	https://creativecommons.org/licenses/by-sa/4.0	true	raw/0027_metadata_0170_a1.response	02d7112161ed65c4058836c6158c3fb601d81be88437fe838764c0032fbc0595
3683438	banana	File:Pisang.jpg	https://commons.wikimedia.org/wiki/File:Pisang.jpg	6346665bf7b84e6bfc2754246b7365a7c661c45b	2008-03-09T14:24:39Z	Hariadhi	CC BY-SA 4.0	https://creativecommons.org/licenses/by-sa/4.0	true	raw/0027_metadata_0170_a1.response	02d7112161ed65c4058836c6158c3fb601d81be88437fe838764c0032fbc0595
27647522	banana	File:വാഴക്കുല 01.JPG	https://commons.wikimedia.org/wiki/File:%E0%B4%B5%E0%B4%BE%E0%B4%B4%E0%B4%95%E0%B5%8D%E0%B4%95%E0%B5%81%E0%B4%B2_01.JPG	9ee87d8a823dc180efdcea932ceac1e133ed0264	2013-08-10T10:48:33Z	Ks.mini	CC BY-SA 3.0	https://creativecommons.org/licenses/by-sa/3.0	true	raw/0027_metadata_0170_a1.response	02d7112161ed65c4058836c6158c3fb601d81be88437fe838764c0032fbc0595
197341884	banana	File:Yelakki banana peel, bangalore, karnataka peel.jpg	https://commons.wikimedia.org/wiki/File:Yelakki_banana_peel,_bangalore,_karnataka_peel.jpg	719f6b3382cddf8554efe274e04a2b2a8c0a79b5	2026-08-13T05:01:13Z	Mohanramus	CC BY 4.0	https://creativecommons.org/licenses/by/4.0	true	raw/0027_metadata_0170_a1.response	02d7112161ed65c4058836c6158c3fb601d81be88437fe838764c0032fbc0595
50930645	banana	File:Governo fortalece a agricultura familiar no Acre (25868897761).jpg	https://commons.wikimedia.org/wiki/File:Governo_fortalece_a_agricultura_familiar_no_Acre_(25868897761).jpg	271b1f11d98e2aa4e953813ca50d46e1990a9656	2016-08-28T04:03:43Z	Agência de Notícias do Acre	CC BY 2.0	https://creativecommons.org/licenses/by/2.0	true	raw/0027_metadata_0170_a1.response	02d7112161ed65c4058836c6158c3fb601d81be88437fe838764c0032fbc0595
145636046	banana	File:Heltzea.png	https://commons.wikimedia.org/wiki/File:Heltzea.png	a2a4401909f31b50c70f94d99657f9e8ea6e2f86	2024-02-21T15:45:23Z	Agirredort	CC BY 4.0	https://creativecommons.org/licenses/by/4.0	true	raw/0027_metadata_0170_a1.response	02d7112161ed65c4058836c6158c3fb601d81be88437fe838764c0032fbc0595
40348957	banana	File:Daiso Japan Brasil (8315726664).jpg	https://commons.wikimedia.org/wiki/File:Daiso_Japan_Brasil_(8315726664).jpg	8f4350b91fb6ee67d04ca90670f1da2806e9fb4b	2015-05-21T01:42:58Z	Monica Kaneko	CC BY-SA 2.0	https://creativecommons.org/licenses/by-sa/2.0	true	raw/0027_metadata_0170_a1.response	02d7112161ed65c4058836c6158c3fb601d81be88437fe838764c0032fbc0595
31859390	banana	File:Bananas and other fruit at Kikaijima - Takeshi DSC 0367 (3795282735).jpg	https://commons.wikimedia.org/wiki/File:Bananas_and_other_fruit_at_Kikaijima_-_Takeshi_DSC_0367_(3795282735).jpg	39c1a537fc70c62988fafb6ad6167cf56a535882	2014-03-30T21:38:14Z	Takeshi Kuboki from Amagasaki, Japan	CC BY 2.0	https://creativecommons.org/licenses/by/2.0	true	raw/0028_metadata_0180_a1.response	0e0cd3991850f62ec41d5c5b91b448b044c5d323034515d4bcb1af438c2a5ec4
15017574	banana	File:ചെങ്കദളി-വാഴക്കുല.JPG	https://commons.wikimedia.org/wiki/File:%E0%B4%9A%E0%B5%86%E0%B4%99%E0%B5%8D%E0%B4%95%E0%B4%A6%E0%B4%B3%E0%B4%BF-%E0%B4%B5%E0%B4%BE%E0%B4%B4%E0%B4%95%E0%B5%8D%E0%B4%95%E0%B5%81%E0%B4%B2.JPG	5c1cc8930b8bdb6ecb5c8a9ca058f5fa9f9a23ba	2011-04-25T06:33:15Z	Arayilpdas at ml.wikipedia	CC BY 3.0	https://creativecommons.org/licenses/by/3.0	true	raw/0028_metadata_0180_a1.response	0e0cd3991850f62ec41d5c5b91b448b044c5d323034515d4bcb1af438c2a5ec4
87546851	banana	File:Fruits of the Lima Market Folding Watercolor.jpg	https://commons.wikimedia.org/wiki/File:Fruits_of_the_Lima_Market_Folding_Watercolor.jpg	500939b61857f65fda4742ca43bddf84f21379eb	2020-02-29T01:33:54Z	Dorothea Elizabeth Smith	Public domain		false	raw/0028_metadata_0180_a1.response	0e0cd3991850f62ec41d5c5b91b448b044c5d323034515d4bcb1af438c2a5ec4
197341887	banana	File:With stem,Yelakki banana, bangalore, karnataka stem.jpg	https://commons.wikimedia.org/wiki/File:With_stem,Yelakki_banana,_bangalore,_karnataka_stem.jpg	ecec25fa13492a87298bbc84e570546dc0b819a9	2026-08-13T05:01:16Z	Mohanramus	CC BY 4.0	https://creativecommons.org/licenses/by/4.0	true	raw/0028_metadata_0180_a1.response	0e0cd3991850f62ec41d5c5b91b448b044c5d323034515d4bcb1af438c2a5ec4
31608452	banana	File:Stone black white 2.jpg	https://commons.wikimedia.org/wiki/File:Stone_black_white_2.jpg	9373f13d066c6391ce5ca2c65bed7c3e206b052b	2014-03-14T21:49:14Z	Grey Geezer	CC BY-SA 3.0	https://creativecommons.org/licenses/by-sa/3.0	true	raw/0028_metadata_0180_a1.response	0e0cd3991850f62ec41d5c5b91b448b044c5d323034515d4bcb1af438c2a5ec4
53521637	banana	File:Three men standing in the banana plantation at F. Muller and Sons farm, Redland Bay, 1907 (7492075368).jpg	https://commons.wikimedia.org/wiki/File:Three_men_standing_in_the_banana_plantation_at_F._Muller_and_Sons_farm,_Redland_Bay,_1907_(7492075368).jpg	969523f605491bafd3d1f76ea3207432b059f12a	2016-11-26T02:34:36Z	State Library of Queensland, Australia	No restrictions	https://www.flickr.com/commons/usage/	false	raw/0028_metadata_0180_a1.response	0e0cd3991850f62ec41d5c5b91b448b044c5d323034515d4bcb1af438c2a5ec4
163971727	banana	File:Les fruits, un don de la nature.jpg	https://commons.wikimedia.org/wiki/File:Les_fruits,_un_don_de_la_nature.jpg	e3901929c23a0973e06e7ac024306070c2b3e4ba	2025-04-22T17:09:27Z	Jacoma226	CC BY-SA 4.0	https://creativecommons.org/licenses/by-sa/4.0	true	raw/0028_metadata_0180_a1.response	0e0cd3991850f62ec41d5c5b91b448b044c5d323034515d4bcb1af438c2a5ec4
162427607	banana	File:Bananas 19 03 2025.jpg	https://commons.wikimedia.org/wiki/File:Bananas_19_03_2025.jpg	e0cc6e35eb02a365b4bea9d083beabe022640b6c	2025-03-19T15:00:18Z	Midey pearl	CC0	http://creativecommons.org/publicdomain/zero/1.0/deed.en	false	raw/0028_metadata_0180_a1.response	0e0cd3991850f62ec41d5c5b91b448b044c5d323034515d4bcb1af438c2a5ec4
53521495	banana	File:Gentleman standing in the vegetable plot surrounded by banana plants (7492076022).jpg	https://commons.wikimedia.org/wiki/File:Gentleman_standing_in_the_vegetable_plot_surrounded_by_banana_plants_(7492076022).jpg	62c5d584a462931402c72b776b4137eafb338562	2016-11-26T02:28:12Z	State Library of Queensland, Australia	No restrictions	https://www.flickr.com/commons/usage/	false	raw/0028_metadata_0180_a1.response	0e0cd3991850f62ec41d5c5b91b448b044c5d323034515d4bcb1af438c2a5ec4
75315847	banana	File:NIND fruits ISO200-2.jpg	https://commons.wikimedia.org/wiki/File:NIND_fruits_ISO200-2.jpg	86e9140bb1f44a3f2c736dbf769a20ace2da2f9d	2018-12-25T18:26:34Z	Trougnouf	CC BY 4.0	https://creativecommons.org/licenses/by/4.0	true	raw/0028_metadata_0180_a1.response	0e0cd3991850f62ec41d5c5b91b448b044c5d323034515d4bcb1af438c2a5ec4
46286031	banana	File:Bananes (Antilles)Cl J Weber (23566831242).jpg	https://commons.wikimedia.org/wiki/File:Bananes_(Antilles)Cl_J_Weber_(23566831242).jpg	a25b4c786d27668552ecfb51dec685e5838837db	2016-01-10T21:46:55Z	INRA DIST from France	CC BY 2.0	https://creativecommons.org/licenses/by/2.0	true	raw/0029_metadata_0190_a1.response	6bc8d8b0c883950bafd18cf69bfb92ae9a06c20e04ccee10b5aba398ff0b93c7
118158779	banana	File:Воронежский Ботанический Сад, Банан Декоративный Пигмей.jpg	https://commons.wikimedia.org/wiki/File:%D0%92%D0%BE%D1%80%D0%BE%D0%BD%D0%B5%D0%B6%D1%81%D0%BA%D0%B8%D0%B9_%D0%91%D0%BE%D1%82%D0%B0%D0%BD%D0%B8%D1%87%D0%B5%D1%81%D0%BA%D0%B8%D0%B9_%D0%A1%D0%B0%D0%B4,_%D0%91%D0%B0%D0%BD%D0%B0%D0%BD_%D0%94%D0%B5%D0%BA%D0%BE%D1%80%D0%B0%D1%82%D0%B8%D0%B2%D0%BD%D1%8B%D0%B9_%D0%9F%D0%B8%D0%B3%D0%BC%D0%B5%D0%B9.jpg	91c9d490b170913160e5312ba7ae839389780396	2022-05-19T17:57:09Z	Tulkar	CC BY 4.0	https://creativecommons.org/licenses/by/4.0	true	raw/0029_metadata_0190_a1.response	6bc8d8b0c883950bafd18cf69bfb92ae9a06c20e04ccee10b5aba398ff0b93c7
85857985	banana	File:El VINO DE BANANO HECHO EN ECUADOR.svg	https://commons.wikimedia.org/wiki/File:El_VINO_DE_BANANO_HECHO_EN_ECUADOR.svg	32a94f4c961a2e17d8a7f8f74e96bdc52afde340	2020-01-13T02:09:45Z	Paola.carrion	CC BY-SA 4.0	https://creativecommons.org/licenses/by-sa/4.0	true	raw/0029_metadata_0190_a1.response	6bc8d8b0c883950bafd18cf69bfb92ae9a06c20e04ccee10b5aba398ff0b93c7
155334589	banana	File:Yellow ...in black and white - Flickr - conall...jpg	https://commons.wikimedia.org/wiki/File:Yellow_...in_black_and_white_-_Flickr_-_conall...jpg	aef277012b696b130d3d541baac4bd430ada4cfb	2024-11-19T03:12:57Z	Conall from Downpatrick, Northern Ireland	CC BY 2.0	https://creativecommons.org/licenses/by/2.0	true	raw/0029_metadata_0190_a1.response	6bc8d8b0c883950bafd18cf69bfb92ae9a06c20e04ccee10b5aba398ff0b93c7
110315368	banana	File:Banana Ketchup.jpg	https://commons.wikimedia.org/wiki/File:Banana_Ketchup.jpg	56515f309c57b432260d29b24fbaa68d074b6008	2021-09-22T13:23:32Z	Khayri R.R. Woulfe	CC BY-SA 4.0	https://creativecommons.org/licenses/by-sa/4.0	true	raw/0029_metadata_0190_a1.response	6bc8d8b0c883950bafd18cf69bfb92ae9a06c20e04ccee10b5aba398ff0b93c7
174280626	banana	File:ကသဲငှက်ပျောသီး.jpg	https://commons.wikimedia.org/wiki/File:%E1%80%80%E1%80%9E%E1%80%B2%E1%80%84%E1%80%BE%E1%80%80%E1%80%BA%E1%80%95%E1%80%BB%E1%80%B1%E1%80%AC%E1%80%9E%E1%80%AE%E1%80%B8.jpg	b534152245e6e457b19891bce96289d8c803a1f8	2025-11-12T23:02:13Z	GTSPACE	CC0	http://creativecommons.org/publicdomain/zero/1.0/deed.en	false	raw/0029_metadata_0190_a1.response	6bc8d8b0c883950bafd18cf69bfb92ae9a06c20e04ccee10b5aba398ff0b93c7
1012433	banana	File:Platan vermell.jpg	https://commons.wikimedia.org/wiki/File:Platan_vermell.jpg	ca8407952c5ffcd5d8d9e5091e9ba0cf90b14a95	2006-08-02T15:31:14Z	No machine-readable author provided. Jolle~commonswiki assumed (based on copyright claims).	CC BY-SA 3.0	http://creativecommons.org/licenses/by-sa/3.0/	true	raw/0029_metadata_0190_a1.response	6bc8d8b0c883950bafd18cf69bfb92ae9a06c20e04ccee10b5aba398ff0b93c7
60550773	banana	File:Thabyegon Ward, Naypyitaw, Myanmar (Burma) - panoramio (3).jpg	https://commons.wikimedia.org/wiki/File:Thabyegon_Ward,_Naypyitaw,_Myanmar_(Burma)_-_panoramio_(3).jpg	93bd14d50c887e283e8e00a5f039519f09375a55	2017-06-30T23:57:39Z	mohigan	CC BY-SA 3.0	https://creativecommons.org/licenses/by-sa/3.0	true	raw/0029_metadata_0190_a1.response	6bc8d8b0c883950bafd18cf69bfb92ae9a06c20e04ccee10b5aba398ff0b93c7
52595806	banana	File:2016-10-29 01-04-31 recup.jpg	https://commons.wikimedia.org/wiki/File:2016-10-29_01-04-31_recup.jpg	0b7dda11d0a798de29427afe3a8b55d4dd13deed	2016-10-29T06:59:33Z	Thomas Bresson	CC BY 4.0	https://creativecommons.org/licenses/by/4.0	true	raw/0029_metadata_0190_a1.response	6bc8d8b0c883950bafd18cf69bfb92ae9a06c20e04ccee10b5aba398ff0b93c7
157759132	banana	File:Banana-Curvature.png	https://commons.wikimedia.org/wiki/File:Banana-Curvature.png	a3eb906152e75613b7aae43e655fd60b6f1d1697	2025-01-10T15:28:23Z	Funnishs	CC0	http://creativecommons.org/publicdomain/zero/1.0/deed.en	false	raw/0029_metadata_0190_a1.response	6bc8d8b0c883950bafd18cf69bfb92ae9a06c20e04ccee10b5aba398ff0b93c7
19277815	banana	File:Minibanana.jpg	https://commons.wikimedia.org/wiki/File:Minibanana.jpg	c109d716b3eadf03e9bcbc7177d7885b739f95d2	2012-05-01T01:15:27Z	User:Løken	CC BY-SA 3.0	https://creativecommons.org/licenses/by-sa/3.0	true	raw/0032_metadata_0200_a1.response	d4685b794c8f094efb634ab903b05db7d425fbb62124b81bd1ddd7f82b76321e
125647329	banana	File:ลายชอนตะวัน (Shontawan).jpg	https://commons.wikimedia.org/wiki/File:%E0%B8%A5%E0%B8%B2%E0%B8%A2%E0%B8%8A%E0%B8%AD%E0%B8%99%E0%B8%95%E0%B8%B0%E0%B8%A7%E0%B8%B1%E0%B8%99_(Shontawan).jpg	5ecc46ae68ed3f0a619c89497b2a1537f82a8f00	2022-11-18T07:44:21Z	Jinoof13	CC BY-SA 4.0	https://creativecommons.org/licenses/by-sa/4.0	true	raw/0032_metadata_0200_a1.response	d4685b794c8f094efb634ab903b05db7d425fbb62124b81bd1ddd7f82b76321e
67084499	banana	File:Een tros Fyffes-bananen op een schaal, Bestanddeelnr 252-0519.jpg	https://commons.wikimedia.org/wiki/File:Een_tros_Fyffes-bananen_op_een_schaal,_Bestanddeelnr_252-0519.jpg	628f7785d1e8fa1070b921d691ff44672397fbf7	2018-03-05T14:30:41Z	Willem van de Poll	CC0	http://creativecommons.org/publicdomain/zero/1.0/deed.en	false	raw/0032_metadata_0200_a1.response	d4685b794c8f094efb634ab903b05db7d425fbb62124b81bd1ddd7f82b76321e
30530933	banana	File:Banana plant 1.jpg	https://commons.wikimedia.org/wiki/File:Banana_plant_1.jpg	2db91ea76ddb8e5450cb854a07c86560667b77b9	2014-01-08T12:29:59Z	Mokkie	CC BY-SA 3.0	https://creativecommons.org/licenses/by-sa/3.0	true	raw/0032_metadata_0200_a1.response	d4685b794c8f094efb634ab903b05db7d425fbb62124b81bd1ddd7f82b76321e
47631437	banana	File:Bananas being brought by Children into Banzyville, 1906.png	https://commons.wikimedia.org/wiki/File:Bananas_being_brought_by_Children_into_Banzyville,_1906.png	a4121050bca2e99394bb66a447a6bf706318d2a1	2016-03-20T11:46:28Z	National Geographic	Public domain		false	raw/0032_metadata_0200_a1.response	d4685b794c8f094efb634ab903b05db7d425fbb62124b81bd1ddd7f82b76321e
51440609	banana	File:Pixella15422 (23697321224).jpg	https://commons.wikimedia.org/wiki/File:Pixella15422_(23697321224).jpg	f34ddb4c5f042a60ba308df6bbf7157d7a793beb	2016-09-16T05:35:13Z	www.Pixel.la Free Stock Photos	CC0	http://creativecommons.org/publicdomain/zero/1.0/deed.en	false	raw/0032_metadata_0200_a1.response	d4685b794c8f094efb634ab903b05db7d425fbb62124b81bd1ddd7f82b76321e
5165093	banana	File:Banana-fluorescence-081108.jpg	https://commons.wikimedia.org/wiki/File:Banana-fluorescence-081108.jpg	4570969a71435d9ac136f3d1faf98d578c411e96	2008-11-09T07:37:27Z	User:Xofc	CC BY-SA 4.0	https://creativecommons.org/licenses/by-sa/4.0	true	raw/0032_metadata_0200_a1.response	d4685b794c8f094efb634ab903b05db7d425fbb62124b81bd1ddd7f82b76321e
198296743	banana	File:Months long uncut banana.jpg	https://commons.wikimedia.org/wiki/File:Months_long_uncut_banana.jpg	5642f21c2d280bf8c7f557f4e5b3f6b34af99e7e	2026-08-27T18:43:37Z	OXpatR	CC0	http://creativecommons.org/publicdomain/zero/1.0/deed.en	false	raw/0032_metadata_0200_a1.response	d4685b794c8f094efb634ab903b05db7d425fbb62124b81bd1ddd7f82b76321e
44393061	banana	File:Naturalis Biodiversity Center - L.2096518 - Bernecker, A. - Unidentified plants - Artwork.jpeg	https://commons.wikimedia.org/wiki/File:Naturalis_Biodiversity_Center_-_L.2096518_-_Bernecker,_A._-_Unidentified_plants_-_Artwork.jpeg	d85141224123dcede3a969289f13422837639c94	2015-11-30T12:59:39Z	Bernecker, A.	CC0	http://creativecommons.org/publicdomain/zero/1.0/deed.en	false	raw/0032_metadata_0200_a1.response	d4685b794c8f094efb634ab903b05db7d425fbb62124b81bd1ddd7f82b76321e
85651348	banana	File:Bakove (titel op object), NG-1994-32-6-2.jpg	https://commons.wikimedia.org/wiki/File:Bakove_(titel_op_object),_NG-1994-32-6-2.jpg	04963ca6198474e4389b16b30d41168ad171c20d	2020-01-06T01:05:24Z	Rijksmuseum	CC0	http://creativecommons.org/publicdomain/zero/1.0/deed.en	false	raw/0032_metadata_0200_a1.response	d4685b794c8f094efb634ab903b05db7d425fbb62124b81bd1ddd7f82b76321e
70449891	banana	File:Starr-061106-1451-Musa x paradisiaca-Iholena variety-Maui Nui Botanical Garden-Maui (24500780299).jpg	https://commons.wikimedia.org/wiki/File:Starr-061106-1451-Musa_x_paradisiaca-Iholena_variety-Maui_Nui_Botanical_Garden-Maui_(24500780299).jpg	e34a61bfd91e0c0616685e4121fe8cc9fcc587ef	2018-07-02T02:27:51Z	Forest and Kim Starr	CC BY 2.0	https://creativecommons.org/licenses/by/2.0	true	raw/0033_metadata_0210_a1.response	1d49f1b5cb61b2d35ea689fdce26f6a6c34d3a8a1c55beee5e90ce6f0d751b5a
42656287	banana	File:Banana plant.jpg	https://commons.wikimedia.org/wiki/File:Banana_plant.jpg	8f7ea0c80bb295df6f35d30310524a60500e4719	2015-08-26T05:57:12Z	Pamela Miller	Public domain		false	raw/0033_metadata_0210_a1.response	1d49f1b5cb61b2d35ea689fdce26f6a6c34d3a8a1c55beee5e90ce6f0d751b5a
19012910	banana	File:Bananen 2011-by-RaBoe-01.jpg	https://commons.wikimedia.org/wiki/File:Bananen_2011-by-RaBoe-01.jpg	af9f2ae02c85cf40c9512666fd8cdbaa27786e27	2012-04-08T18:21:56Z	"© Ra Boe / Wikipedia - Create the proper attribution for your usage by clicking on this button! This file is licensed under the Creative Commons Attribution-Share Alike 3.0 Germany license.Attribution: Ra Boe / Wikipedia You are free: to share – to copy, distribute and transmit the work to remix – to adapt the work Under the following conditions: attribution – You must give appropriate credit, provide a link to the license, and indicate if changes were made. You may do so in any reasonable manner, but not in any way that suggests the licensor endorses you or your use. share alike – If you remix, transform, or build upon the material, you must distribute your contributions under the same or compatible license as the original.https://creativecommons.org/licenses/by-sa/3.0/de/deed.enCC BY-SA 3.0 deCreative Commons Attribution-Share Alike 3.0 detruetrue Internet: Titel Foto: Ra Boe / Wikipedia, Original; Lizenz: CC by-sa 3.0 Print: Titel Foto: Ra Boe / Wikipedia, Lizenz: CC by-sa 3.0 I have published this image as author Ra Boe under the ""CC-BY-SA-3.0"" in Wikipedia. This means that free, commercial usage outside of Wikipedia is permitted under the following licence terms: Online media: The author "" RaBoe/Wikipedia "" is named A weblink to the original image is provided: //commons.wikimedia.org/wiki/File:Bananen_2011-by-RaBoe-01.jpg A copy of, or the Uniform Resource Identifier (https://creativecommons.org/licenses/by-sa/3.0/de/legalcode) for, this License with every copy Print media: The author "" RaBoe/Wikipedia"" is named A copy of, or the Uniform Resource Identifier (https://creativecommons.org/licenses/by-sa/3.0/de/legalcode) for, this License with every copy Please send me a specimen copy or the URL of the website where the image is used. Please write an email to raboe001-at-web.de, if you need the image in a higher resolution need my postal address for sending a specimen copy have further questions about the terms of the licence PS: In case of refusal of the above terms the author reserves the right to take legal action. This license and the rights granted hereunder will terminate automatically upon any breach by you of the terms of this license. In this case the author reserves to demand declaration to cease and desist, and compensation (according to the MFM fee references currently in force). Any of the above conditions can be waived if you get permission from the copyright holder."	CC BY-SA 3.0 de	https://creativecommons.org/licenses/by-sa/3.0/de/deed.en	true	raw/0033_metadata_0210_a1.response	1d49f1b5cb61b2d35ea689fdce26f6a6c34d3a8a1c55beee5e90ce6f0d751b5a
45303565	banana	File:Mano de bananos.jpeg	https://commons.wikimedia.org/wiki/File:Mano_de_bananos.jpeg	21e5b7d055babe9206ac1a83cd4843c614b96b0b	2015-11-28T20:52:56Z	EEIM	CC BY-SA 3.0	https://creativecommons.org/licenses/by-sa/3.0	true	raw/0033_metadata_0210_a1.response	1d49f1b5cb61b2d35ea689fdce26f6a6c34d3a8a1c55beee5e90ce6f0d751b5a
125647439	banana	File:ชอนตะวัน (Shontawan) ลายวากิว.jpg	https://commons.wikimedia.org/wiki/File:%E0%B8%8A%E0%B8%AD%E0%B8%99%E0%B8%95%E0%B8%B0%E0%B8%A7%E0%B8%B1%E0%B8%99_(Shontawan)_%E0%B8%A5%E0%B8%B2%E0%B8%A2%E0%B8%A7%E0%B8%B2%E0%B8%81%E0%B8%B4%E0%B8%A7.jpg	6cf537fe2c717e37f499b802d06cfff15fce2706	2022-11-18T07:49:27Z	Jinoof13	CC BY-SA 4.0	https://creativecommons.org/licenses/by-sa/4.0	true	raw/0033_metadata_0210_a1.response	1d49f1b5cb61b2d35ea689fdce26f6a6c34d3a8a1c55beee5e90ce6f0d751b5a
119782992	banana	File:Banane IMG 20220612 152559.jpg	https://commons.wikimedia.org/wiki/File:Banane_IMG_20220612_152559.jpg	c30f2426ca068eb56e714c0d469053f9d855c94f	2022-06-26T19:53:03Z	IgorCalzone1	CC BY-SA 4.0	https://creativecommons.org/licenses/by-sa/4.0	true	raw/0033_metadata_0210_a1.response	1d49f1b5cb61b2d35ea689fdce26f6a6c34d3a8a1c55beee5e90ce6f0d751b5a
45067683	banana	File:BANANAS.jpg	https://commons.wikimedia.org/wiki/File:BANANAS.jpg	a577d980c9b7916201dd597752f55b673963ac71	2015-11-17T22:53:28Z	Yi ZHANG	CC BY-SA 4.0	https://creativecommons.org/licenses/by-sa/4.0	true	raw/0033_metadata_0210_a1.response	1d49f1b5cb61b2d35ea689fdce26f6a6c34d3a8a1c55beee5e90ce6f0d751b5a
146938389	banana	File:Village bazar at Khagrachori 04.jpg	https://commons.wikimedia.org/wiki/File:Village_bazar_at_Khagrachori_04.jpg	196119aba54508f3e6e21d9123a5d70a966ef1eb	2024-03-31T06:51:44Z	Wasiul Bahar	CC BY-SA 4.0	https://creativecommons.org/licenses/by-sa/4.0	true	raw/0033_metadata_0210_a1.response	1d49f1b5cb61b2d35ea689fdce26f6a6c34d3a8a1c55beee5e90ce6f0d751b5a
25569089	banana	File:Ripe Plantain.jpeg	https://commons.wikimedia.org/wiki/File:Ripe_Plantain.jpeg	69c03ab3e010619f64d34dea66e8e9606c53c12c	2013-04-12T22:26:08Z	User:SandisterTei	CC BY-SA 3.0	https://creativecommons.org/licenses/by-sa/3.0	true	raw/0033_metadata_0210_a1.response	1d49f1b5cb61b2d35ea689fdce26f6a6c34d3a8a1c55beee5e90ce6f0d751b5a
162120177	banana	File:Banana to be sold.jpg	https://commons.wikimedia.org/wiki/File:Banana_to_be_sold.jpg	d9fda814ed6cbed059b4b0f267d921ab358456c0	2025-03-15T17:40:46Z	Olaasunbo	CC0	http://creativecommons.org/publicdomain/zero/1.0/deed.en	false	raw/0033_metadata_0210_a1.response	1d49f1b5cb61b2d35ea689fdce26f6a6c34d3a8a1c55beee5e90ce6f0d751b5a
45058130	banana	File:Woods 124.JPG	https://commons.wikimedia.org/wiki/File:Woods_124.JPG	2eb0feffbfc154b69298c4635c23518b1a095a10	2015-11-17T14:51:22Z	Alchemist13	CC BY-SA 4.0	https://creativecommons.org/licenses/by-sa/4.0	true	raw/0034_metadata_0220_a1.response	d4d26513d3b2e72a8dc8afdc38a3a00d90e1b18cb244dd1ec3a326c46e682a94
12658715	banana	File:Karat bananas.jpg	https://commons.wikimedia.org/wiki/File:Karat_bananas.jpg	d6b5fef27a66aa0812c1c6be608511e0f827a4e0	2011-01-11T05:18:16Z	I, the copyright holder of this work, hereby publish it under the following license:	Public domain		false	raw/0034_metadata_0220_a1.response	d4d26513d3b2e72a8dc8afdc38a3a00d90e1b18cb244dd1ec3a326c46e682a94
118287304	banana	File:Raw bananas hanging from a banana plant in West Bengal.jpg	https://commons.wikimedia.org/wiki/File:Raw_bananas_hanging_from_a_banana_plant_in_West_Bengal.jpg	f9df25bc90d7529a03945abfe74c5eb602536cc1	2022-05-24T07:58:58Z	Billjones94	CC BY-SA 4.0	https://creativecommons.org/licenses/by-sa/4.0	true	raw/0034_metadata_0220_a1.response	d4d26513d3b2e72a8dc8afdc38a3a00d90e1b18cb244dd1ec3a326c46e682a94
146045369	banana	File:Bananamilk 1.jpg	https://commons.wikimedia.org/wiki/File:Bananamilk_1.jpg	fc5ff68365e730157fd2111ed69ef18cf4c8bf46	2024-03-03T23:14:07Z	Mx. Granger	CC0	http://creativecommons.org/publicdomain/zero/1.0/deed.en	false	raw/0034_metadata_0220_a1.response	d4d26513d3b2e72a8dc8afdc38a3a00d90e1b18cb244dd1ec3a326c46e682a94
122585074	banana	File:Banana-ouro (2).jpeg	https://commons.wikimedia.org/wiki/File:Banana-ouro_(2).jpeg	24b495e3045ad2eadb97e2edbdd61f4f7e2f3745	2022-09-03T03:00:13Z	Sandra Soster	CC BY-SA 4.0	https://creativecommons.org/licenses/by-sa/4.0	true	raw/0034_metadata_0220_a1.response	d4d26513d3b2e72a8dc8afdc38a3a00d90e1b18cb244dd1ec3a326c46e682a94
92701104	banana	File:అరటి గెల IMG 6420.jpg	https://commons.wikimedia.org/wiki/File:%E0%B0%85%E0%B0%B0%E0%B0%9F%E0%B0%BF_%E0%B0%97%E0%B1%86%E0%B0%B2_IMG_6420.jpg	e4664ab3d350bdeb3fe7cc38a265f2edb951e295	2020-07-29T12:13:35Z	Ch Maheswara Raju	CC BY-SA 4.0	https://creativecommons.org/licenses/by-sa/4.0	true	raw/0034_metadata_0220_a1.response	d4d26513d3b2e72a8dc8afdc38a3a00d90e1b18cb244dd1ec3a326c46e682a94
52546786	banana	File:2016-10-27 00-00-00 recup.jpg	https://commons.wikimedia.org/wiki/File:2016-10-27_00-00-00_recup.jpg	83648c0a24ba8dec766fc3dedcf57cdd12f0f45e	2016-10-27T05:49:47Z	Thomas Bresson	CC BY 4.0	https://creativecommons.org/licenses/by/4.0	true	raw/0034_metadata_0220_a1.response	d4d26513d3b2e72a8dc8afdc38a3a00d90e1b18cb244dd1ec3a326c46e682a94
95824413	banana	File:Les fruits (dessert aprés le couscous).jpg	https://commons.wikimedia.org/wiki/File:Les_fruits_(dessert_apr%C3%A9s_le_couscous).jpg	edb67ccd7571f25f36e5674203a5d6030007aace	2020-11-05T10:58:45Z	Bsghaier	CC BY-SA 4.0	https://creativecommons.org/licenses/by-sa/4.0	true	raw/0034_metadata_0220_a1.response	d4d26513d3b2e72a8dc8afdc38a3a00d90e1b18cb244dd1ec3a326c46e682a94
131287122	banana	File:Young banana tree.jpg	https://commons.wikimedia.org/wiki/File:Young_banana_tree.jpg	3446c110ade46026c54566e5c45fbc3a49b2ebae	2023-04-28T16:24:41Z	Beendy234	CC BY-SA 4.0	https://creativecommons.org/licenses/by-sa/4.0	true	raw/0034_metadata_0220_a1.response	d4d26513d3b2e72a8dc8afdc38a3a00d90e1b18cb244dd1ec3a326c46e682a94
29756250	banana	File:Welcome fruit & msg card (3120690396).jpg	https://commons.wikimedia.org/wiki/File:Welcome_fruit_%26_msg_card_(3120690396).jpg	6a5deba61d998506e00317be144cdd9607a1bb1f	2013-11-21T14:54:49Z	Matt @ PEK from Taipei, Taiwan	CC BY-SA 2.0	https://creativecommons.org/licenses/by-sa/2.0	true	raw/0034_metadata_0220_a1.response	d4d26513d3b2e72a8dc8afdc38a3a00d90e1b18cb244dd1ec3a326c46e682a94
80027231	banana	File:Banana & Sea Cox's Bazar Bangladesh.jpg	https://commons.wikimedia.org/wiki/File:Banana_%26_Sea_Cox%27s_Bazar_Bangladesh.jpg	9937089e1212ccec3bec79ef01dcff828f28012c	2019-06-29T12:21:19Z	Bdruhul	CC BY-SA 4.0	https://creativecommons.org/licenses/by-sa/4.0	true	raw/0035_metadata_0230_a1.response	5cc63aca1682199879b1e1f01edcf02daca9c9c9cf860465228a8930d9fc2560
45899353	banana	File:Банан цветет.JPG	https://commons.wikimedia.org/wiki/File:%D0%91%D0%B0%D0%BD%D0%B0%D0%BD_%D1%86%D0%B2%D0%B5%D1%82%D0%B5%D1%82.JPG	eb781d65cbeb2f4305cd4c2a0b412b71c54b923c	2015-12-26T21:04:30Z	Маслова Людмила	CC BY-SA 4.0	https://creativecommons.org/licenses/by-sa/4.0	true	raw/0035_metadata_0230_a1.response	5cc63aca1682199879b1e1f01edcf02daca9c9c9cf860465228a8930d9fc2560
179987120	banana	File:Takarajima Banana Field 02.jpg	https://commons.wikimedia.org/wiki/File:Takarajima_Banana_Field_02.jpg	57f9044c3f1982f3d913bbcabe86693b23efac49	2025-12-15T14:22:23Z	JosephCoston	CC BY-SA 4.0	https://creativecommons.org/licenses/by-sa/4.0	true	raw/0035_metadata_0230_a1.response	5cc63aca1682199879b1e1f01edcf02daca9c9c9cf860465228a8930d9fc2560
166335160	banana	File:Banana for human nutrition.jpg	https://commons.wikimedia.org/wiki/File:Banana_for_human_nutrition.jpg	1fec480045cac4ceaecdfe0117bafd6d7fd58111	2025-05-30T04:08:53Z	Synkubito	CC0	http://creativecommons.org/publicdomain/zero/1.0/deed.en	false	raw/0035_metadata_0230_a1.response	5cc63aca1682199879b1e1f01edcf02daca9c9c9cf860465228a8930d9fc2560
35716978	banana	File:Bananas (4277617298).jpg	https://commons.wikimedia.org/wiki/File:Bananas_(4277617298).jpg	b5eeccea2f0d68eec1d1eb08c055d2eff8022256	2014-09-28T06:35:05Z	Veganbaking.net from USA	CC BY-SA 2.0	https://creativecommons.org/licenses/by-sa/2.0	true	raw/0035_metadata_0230_a1.response	5cc63aca1682199879b1e1f01edcf02daca9c9c9cf860465228a8930d9fc2560
148662990	banana	File:Bananas (48585009292).jpg	https://commons.wikimedia.org/wiki/File:Bananas_(48585009292).jpg	533752d6311ce543778b04de1b8f58ceb57e48bc	2024-05-23T22:09:52Z	Brett Jordan	CC BY 2.0	https://creativecommons.org/licenses/by/2.0	true	raw/0035_metadata_0230_a1.response	5cc63aca1682199879b1e1f01edcf02daca9c9c9cf860465228a8930d9fc2560
53521680	banana	File:Fruit display at a local agricultural show, South East Queensland (4442673724).jpg	https://commons.wikimedia.org/wiki/File:Fruit_display_at_a_local_agricultural_show,_South_East_Queensland_(4442673724).jpg	03510caea59395a2d8950cf5565d2a489bc7e110	2016-11-26T02:36:38Z	State Library of Queensland, Australia	No restrictions	https://www.flickr.com/commons/usage/	false	raw/0035_metadata_0230_a1.response	5cc63aca1682199879b1e1f01edcf02daca9c9c9cf860465228a8930d9fc2560
52425623	banana	File:Banana processing - Flickr - S. Rae.jpg	https://commons.wikimedia.org/wiki/File:Banana_processing_-_Flickr_-_S._Rae.jpg	0a9b0bbc1ab0a220b70a6823e6aeec3c47c57103	2016-10-22T04:29:05Z	S. Rae from Scotland, UK	CC BY 2.0	https://creativecommons.org/licenses/by/2.0	true	raw/0035_metadata_0230_a1.response	5cc63aca1682199879b1e1f01edcf02daca9c9c9cf860465228a8930d9fc2560
174280826	banana	File:ကသဲငှက်ပျောဖီး.jpg	https://commons.wikimedia.org/wiki/File:%E1%80%80%E1%80%9E%E1%80%B2%E1%80%84%E1%80%BE%E1%80%80%E1%80%BA%E1%80%95%E1%80%BB%E1%80%B1%E1%80%AC%E1%80%96%E1%80%AE%E1%80%B8.jpg	01586e32c4c7462bb6b992f3a0ce8e58402d5e25	2025-09-03T08:37:10Z	GTSPACE	CC0	http://creativecommons.org/publicdomain/zero/1.0/deed.en	false	raw/0035_metadata_0230_a1.response	5cc63aca1682199879b1e1f01edcf02daca9c9c9cf860465228a8930d9fc2560
37015969	banana	File:Plantain loves wiki loves africa.jpg	https://commons.wikimedia.org/wiki/File:Plantain_loves_wiki_loves_africa.jpg	a9f85fa21a622924553c787085940c4ca7f83c98	2014-11-27T19:08:15Z	Nkansahrexford	CC BY-SA 4.0	https://creativecommons.org/licenses/by-sa/4.0	true	raw/0035_metadata_0230_a1.response	5cc63aca1682199879b1e1f01edcf02daca9c9c9cf860465228a8930d9fc2560
152970031	banana	File:Banana poster.jpg	https://commons.wikimedia.org/wiki/File:Banana_poster.jpg	faf5250baaa5eb6e594aa136ce4d6fe67c9b043f	2024-09-21T21:16:40Z	Rathfelder	CC0	http://creativecommons.org/publicdomain/zero/1.0/deed.en	false	raw/0036_metadata_0240_a1.response	1edda02aabacdd90620fd918d4f6622648bce72bdf9aa43cabd064979ef93f05
121125751	banana	File:Nombres comunes de la Banana.png	https://commons.wikimedia.org/wiki/File:Nombres_comunes_de_la_Banana.png	749845fa8cdaaec285d0e2040bce660b38e945e8	2023-02-05T19:47:38Z	Archivenstons456545	CC BY-SA 4.0	https://creativecommons.org/licenses/by-sa/4.0	true	raw/0036_metadata_0240_a1.response	1edda02aabacdd90620fd918d4f6622648bce72bdf9aa43cabd064979ef93f05
138566505	banana	File:BananaPlantKythira.jpg	https://commons.wikimedia.org/wiki/File:BananaPlantKythira.jpg	2afc4e7d9d65facb2487ca0620682420cc3147d1	2023-10-07T02:53:08Z	Awinch1001	CC BY-SA 4.0	https://creativecommons.org/licenses/by-sa/4.0	true	raw/0036_metadata_0240_a1.response	1edda02aabacdd90620fd918d4f6622648bce72bdf9aa43cabd064979ef93f05
42458670	banana	File:Compte rendu (20484892358).jpg	https://commons.wikimedia.org/wiki/File:Compte_rendu_(20484892358).jpg	f266e145f9e4aee95940e4a81e1aa10a68041f5f	2015-08-18T08:52:21Z	Association franaise pour l'avancement des sciences	No restrictions	https://www.flickr.com/commons/usage/	false	raw/0036_metadata_0240_a1.response	1edda02aabacdd90620fd918d4f6622648bce72bdf9aa43cabd064979ef93f05
144055190	banana	File:Bananas (8125971446).jpg	https://commons.wikimedia.org/wiki/File:Bananas_(8125971446).jpg	7041552340d07cdf3ae8aa1f91f247c415b8dbbb	2024-01-16T04:31:06Z	Janaína Resende from Brasilia, Brasil	CC BY-SA 2.0	https://creativecommons.org/licenses/by-sa/2.0	true	raw/0036_metadata_0240_a1.response	1edda02aabacdd90620fd918d4f6622648bce72bdf9aa43cabd064979ef93f05
126474329	banana	File:Banana Xanthomonas Wilt.webp	https://commons.wikimedia.org/wiki/File:Banana_Xanthomonas_Wilt.webp	166a91a0f037015b9e73a428d3974d89d15244dd	2022-12-09T17:42:58Z	Florence Uwamahoro, Anna Berlin, Helena Bylund, Charles Bucagu & Jonathan Yuen	CC BY 4.0	https://creativecommons.org/licenses/by/4.0	true	raw/0036_metadata_0240_a1.response	1edda02aabacdd90620fd918d4f6622648bce72bdf9aa43cabd064979ef93f05
53521567	banana	File:Man in front of a grass hut in the Cairns District, Queensland, ca. 1890 (7492069986).jpg	https://commons.wikimedia.org/wiki/File:Man_in_front_of_a_grass_hut_in_the_Cairns_District,_Queensland,_ca._1890_(7492069986).jpg	fd82bdf52564916916b41c101d92354f834678cf	2016-11-26T02:31:13Z	State Library of Queensland, Australia	No restrictions	https://www.flickr.com/commons/usage/	false	raw/0036_metadata_0240_a1.response	1edda02aabacdd90620fd918d4f6622648bce72bdf9aa43cabd064979ef93f05
89098679	banana	File:Pisang raja bulu kuning.jpg	https://commons.wikimedia.org/wiki/File:Pisang_raja_bulu_kuning.jpg	06cfaacf0d0017a95ba99924526dbf9885a1258b	2020-04-13T07:58:40Z	Kalakutjet	CC BY-SA 4.0	https://creativecommons.org/licenses/by-sa/4.0	true	raw/0036_metadata_0240_a1.response	1edda02aabacdd90620fd918d4f6622648bce72bdf9aa43cabd064979ef93f05
4353326	banana	File:San Fernando, Trinidad & Tobago.jpg	https://commons.wikimedia.org/wiki/File:San_Fernando,_Trinidad_%26_Tobago.jpg	0673f85204b1ec36d5c09fa49d25ce035282ca49	2008-07-10T05:54:24Z	Kalamazadkhan	CC BY-SA 3.0	https://creativecommons.org/licenses/by-sa/3.0	true	raw/0036_metadata_0240_a1.response	1edda02aabacdd90620fd918d4f6622648bce72bdf9aa43cabd064979ef93f05
33168304	banana	File:False Banana, Marji, Ethiopia (11218490376).jpg	https://commons.wikimedia.org/wiki/File:False_Banana,_Marji,_Ethiopia_(11218490376).jpg	8c4394b152fbe9e32d672829d65eee3e795fc699	2014-06-03T06:33:49Z	Rod Waddington from Kergunyah, Australia	CC BY-SA 2.0	https://creativecommons.org/licenses/by-sa/2.0	true	raw/0036_metadata_0240_a1.response	1edda02aabacdd90620fd918d4f6622648bce72bdf9aa43cabd064979ef93f05
188834042	banana	File:At Tenerife 2026 567.jpg	https://commons.wikimedia.org/wiki/File:At_Tenerife_2026_567.jpg	d14877a9fb0ec70c05d17958b2430af317f832aa	2026-04-11T19:51:11Z	Photograph by Mike Peel (www.mikepeel.net).	CC BY-SA 4.0	https://creativecommons.org/licenses/by-sa/4.0	true	raw/0037_metadata_0250_a1.response	f7e135c9509e0e3996ca5414756af102970ba0d7a73fea4245d1656fa7e9298f
51959483	banana	File:Salvacion banana fair.jpg	https://commons.wikimedia.org/wiki/File:Salvacion_banana_fair.jpg	6acca34577a182bc913e9c9ed6469c9da98d8811	2016-09-30T20:35:15Z	Erfil	CC BY-SA 4.0	https://creativecommons.org/licenses/by-sa/4.0	true	raw/0037_metadata_0250_a1.response	f7e135c9509e0e3996ca5414756af102970ba0d7a73fea4245d1656fa7e9298f
27647526	banana	File:വാഴക്കുല 04.JPG	https://commons.wikimedia.org/wiki/File:%E0%B4%B5%E0%B4%BE%E0%B4%B4%E0%B4%95%E0%B5%8D%E0%B4%95%E0%B5%81%E0%B4%B2_04.JPG	85fbca78e40ddb4f719fe080125bd2ace901d039	2013-08-10T10:48:37Z	Ks.mini	CC BY-SA 3.0	https://creativecommons.org/licenses/by-sa/3.0	true	raw/0037_metadata_0250_a1.response	f7e135c9509e0e3996ca5414756af102970ba0d7a73fea4245d1656fa7e9298f
135205110	banana	File:Cabeza de plátanos Lamas.jpg	https://commons.wikimedia.org/wiki/File:Cabeza_de_pl%C3%A1tanos_Lamas.jpg	ce825f60a5404df218ac42b96fcae9627e42704c	2023-07-29T12:33:21Z	Miguel Chumpitazi	CC BY-SA 4.0	https://creativecommons.org/licenses/by-sa/4.0	true	raw/0037_metadata_0250_a1.response	f7e135c9509e0e3996ca5414756af102970ba0d7a73fea4245d1656fa7e9298f
113282511	banana	File:Plátanos sobre mesa.jpg	https://commons.wikimedia.org/wiki/File:Pl%C3%A1tanos_sobre_mesa.jpg	c34e96209bdcc40e401f3dfde18de68c659c8cbb	2021-12-12T05:48:51Z	Rdrg109	CC BY-SA 4.0	https://creativecommons.org/licenses/by-sa/4.0	true	raw/0037_metadata_0250_a1.response	f7e135c9509e0e3996ca5414756af102970ba0d7a73fea4245d1656fa7e9298f
194714993	banana	File:Closeup of bananas in the gym.jpg	https://commons.wikimedia.org/wiki/File:Closeup_of_bananas_in_the_gym.jpg	97e43efa54c5119ae13ad337a98e7f4f4219596c	2026-06-28T08:40:51Z	Shixart1985	CC BY 2.0	https://creativecommons.org/licenses/by/2.0	true	raw/0037_metadata_0250_a1.response	f7e135c9509e0e3996ca5414756af102970ba0d7a73fea4245d1656fa7e9298f
197341875	banana	File:Yelakki banana, bangalore, karnataka cross section.jpg	https://commons.wikimedia.org/wiki/File:Yelakki_banana,_bangalore,_karnataka_cross_section.jpg	6a4cd2b02a67f4491e1786d63fb68017a92003fa	2026-08-13T05:01:09Z	Mohanramus	CC BY 4.0	https://creativecommons.org/licenses/by/4.0	true	raw/0037_metadata_0250_a1.response	f7e135c9509e0e3996ca5414756af102970ba0d7a73fea4245d1656fa7e9298f
47678974	banana	File:サーターアンダギー ティッシュ (4293212356).jpg	https://commons.wikimedia.org/wiki/File:%E3%82%B5%E3%83%BC%E3%82%BF%E3%83%BC%E3%82%A2%E3%83%B3%E3%83%80%E3%82%AE%E3%83%BC_%E3%83%86%E3%82%A3%E3%83%83%E3%82%B7%E3%83%A5_(4293212356).jpg	8e5599a1a0d1047a2d0866349053496eac24e097	2016-03-22T09:49:21Z	Fumiaki Yoshimatsu	CC BY-SA 2.0	https://creativecommons.org/licenses/by-sa/2.0	true	raw/0037_metadata_0250_a1.response	f7e135c9509e0e3996ca5414756af102970ba0d7a73fea4245d1656fa7e9298f
31282031	banana	File:Mkungu outside of the owner boundaries 2014-02-22 01-20.jpg	https://commons.wikimedia.org/wiki/File:Mkungu_outside_of_the_owner_boundaries_2014-02-22_01-20.jpg	062ae4314bb4aefcfd50f7ba2a94e32eed79fe1f	2014-02-21T22:20:13Z	User:Kfuko	CC BY-SA 3.0	https://creativecommons.org/licenses/by-sa/3.0	true	raw/0037_metadata_0250_a1.response	f7e135c9509e0e3996ca5414756af102970ba0d7a73fea4245d1656fa7e9298f
4419413	banana	File:Karat banana.jpg	https://commons.wikimedia.org/wiki/File:Karat_banana.jpg	89667d3a9c461159d06e72861c6113322bb5f386	2008-07-21T17:13:25Z	IFCP	Public domain		false	raw/0037_metadata_0250_a1.response	f7e135c9509e0e3996ca5414756af102970ba0d7a73fea4245d1656fa7e9298f
158273990	banana	File:Banana-Sitia-Crete.jpg	https://commons.wikimedia.org/wiki/File:Banana-Sitia-Crete.jpg	ea0ecc79cca1cd582c4b453d7b4e2cc3f761f403	2025-01-20T16:30:22Z	Petro Stelte	CC BY-SA 4.0	https://creativecommons.org/licenses/by-sa/4.0	true	raw/0038_metadata_0260_a1.response	db02bced27f855fa3f418a8ecf6b6eeb4cdeeaafdb60157175b09c67872d2127
101300769	banana	File:Bananas - Cavendish Bananas (51013511991).jpg	https://commons.wikimedia.org/wiki/File:Bananas_-_Cavendish_Bananas_(51013511991).jpg	444231db7aae44959bd827ab7e09f75ba52c26b1	2021-03-11T05:08:37Z	ajay_suresh	CC BY 2.0	https://creativecommons.org/licenses/by/2.0	true	raw/0038_metadata_0260_a1.response	db02bced27f855fa3f418a8ecf6b6eeb4cdeeaafdb60157175b09c67872d2127
67199017	banana	File:Sa'bang batag.jpg	https://commons.wikimedia.org/wiki/File:Sa%27bang_batag.jpg	cdc5596dd00b97621e22aeb797dedf8a3a65af25	2018-03-09T22:09:42Z	Ringer	CC BY-SA 4.0	https://creativecommons.org/licenses/by-sa/4.0	true	raw/0038_metadata_0260_a1.response	db02bced27f855fa3f418a8ecf6b6eeb4cdeeaafdb60157175b09c67872d2127
20008675	banana	File:นายกรัฐมนตรี ตรวจสถานการณ์น้ำท่วม ณ จังหวัดสุราษฏร์ธาน - Flickr - Abhisit Vejjajiva (7).jpg	https://commons.wikimedia.org/wiki/File:%E0%B8%99%E0%B8%B2%E0%B8%A2%E0%B8%81%E0%B8%A3%E0%B8%B1%E0%B8%90%E0%B8%A1%E0%B8%99%E0%B8%95%E0%B8%A3%E0%B8%B5_%E0%B8%95%E0%B8%A3%E0%B8%A7%E0%B8%88%E0%B8%AA%E0%B8%96%E0%B8%B2%E0%B8%99%E0%B8%81%E0%B8%B2%E0%B8%A3%E0%B8%93%E0%B9%8C%E0%B8%99%E0%B9%89%E0%B8%B3%E0%B8%97%E0%B9%88%E0%B8%A7%E0%B8%A1_%E0%B8%93_%E0%B8%88%E0%B8%B1%E0%B8%87%E0%B8%AB%E0%B8%A7%E0%B8%B1%E0%B8%94%E0%B8%AA%E0%B8%B8%E0%B8%A3%E0%B8%B2%E0%B8%A9%E0%B8%8F%E0%B8%A3%E0%B9%8C%E0%B8%98%E0%B8%B2%E0%B8%99_-_Flickr_-_Abhisit_Vejjajiva_(7).jpg	a2e03f92e20226237ac760a46526d92818080ff5	2013-01-25T21:41:50Z	Abhisit Vejjajiva	CC BY 2.0	https://creativecommons.org/licenses/by/2.0	true	raw/0038_metadata_0260_a1.response	db02bced27f855fa3f418a8ecf6b6eeb4cdeeaafdb60157175b09c67872d2127
64369285	banana	File:VINABE (3).jpg	https://commons.wikimedia.org/wiki/File:VINABE_(3).jpg	bf6739a88f8995d37dc5e98390cd38151a2e0c8f	2017-11-26T18:06:52Z	VINABE	CC BY-SA 4.0	https://creativecommons.org/licenses/by-sa/4.0	true	raw/0038_metadata_0260_a1.response	db02bced27f855fa3f418a8ecf6b6eeb4cdeeaafdb60157175b09c67872d2127
53521657	banana	File:Walter Duhs beside a truck loaded with bananas, 1925 (7492073938).jpg	https://commons.wikimedia.org/wiki/File:Walter_Duhs_beside_a_truck_loaded_with_bananas,_1925_(7492073938).jpg	7507689a25ab44dccf0da29909c00dabc34b2f1a	2016-11-26T02:35:38Z	State Library of Queensland, Australia	No restrictions	https://www.flickr.com/commons/usage/	false	raw/0038_metadata_0260_a1.response	db02bced27f855fa3f418a8ecf6b6eeb4cdeeaafdb60157175b09c67872d2127
64435518	banana	File:خضار.jpg	https://commons.wikimedia.org/wiki/File:%D8%AE%D8%B6%D8%A7%D8%B1.jpg	c6a4f93f7644609255ce016c30c8e2f334cf4352	2017-11-29T12:52:26Z	TAKOUTI	CC0	http://creativecommons.org/publicdomain/zero/1.0/deed.en	false	raw/0038_metadata_0260_a1.response	db02bced27f855fa3f418a8ecf6b6eeb4cdeeaafdb60157175b09c67872d2127
8826534	banana	File:Kühlschifffahrt DCP 1633.JPG	https://commons.wikimedia.org/wiki/File:K%C3%BChlschifffahrt_DCP_1633.JPG	0f8349c2bb2d45180b14292774516962030c2485	2009-12-25T00:19:39Z	Dr. Karl-Heinz Hochhaus	CC BY 3.0	https://creativecommons.org/licenses/by/3.0	true	raw/0038_metadata_0260_a1.response	db02bced27f855fa3f418a8ecf6b6eeb4cdeeaafdb60157175b09c67872d2127
43046810	banana	File:Banana pup.JPG	https://commons.wikimedia.org/wiki/File:Banana_pup.JPG	d97d900327713504f31afc07a374098c2bd4380f	2015-09-09T20:32:03Z	FRUIT	CC BY-SA 4.0	https://creativecommons.org/licenses/by-sa/4.0	true	raw/0038_metadata_0260_a1.response	db02bced27f855fa3f418a8ecf6b6eeb4cdeeaafdb60157175b09c67872d2127
128892121	banana	File:ไหว้รถ.jpg	https://commons.wikimedia.org/wiki/File:%E0%B9%84%E0%B8%AB%E0%B8%A7%E0%B9%89%E0%B8%A3%E0%B8%96.jpg	891e1d4455c6ba1573a9a2497f50e973455d571d	2023-02-20T11:37:11Z	Wittayawatfirst	CC BY-SA 4.0	https://creativecommons.org/licenses/by-sa/4.0	true	raw/0038_metadata_0260_a1.response	db02bced27f855fa3f418a8ecf6b6eeb4cdeeaafdb60157175b09c67872d2127
104096621	banana	File:Small Bananas from Mexico.jpg	https://commons.wikimedia.org/wiki/File:Small_Bananas_from_Mexico.jpg	63d98db5f02192f68b09218f3bd37171b919416e	2021-04-21T23:52:29Z	Couch-scratching-cats	CC BY 3.0	https://creativecommons.org/licenses/by/3.0	true	raw/0039_metadata_0270_a1.response	c0d9c4180739e63d81e57e414571583621b80b440eec9d0cb63e4c8ed817288f
96716896	banana	File:S86E5299 - STS-086 - Foale examines fresh fruit brought to Mir by the STS-86 crew - DPLA - 2a5c33f27f2a343671b165bd8a50dec1.jpg	https://commons.wikimedia.org/wiki/File:S86E5299_-_STS-086_-_Foale_examines_fresh_fruit_brought_to_Mir_by_the_STS-86_crew_-_DPLA_-_2a5c33f27f2a343671b165bd8a50dec1.jpg	f181ede9fadb8e9fb4d39712ba4ad65389f6f96f	2020-11-24T05:49:51Z	National Aeronautics and Space Administration. Lyndon B. Johnson Space Center. 2/17/1973	Public domain		false	raw/0039_metadata_0270_a1.response	c0d9c4180739e63d81e57e414571583621b80b440eec9d0cb63e4c8ed817288f
152210247	banana	File:Cabezas de plátano en el Chapare 02.jpg	https://commons.wikimedia.org/wiki/File:Cabezas_de_pl%C3%A1tano_en_el_Chapare_02.jpg	f85b0ea4243ffb4ec91488d6fd40173023ea9baa	2024-09-04T16:43:40Z	Carlillasa	CC BY-SA 4.0	https://creativecommons.org/licenses/by-sa/4.0	true	raw/0039_metadata_0270_a1.response	c0d9c4180739e63d81e57e414571583621b80b440eec9d0cb63e4c8ed817288f
105692135	banana	File:Pisang Kukus Kelapa Parut.jpg	https://commons.wikimedia.org/wiki/File:Pisang_Kukus_Kelapa_Parut.jpg	5acc2f6d7e9c6d83d1b7b97903ca5f25cd59b344	2021-05-23T01:33:08Z	Mdsheth1986	CC BY-SA 4.0	https://creativecommons.org/licenses/by-sa/4.0	true	raw/0039_metadata_0270_a1.response	c0d9c4180739e63d81e57e414571583621b80b440eec9d0cb63e4c8ed817288f
83569959	banana	File:Banana's DNA Strand.jpg	https://commons.wikimedia.org/wiki/File:Banana%27s_DNA_Strand.jpg	97b0455cbcf8edd50396ced6a22c2ef35a42e8e2	2019-11-01T13:54:15Z	CyberTroopers	CC BY-SA 4.0	https://creativecommons.org/licenses/by-sa/4.0	true	raw/0039_metadata_0270_a1.response	c0d9c4180739e63d81e57e414571583621b80b440eec9d0cb63e4c8ed817288f
25582513	banana	File:Bananen-Box.jpg	https://commons.wikimedia.org/wiki/File:Bananen-Box.jpg	345d1b82cc4361e6f8f253a8ed686d8a5a5c74c1	2015-06-28T20:02:20Z	Gmhofmann	CC BY-SA 3.0	https://creativecommons.org/licenses/by-sa/3.0	true	raw/0039_metadata_0270_a1.response	c0d9c4180739e63d81e57e414571583621b80b440eec9d0cb63e4c8ed817288f
64041999	banana	File:Musa sapientum (9).jpg	https://commons.wikimedia.org/wiki/File:Musa_sapientum_(9).jpg	30596f83978eefaf36b42dfe46d1a8ffba2c601b	2017-11-13T11:21:14Z	Marija Gajić	CC BY-SA 4.0	https://creativecommons.org/licenses/by-sa/4.0	true	raw/0039_metadata_0270_a1.response	c0d9c4180739e63d81e57e414571583621b80b440eec9d0cb63e4c8ed817288f
42193136	banana	File:Botany of to-day, a popular account of recent notable discoveries (1911) (20412133401).jpg	https://commons.wikimedia.org/wiki/File:Botany_of_to-day,_a_popular_account_of_recent_notable_discoveries_(1911)_(20412133401).jpg	bb609fbd1b32adf6be2a20e23913d14b70c93e27	2015-08-09T05:32:46Z	Elliot, George Francis Scott, 1862-1934	No restrictions	https://www.flickr.com/commons/usage/	false	raw/0039_metadata_0270_a1.response	c0d9c4180739e63d81e57e414571583621b80b440eec9d0cb63e4c8ed817288f
36694342	banana	File:Malawi's Banana.JPG	https://commons.wikimedia.org/wiki/File:Malawi%27s_Banana.JPG	429eea2b0da2ea7c43f499bb512fbaeb7af683e5	2022-06-03T23:55:37Z	PETER LUNGILE CHIDOTHE	CC BY-SA 4.0	https://creativecommons.org/licenses/by-sa/4.0	true	raw/0039_metadata_0270_a1.response	c0d9c4180739e63d81e57e414571583621b80b440eec9d0cb63e4c8ed817288f
34189794	banana	File:Bananas on the Asphalt in 2012.jpg	https://commons.wikimedia.org/wiki/File:Bananas_on_the_Asphalt_in_2012.jpg	68592895f629a3b01793c48eaab912be66493467	2014-07-24T21:49:44Z	Lisa Risager	CC BY-SA 2.0	https://creativecommons.org/licenses/by-sa/2.0	true	raw/0039_metadata_0270_a1.response	c0d9c4180739e63d81e57e414571583621b80b440eec9d0cb63e4c8ed817288f
28377454	banana	File:Mercado Municipal - frutas (9636666194).jpg	https://commons.wikimedia.org/wiki/File:Mercado_Municipal_-_frutas_(9636666194).jpg	ad62a4aec283ebcf99a03b631c5fa661520403d4	2013-09-18T17:38:05Z	Leandro Neumann Ciuffo	CC BY 2.0	https://creativecommons.org/licenses/by/2.0	true	raw/0040_metadata_0280_a1.response	2052271d67d2e7288525be4a590963e6e04f242a45724a6b25eae093857e6584
164112275	banana	File:ခွံစိမ်း ငှက်ပျောသီး.jpg	https://commons.wikimedia.org/wiki/File:%E1%80%81%E1%80%BD%E1%80%B6%E1%80%85%E1%80%AD%E1%80%99%E1%80%BA%E1%80%B8_%E1%80%84%E1%80%BE%E1%80%80%E1%80%BA%E1%80%95%E1%80%BB%E1%80%B1%E1%80%AC%E1%80%9E%E1%80%AE%E1%80%B8.jpg	fe8efc155fca7120d0b8a102389febfd9e7f22cd	2025-04-25T03:35:12Z	SarKaLay စာကလေး	CC BY-SA 4.0	https://creativecommons.org/licenses/by-sa/4.0	true	raw/0040_metadata_0280_a1.response	2052271d67d2e7288525be4a590963e6e04f242a45724a6b25eae093857e6584
37134	banana	File:Stewart-Brown bananas.jpg	https://commons.wikimedia.org/wiki/File:Stewart-Brown_bananas.jpg	53665eb0e760d780bf90c95f471ed32d61e7829e	2005-01-02T23:18:32Z		CC BY 1.0	https://creativecommons.org/licenses/by/1.0	true	raw/0040_metadata_0280_a1.response	2052271d67d2e7288525be4a590963e6e04f242a45724a6b25eae093857e6584
23552139	banana	File:Bunch of bananas.JPG	https://commons.wikimedia.org/wiki/File:Bunch_of_bananas.JPG	84f3be501f6bd6b9842443f0e5a4e61e333551ee	2013-01-03T11:42:49Z	Pdpics.com	CC0	http://creativecommons.org/publicdomain/zero/1.0/deed.en	false	raw/0040_metadata_0280_a1.response	2052271d67d2e7288525be4a590963e6e04f242a45724a6b25eae093857e6584
71972474	banana	File:Starr-151029-0371-Musa x paradisiaca-Maia Iholena Upehupehu fruit-Maui Nui Botanical Garden Kahului-Maui (26256513836).jpg	https://commons.wikimedia.org/wiki/File:Starr-151029-0371-Musa_x_paradisiaca-Maia_Iholena_Upehupehu_fruit-Maui_Nui_Botanical_Garden_Kahului-Maui_(26256513836).jpg	3fcb6b2ebb9f7e658fb9c860de4304918ab01964	2018-08-24T17:16:03Z	Forest and Kim Starr	CC BY 3.0 us	https://creativecommons.org/licenses/by/3.0/us/deed.en	true	raw/0040_metadata_0280_a1.response	2052271d67d2e7288525be4a590963e6e04f242a45724a6b25eae093857e6584
48778730	banana	File:Banana plant, Florida (NYPL b11707397-G90F121 027F).tiff	https://commons.wikimedia.org/wiki/File:Banana_plant,_Florida_(NYPL_b11707397-G90F121_027F).tiff	4299e3daf48e1bc035bc73a1e0545570a3c13e7d	2016-05-14T17:12:11Z	Scan by NYPL	Public domain		false	raw/0040_metadata_0280_a1.response	2052271d67d2e7288525be4a590963e6e04f242a45724a6b25eae093857e6584
98461348	banana	File:Bua' Saging berangan @ Buah Pisang Berangan.jpg	https://commons.wikimedia.org/wiki/File:Bua%27_Saging_berangan_@_Buah_Pisang_Berangan.jpg	5b1ef0028f30e2db8d7158154afbe116df589f12	2021-01-03T05:08:58Z	Tengkuaidie	CC BY-SA 4.0	https://creativecommons.org/licenses/by-sa/4.0	true	raw/0040_metadata_0280_a1.response	2052271d67d2e7288525be4a590963e6e04f242a45724a6b25eae093857e6584
197341888	banana	File:Top view,Yelakki banana (Elakki Bale) Karnataka 2026.jpg	https://commons.wikimedia.org/wiki/File:Top_view,Yelakki_banana_(Elakki_Bale)_Karnataka_2026.jpg	43150089844aaf6bd958015570c0dc80ce553b9e	2026-08-13T05:01:17Z	Mohanramus	CC BY 4.0	https://creativecommons.org/licenses/by/4.0	true	raw/0040_metadata_0280_a1.response	2052271d67d2e7288525be4a590963e6e04f242a45724a6b25eae093857e6584
1101389	banana	File:Bananavarieties.jpg	https://commons.wikimedia.org/wiki/File:Bananavarieties.jpg	90e642dd2ebbe77d335d65987334e8c1704eea81	2006-08-27T20:17:44Z	TimothyPilgrim	CC BY-SA 3.0	http://creativecommons.org/licenses/by-sa/3.0/	true	raw/0040_metadata_0280_a1.response	2052271d67d2e7288525be4a590963e6e04f242a45724a6b25eae093857e6584
27033948	banana	File:Maury Geography 079C bananas.jpg	https://commons.wikimedia.org/wiki/File:Maury_Geography_079C_bananas.jpg	7d2566c278a87a4738835c64e6f41c033c185cde	2013-07-03T09:53:40Z	Matthew Fontaine Maury	Public domain		false	raw/0040_metadata_0280_a1.response	2052271d67d2e7288525be4a590963e6e04f242a45724a6b25eae093857e6584
51557884	banana	File:¿ Musa paradisiaca ? (5592353247).jpg	https://commons.wikimedia.org/wiki/File:%C2%BF_Musa_paradisiaca_%3F_(5592353247).jpg	cb292ebc63554213decc378850eca0f994cfd0f7	2016-09-20T03:59:47Z	Dinesh Valke from Thane, India	CC BY-SA 2.0	https://creativecommons.org/licenses/by-sa/2.0	true	raw/0041_metadata_0290_a1.response	29b495902a23225fb34d4e170f37bf316e1ddff517322b52584201a036d23f2a
149251992	banana	File:Fruto bananeira.jpg	https://commons.wikimedia.org/wiki/File:Fruto_bananeira.jpg	1eaf7ac34b2cb700e48edac04dccce2f30bb51ff	2024-06-10T22:04:14Z	Vitor Moris	CC BY 4.0	https://creativecommons.org/licenses/by/4.0	true	raw/0041_metadata_0290_a1.response	29b495902a23225fb34d4e170f37bf316e1ddff517322b52584201a036d23f2a
53521467	banana	File:Bananas ready for loading on the Cowley Jetty, ca. 1920 (7492066060).jpg	https://commons.wikimedia.org/wiki/File:Bananas_ready_for_loading_on_the_Cowley_Jetty,_ca._1920_(7492066060).jpg	ffdd941a5502da0ae8fd5ff49eecd19176656383	2016-11-26T02:26:52Z	State Library of Queensland, Australia	No restrictions	https://www.flickr.com/commons/usage/	false	raw/0041_metadata_0290_a1.response	29b495902a23225fb34d4e170f37bf316e1ddff517322b52584201a036d23f2a
2518756	banana	File:Desfile de Autos Clasicos y Antiguos(39).JPG	https://commons.wikimedia.org/wiki/File:Desfile_de_Autos_Clasicos_y_Antiguos(39).JPG	6c9a8850abf74b175b495c26bd61e04a746b207a	2007-08-05T06:08:12Z	SajoR	CC BY-SA 2.5	https://creativecommons.org/licenses/by-sa/2.5	true	raw/0041_metadata_0290_a1.response	29b495902a23225fb34d4e170f37bf316e1ddff517322b52584201a036d23f2a
40242431	banana	File:Banana Signed By Takeru Kobayashi (5200654638).jpg	https://commons.wikimedia.org/wiki/File:Banana_Signed_By_Takeru_Kobayashi_(5200654638).jpg	4d2fcd852dc4f6ce6d5ee78e593550068a9c8df1	2015-05-16T11:45:24Z	Shane K	CC BY-SA 2.0	https://creativecommons.org/licenses/by-sa/2.0	true	raw/0041_metadata_0290_a1.response	29b495902a23225fb34d4e170f37bf316e1ddff517322b52584201a036d23f2a
61228821	banana	File:Гнілыя бананы.jpg	https://commons.wikimedia.org/wiki/File:%D0%93%D0%BD%D1%96%D0%BB%D1%8B%D1%8F_%D0%B1%D0%B0%D0%BD%D0%B0%D0%BD%D1%8B.jpg	de897918f36019bc1d2e4d6c3739f833fb82d144	2017-07-21T16:07:37Z	Mr. Zabej	CC BY-SA 4.0	https://creativecommons.org/licenses/by-sa/4.0	true	raw/0041_metadata_0290_a1.response	29b495902a23225fb34d4e170f37bf316e1ddff517322b52584201a036d23f2a
101215683	banana	File:Banana for your health.jpg	https://commons.wikimedia.org/wiki/File:Banana_for_your_health.jpg	ff36505f14c07bf529738bca3d5c645bf2a44a8f	2021-03-08T03:07:15Z	Suleman Abdul Fatawu	CC BY-SA 4.0	https://creativecommons.org/licenses/by-sa/4.0	true	raw/0041_metadata_0290_a1.response	29b495902a23225fb34d4e170f37bf316e1ddff517322b52584201a036d23f2a
113483319	banana	File:Зображення-Luxor, Banana Island, Banana Tree, Egypt, June 2007.jpg	https://commons.wikimedia.org/wiki/File:%D0%97%D0%BE%D0%B1%D1%80%D0%B0%D0%B6%D0%B5%D0%BD%D0%BD%D1%8F-Luxor,_Banana_Island,_Banana_Tree,_Egypt,_June_2007.jpg	9b72d3c5bf482b77a9d57c0fa25bf355b0224113	2021-12-19T11:21:51Z	Kamelot	CC BY-SA 3.0	http://creativecommons.org/licenses/by-sa/3.0/	true	raw/0041_metadata_0290_a1.response	29b495902a23225fb34d4e170f37bf316e1ddff517322b52584201a036d23f2a
119275713	banana	File:Raw bananas hanging from the plant.jpg	https://commons.wikimedia.org/wiki/File:Raw_bananas_hanging_from_the_plant.jpg	f27118681807afac52807f3e33b79cda19246fb5	2022-06-14T10:42:51Z	Billjones94	CC BY-SA 4.0	https://creativecommons.org/licenses/by-sa/4.0	true	raw/0041_metadata_0290_a1.response	29b495902a23225fb34d4e170f37bf316e1ddff517322b52584201a036d23f2a
70042240	banana	File:Gary Nannerson.jpg	https://commons.wikimedia.org/wiki/File:Gary_Nannerson.jpg	28b2196c7819355655b8c536230224b4b8bebfa7	2018-06-18T20:38:11Z	Japatton	CC BY-SA 4.0	https://creativecommons.org/licenses/by-sa/4.0	true	raw/0041_metadata_0290_a1.response	29b495902a23225fb34d4e170f37bf316e1ddff517322b52584201a036d23f2a
3810300	banana	File:Bananier 1 2.jpg	https://commons.wikimedia.org/wiki/File:Bananier_1_2.jpg	d623415df8e90ed3db4119f79637415bf64e837b	2008-04-01T09:09:09Z	Béotien lambda	CC BY-SA 3.0	https://creativecommons.org/licenses/by-sa/3.0	true	raw/0042_metadata_0300_a1.response	b7715468a848321c285d93d1b389e7611776f25d11e3477a2e33f8653b6c16dc
106839139	banana	File:Bunguran Banana.jpg	https://commons.wikimedia.org/wiki/File:Bunguran_Banana.jpg	aa2b6718d70e6abb9305e92d49ccead18917c7f4	2021-06-21T15:44:15Z	MarvinBikolano	CC BY-SA 4.0	https://creativecommons.org/licenses/by-sa/4.0	true	raw/0042_metadata_0300_a1.response	b7715468a848321c285d93d1b389e7611776f25d11e3477a2e33f8653b6c16dc
59312945	banana	File:केराको घारी.jpg	https://commons.wikimedia.org/wiki/File:%E0%A4%95%E0%A5%87%E0%A4%B0%E0%A4%BE%E0%A4%95%E0%A5%8B_%E0%A4%98%E0%A4%BE%E0%A4%B0%E0%A5%80.jpg	87a3c74fc376b5795e38c1bc107152464314addb	2017-05-26T11:05:06Z	Janak Poudel	CC BY-SA 4.0	https://creativecommons.org/licenses/by-sa/4.0	true	raw/0042_metadata_0300_a1.response	b7715468a848321c285d93d1b389e7611776f25d11e3477a2e33f8653b6c16dc
101306394	banana	File:Young Banana plant of Kallidaikurichi.jpg	https://commons.wikimedia.org/wiki/File:Young_Banana_plant_of_Kallidaikurichi.jpg	c76ae823122d7a2223d19362c16e3aee3190063b	2021-03-11T10:48:04Z	Thamizhpparithi Maari	CC BY-SA 4.0	https://creativecommons.org/licenses/by-sa/4.0	true	raw/0042_metadata_0300_a1.response	b7715468a848321c285d93d1b389e7611776f25d11e3477a2e33f8653b6c16dc
167123503	banana	File:Pisang Mentah.jpg	https://commons.wikimedia.org/wiki/File:Pisang_Mentah.jpg	2ee2c0bca3787b140429506723671cc2369f28c7	2025-06-08T15:17:20Z	Fhikri Latifi	CC BY 4.0	https://creativecommons.org/licenses/by/4.0	true	raw/0042_metadata_0300_a1.response	b7715468a848321c285d93d1b389e7611776f25d11e3477a2e33f8653b6c16dc
129076860	banana	File:Banana with lipstick kiss marks all around by Dainis Graveris on www.sexualalpha.com (51098678303).jpg	https://commons.wikimedia.org/wiki/File:Banana_with_lipstick_kiss_marks_all_around_by_Dainis_Graveris_on_www.sexualalpha.com_(51098678303).jpg	9231411c9e2cc0a810c33f56e4b91876fcb20076	2023-02-26T13:37:47Z	Dainis Graveris	CC BY 2.0	https://creativecommons.org/licenses/by/2.0	true	raw/0042_metadata_0300_a1.response	b7715468a848321c285d93d1b389e7611776f25d11e3477a2e33f8653b6c16dc
32831184	banana	File:Bananas' middles have been vanishing with no warning- 2014-05-17 20-07.jpg	https://commons.wikimedia.org/wiki/File:Bananas%27_middles_have_been_vanishing_with_no_warning-_2014-05-17_20-07.jpg	5c9210795bca703c4a1eabd64b0eccc5afa42d2a	2014-05-18T01:07:47Z	User:Pop the rock	CC BY-SA 3.0	https://creativecommons.org/licenses/by-sa/3.0	true	raw/0042_metadata_0300_a1.response	b7715468a848321c285d93d1b389e7611776f25d11e3477a2e33f8653b6c16dc
13562039	banana	File:Banana.arp.750pix.jpg	https://commons.wikimedia.org/wiki/File:Banana.arp.750pix.jpg	074bcc9b74f1e9ba3ed5179cf3f05e2fa05362b9	2012-08-08T12:04:32Z	The original Uploader was Arpingstone at English Wikipedia	Public domain		false	raw/0042_metadata_0300_a1.response	b7715468a848321c285d93d1b389e7611776f25d11e3477a2e33f8653b6c16dc
43748918	banana	File:拔絲香蕉 (完成) (3269807762).jpg	https://commons.wikimedia.org/wiki/File:%E6%8B%94%E7%B5%B2%E9%A6%99%E8%95%89_(%E5%AE%8C%E6%88%90)_(3269807762).jpg	a4fb89176cb64b79a6a75c6c376a3ad17264ccad	2015-09-28T12:00:06Z	Dennis Wong from Hong Kong, Hong Kong	CC BY 2.0	https://creativecommons.org/licenses/by/2.0	true	raw/0042_metadata_0300_a1.response	b7715468a848321c285d93d1b389e7611776f25d11e3477a2e33f8653b6c16dc
165046192	banana	File:ငှက်ပျောဖီး.jpg	https://commons.wikimedia.org/wiki/File:%E1%80%84%E1%80%BE%E1%80%80%E1%80%BA%E1%80%95%E1%80%BB%E1%80%B1%E1%80%AC%E1%80%96%E1%80%AE%E1%80%B8.jpg	f7c9d40515491794e5020489795e99d663b2e1c9	2025-05-11T10:41:18Z	SarKaLay စာကလေး	CC BY-SA 4.0	https://creativecommons.org/licenses/by-sa/4.0	true	raw/0042_metadata_0300_a1.response	b7715468a848321c285d93d1b389e7611776f25d11e3477a2e33f8653b6c16dc
14754991	banana	File:കദളിപ്പഴം.JPG	https://commons.wikimedia.org/wiki/File:%E0%B4%95%E0%B4%A6%E0%B4%B3%E0%B4%BF%E0%B4%AA%E0%B5%8D%E0%B4%AA%E0%B4%B4%E0%B4%82.JPG	2642bdd03539110051aa469db11e8f68284a2c4c	2011-04-01T09:21:24Z	Noblevmy at Malayalam Wikipedia.	CC BY 3.0	https://creativecommons.org/licenses/by/3.0	true	raw/0043_metadata_0310_a1.response	0b72b4aa0bb09da61d813f4641871e6814007336f97cf1ca349916399b3fe4e0
10428533	banana	File:10.5 inch banana.JPG	https://commons.wikimedia.org/wiki/File:10.5_inch_banana.JPG	b53f555cd856c7054d4c1b08db646472a541f3e5	2010-05-25T19:53:08Z	BrokenSphere	CC BY-SA 3.0	https://creativecommons.org/licenses/by-sa/3.0	true	raw/0043_metadata_0310_a1.response	0b72b4aa0bb09da61d813f4641871e6814007336f97cf1ca349916399b3fe4e0
70449887	banana	File:Starr-061106-1450-Musa x paradisiaca-Iholena variety-Maui Nui Botanical Garden-Maui (24774954041).jpg	https://commons.wikimedia.org/wiki/File:Starr-061106-1450-Musa_x_paradisiaca-Iholena_variety-Maui_Nui_Botanical_Garden-Maui_(24774954041).jpg	6088cae2eb8bd0718a7398074fc19bbdacb7d50c	2018-07-02T02:27:48Z	Forest and Kim Starr	CC BY 2.0	https://creativecommons.org/licenses/by/2.0	true	raw/0043_metadata_0310_a1.response	0b72b4aa0bb09da61d813f4641871e6814007336f97cf1ca349916399b3fe4e0
78764912	banana	File:Tropical Bananas (109758265).jpeg	https://commons.wikimedia.org/wiki/File:Tropical_Bananas_(109758265).jpeg	d3cfcf3f28708a9589ecaeab6fca563625591058	2019-05-07T05:06:46Z	Henry Vagrant	CC BY-SA 3.0	https://creativecommons.org/licenses/by-sa/3.0	true	raw/0043_metadata_0310_a1.response	0b72b4aa0bb09da61d813f4641871e6814007336f97cf1ca349916399b3fe4e0
115625638	banana	File:Topochos.jpg	https://commons.wikimedia.org/wiki/File:Topochos.jpg	cccdc34e63b574651c1e5451b730a0a7311b2f01	2022-02-28T02:41:14Z	Muago	CC0	http://creativecommons.org/publicdomain/zero/1.0/deed.en	false	raw/0043_metadata_0310_a1.response	0b72b4aa0bb09da61d813f4641871e6814007336f97cf1ca349916399b3fe4e0
63866284	banana	File:File by Peteris P1160154 (3664658493).jpg	https://commons.wikimedia.org/wiki/File:File_by_Peteris_P1160154_(3664658493).jpg	a74c5e62ed0c88861a18fd331ab5c6682f6794ce	2017-11-05T05:18:02Z	Pēteris	CC BY 2.0	https://creativecommons.org/licenses/by/2.0	true	raw/0043_metadata_0310_a1.response	0b72b4aa0bb09da61d813f4641871e6814007336f97cf1ca349916399b3fe4e0
51568758	banana	File:Vaazha (Malayalam- വാഴ) (4292280153).jpg	https://commons.wikimedia.org/wiki/File:Vaazha_(Malayalam-_%E0%B4%B5%E0%B4%BE%E0%B4%B4)_(4292280153).jpg	ac529aaa7c3ed17c62be7db2c8b6383a87ad6260	2016-09-20T13:35:58Z	Dinesh Valke from Thane, India	CC BY-SA 2.0	https://creativecommons.org/licenses/by-sa/2.0	true	raw/0043_metadata_0310_a1.response	0b72b4aa0bb09da61d813f4641871e6814007336f97cf1ca349916399b3fe4e0
56466397	banana	File:Ilha da Gipóia, Angra dos Reis - RJ, Brazil - panoramio.jpg	https://commons.wikimedia.org/wiki/File:Ilha_da_Gip%C3%B3ia,_Angra_dos_Reis_-_RJ,_Brazil_-_panoramio.jpg	5d0d518bcee0b16313d9d60e0d4b23b486c65be9	2017-02-21T02:18:00Z	Rainer Strehl	CC BY-SA 3.0	https://creativecommons.org/licenses/by-sa/3.0	true	raw/0043_metadata_0310_a1.response	0b72b4aa0bb09da61d813f4641871e6814007336f97cf1ca349916399b3fe4e0
141688655	banana	File:Viber image 2023-11-04 21-23-46-917.jpg	https://commons.wikimedia.org/wiki/File:Viber_image_2023-11-04_21-23-46-917.jpg	08e057568d69eb339f4df3cb71ca301b37835e37	2023-12-03T19:05:05Z	Korunovska Emilija	CC BY 4.0	https://creativecommons.org/licenses/by/4.0	true	raw/0043_metadata_0310_a1.response	0b72b4aa0bb09da61d813f4641871e6814007336f97cf1ca349916399b3fe4e0
89861806	banana	File:Plantain and normal banana.jpg	https://commons.wikimedia.org/wiki/File:Plantain_and_normal_banana.jpg	3e4cfdfad02e9398f36e5993939afd96a9e8f0a4	2020-05-04T21:27:48Z	Affitisciuto	CC BY-SA 4.0	https://creativecommons.org/licenses/by-sa/4.0	true	raw/0043_metadata_0310_a1.response	0b72b4aa0bb09da61d813f4641871e6814007336f97cf1ca349916399b3fe4e0
32652839	orange	File:El color del sabor criollo.JPG	https://commons.wikimedia.org/wiki/File:El_color_del_sabor_criollo.JPG	ea4c1eb38ccbd1f82ad6bc97bbdf0277355049b4	2014-05-08T06:29:08Z	Jocsarabia	CC BY-SA 3.0	https://creativecommons.org/licenses/by-sa/3.0	true	raw/0044_metadata_0320_a1.response	e1ae7f62295056ceb1ade8aa97e2bfa327a562f8a9aac0891f0bbf3af098ff55
10003672	orange	File:Misc fruit.jpg	https://commons.wikimedia.org/wiki/File:Misc_fruit.jpg	110e17effa6db3a44e3ef53ce75b47edfa1b401f	2010-04-13T22:46:24Z	Sandy Austin	CC BY 2.0	https://creativecommons.org/licenses/by/2.0	true	raw/0044_metadata_0320_a1.response	e1ae7f62295056ceb1ade8aa97e2bfa327a562f8a9aac0891f0bbf3af098ff55
24244271	orange	File:Fruit for Sale (8389510436).jpg	https://commons.wikimedia.org/wiki/File:Fruit_for_Sale_(8389510436).jpg	29f456fe52283f55402519b2b39895adca88eea4	2013-01-27T02:34:09Z	Michael Coghlan from Adelaide, Australia	CC BY-SA 2.0	https://creativecommons.org/licenses/by-sa/2.0	true	raw/0044_metadata_0320_a1.response	e1ae7f62295056ceb1ade8aa97e2bfa327a562f8a9aac0891f0bbf3af098ff55
89383014	orange	File:Seville Oranges (23766632933).jpg	https://commons.wikimedia.org/wiki/File:Seville_Oranges_(23766632933).jpg	fcb8b86ca83ec6c5662f7573ac50029de25c1ff3	2020-04-22T16:03:30Z	Amanda Slater from Coventry, West Midlands, UK	CC BY-SA 2.0	https://creativecommons.org/licenses/by-sa/2.0	true	raw/0044_metadata_0320_a1.response	e1ae7f62295056ceb1ade8aa97e2bfa327a562f8a9aac0891f0bbf3af098ff55
41403956	orange	File:Sonhar-com-laranja.jpg	https://commons.wikimedia.org/wiki/File:Sonhar-com-laranja.jpg	3721d9bcc9a04990e9e020172c5adabc931fe756	2015-07-06T14:39:44Z	Larissalara400	Public domain		false	raw/0044_metadata_0320_a1.response	e1ae7f62295056ceb1ade8aa97e2bfa327a562f8a9aac0891f0bbf3af098ff55
127414860	orange	File:ORANGES IN GOMBE OLD MARKET.jpg	https://commons.wikimedia.org/wiki/File:ORANGES_IN_GOMBE_OLD_MARKET.jpg	169fd1d4eb3eefd309adef1bc350635174ad2eae	2023-01-05T15:23:08Z	Yahuzaishat	CC BY-SA 4.0	https://creativecommons.org/licenses/by-sa/4.0	true	raw/0044_metadata_0320_a1.response	e1ae7f62295056ceb1ade8aa97e2bfa327a562f8a9aac0891f0bbf3af098ff55
83669904	orange	File:Oranges for sale at a farmers market in The Villages Florida.jpg	https://commons.wikimedia.org/wiki/File:Oranges_for_sale_at_a_farmers_market_in_The_Villages_Florida.jpg	9afbd41dc160e2ce7ac61dbafbba8829263cf8fd	2019-11-04T23:38:12Z	Whoisjohngalt	CC BY-SA 4.0	https://creativecommons.org/licenses/by-sa/4.0	true	raw/0044_metadata_0320_a1.response	e1ae7f62295056ceb1ade8aa97e2bfa327a562f8a9aac0891f0bbf3af098ff55
190169480	orange	File:Oranges on a tree 065.jpg	https://commons.wikimedia.org/wiki/File:Oranges_on_a_tree_065.jpg	58616ceba7576b0490f45121d994106730a2059a	2026-04-23T21:14:23Z	Danjuma Anthony	CC BY-SA 4.0	https://creativecommons.org/licenses/by-sa/4.0	true	raw/0044_metadata_0320_a1.response	e1ae7f62295056ceb1ade8aa97e2bfa327a562f8a9aac0891f0bbf3af098ff55
53524752	orange	File:Governor LeRoy Collins at the Florida Citrus Exposition- Winter Haven, Florida (5430425667).jpg	https://commons.wikimedia.org/wiki/File:Governor_LeRoy_Collins_at_the_Florida_Citrus_Exposition-_Winter_Haven,_Florida_(5430425667).jpg	ceeff572afa18333fccfe0fb2c64c6151d267555	2016-11-26T06:08:39Z	State Library and Archives of Florida	Public domain		false	raw/0044_metadata_0320_a1.response	e1ae7f62295056ceb1ade8aa97e2bfa327a562f8a9aac0891f0bbf3af098ff55
87920587	orange	File:دارابی.jpg	https://commons.wikimedia.org/wiki/File:%D8%AF%D8%A7%D8%B1%D8%A7%D8%A8%DB%8C.jpg	1e947a68ecf77b7811c3e5d0f9bc1cc01f81069a	2020-03-11T11:11:20Z	MiladKardgar	CC BY-SA 4.0	https://creativecommons.org/licenses/by-sa/4.0	true	raw/0044_metadata_0320_a1.response	e1ae7f62295056ceb1ade8aa97e2bfa327a562f8a9aac0891f0bbf3af098ff55
52312628	orange	File:Open refrigerator with food at night.jpg	https://commons.wikimedia.org/wiki/File:Open_refrigerator_with_food_at_night.jpg	b3f5251caae57cb9521c6d816f041b1a2da27c2c	2016-10-16T22:43:23Z	W.carter	CC BY-SA 4.0	https://creativecommons.org/licenses/by-sa/4.0	true	raw/0045_metadata_0330_a1.response	5cf5ed2adefed46320d50219c4f358a2b68e72dcd5d88db6ae0629cee6f21e4e
82067318	orange	File:Pelosi helps the WC Kitchen during 2019 shutdown.jpg	https://commons.wikimedia.org/wiki/File:Pelosi_helps_the_WC_Kitchen_during_2019_shutdown.jpg	4d7cb61923aaae09722642b66a82f96d96d40be8	2019-09-11T13:59:48Z	Office of U.S. House Speaker	Public domain		false	raw/0045_metadata_0330_a1.response	5cf5ed2adefed46320d50219c4f358a2b68e72dcd5d88db6ae0629cee6f21e4e
155078253	orange	File:Mokotra ou orange de singe.jpg	https://commons.wikimedia.org/wiki/File:Mokotra_ou_orange_de_singe.jpg	8ad2c7d5e7bb1c1dc0799010ecc449eafc26dfcd	2024-11-10T20:12:05Z	Chirocca77	CC BY 4.0	https://creativecommons.org/licenses/by/4.0	true	raw/0045_metadata_0330_a1.response	5cf5ed2adefed46320d50219c4f358a2b68e72dcd5d88db6ae0629cee6f21e4e
99829170	orange	File:Oranges5.jpg	https://commons.wikimedia.org/wiki/File:Oranges5.jpg	8bfbb3d86c8493b74e275b1af5e17ba0392c4982	2021-02-13T17:42:28Z	Gunther Hagleitner	CC BY 2.0	https://creativecommons.org/licenses/by/2.0	true	raw/0045_metadata_0330_a1.response	5cf5ed2adefed46320d50219c4f358a2b68e72dcd5d88db6ae0629cee6f21e4e
46286500	orange	File:Oranges Valencialate Cl J Weber (23047131114).jpg	https://commons.wikimedia.org/wiki/File:Oranges_Valencialate_Cl_J_Weber_(23047131114).jpg	2cdd1e093cf774f110fbfa8ce6437a20a59ddd6b	2016-01-10T22:00:16Z	INRA DIST from France	CC BY 2.0	https://creativecommons.org/licenses/by/2.0	true	raw/0045_metadata_0330_a1.response	5cf5ed2adefed46320d50219c4f358a2b68e72dcd5d88db6ae0629cee6f21e4e
86917699	orange	File:Orange production, OWID.svg	https://commons.wikimedia.org/wiki/File:Orange_production,_OWID.svg	d6fae64de65e1103f62991ff006fca0db96cf075	2020-02-11T16:47:29Z	Our World In Data	CC BY 3.0	https://creativecommons.org/licenses/by/3.0	true	raw/0045_metadata_0330_a1.response	5cf5ed2adefed46320d50219c4f358a2b68e72dcd5d88db6ae0629cee6f21e4e
177456204	orange	File:Postre de naranja con canela.jpg	https://commons.wikimedia.org/wiki/File:Postre_de_naranja_con_canela.jpg	3a55e57be09efac2391831a90271125356ec1119	2025-10-27T15:43:51Z	Horacio Cambeiro	CC BY-SA 4.0	https://creativecommons.org/licenses/by-sa/4.0	true	raw/0045_metadata_0330_a1.response	5cf5ed2adefed46320d50219c4f358a2b68e72dcd5d88db6ae0629cee6f21e4e
75411570	orange	File:Oranges of of Kallidaikurichi.jpg	https://commons.wikimedia.org/wiki/File:Oranges_of_of_Kallidaikurichi.jpg	11b537bfbbf5f04c489b8067c9d2c41373db4bc5	2018-12-29T16:28:58Z	Thamizhpparithi Maari	CC BY-SA 4.0	https://creativecommons.org/licenses/by-sa/4.0	true	raw/0045_metadata_0330_a1.response	5cf5ed2adefed46320d50219c4f358a2b68e72dcd5d88db6ae0629cee6f21e4e
99328922	orange	File:Новогоднее настроение.jpg	https://commons.wikimedia.org/wiki/File:%D0%9D%D0%BE%D0%B2%D0%BE%D0%B3%D0%BE%D0%B4%D0%BD%D0%B5%D0%B5_%D0%BD%D0%B0%D1%81%D1%82%D1%80%D0%BE%D0%B5%D0%BD%D0%B8%D0%B5.jpg	dc13cd71766c689b1ccd494fe06098f9876aeeeb	2021-01-27T21:47:25Z	Татьяна Мухачева	CC BY-SA 4.0	https://creativecommons.org/licenses/by-sa/4.0	true	raw/0045_metadata_0330_a1.response	5cf5ed2adefed46320d50219c4f358a2b68e72dcd5d88db6ae0629cee6f21e4e
102594980	orange	File:Tropical fruit seller.jpg	https://commons.wikimedia.org/wiki/File:Tropical_fruit_seller.jpg	34e49f6067b107f88a9b46256b2033d35305d392	2021-03-29T17:51:44Z	Wiwik P	CC BY-SA 4.0	https://creativecommons.org/licenses/by-sa/4.0	true	raw/0045_metadata_0330_a1.response	5cf5ed2adefed46320d50219c4f358a2b68e72dcd5d88db6ae0629cee6f21e4e
191333359	orange	File:Jeruk santang 1.jpg	https://commons.wikimedia.org/wiki/File:Jeruk_santang_1.jpg	fb92a7707d7d5332a3dfbf1760e75d5a5722f68a	2026-05-06T03:27:59Z	Astari28	CC BY 4.0	https://creativecommons.org/licenses/by/4.0	true	raw/0046_metadata_0340_a1.response	f8d9f3fdcefaae4aadb01c1c749af0c657f2adbdcf37947af0515828faf6056e
65405503	orange	File:Sapindales - Citrus sinensis - 12.jpg	https://commons.wikimedia.org/wiki/File:Sapindales_-_Citrus_sinensis_-_12.jpg	7aa69dd33e6ef408c9a84520df0aa36a8dc47aae	2018-01-10T10:12:33Z	Emőke Dénes	CC BY-SA 4.0	https://creativecommons.org/licenses/by-sa/4.0	true	raw/0046_metadata_0340_a1.response	f8d9f3fdcefaae4aadb01c1c749af0c657f2adbdcf37947af0515828faf6056e
112794688	orange	File:Fresh Orange Juice (27066345183).jpg	https://commons.wikimedia.org/wiki/File:Fresh_Orange_Juice_(27066345183).jpg	e86b3f6fa2f431e47dc96f7cd528200680fab57a	2021-11-25T03:32:43Z	subherwal from London, United Kingdom	CC BY 2.0	https://creativecommons.org/licenses/by/2.0	true	raw/0046_metadata_0340_a1.response	f8d9f3fdcefaae4aadb01c1c749af0c657f2adbdcf37947af0515828faf6056e
88540551	orange	File:Natural indulgence sastojci.jpg	https://commons.wikimedia.org/wiki/File:Natural_indulgence_sastojci.jpg	39c03329ffea742a8ce01b4638042779f9a2d8e5	2020-03-25T09:21:12Z	Milena Marinic	CC BY-SA 4.0	https://creativecommons.org/licenses/by-sa/4.0	true	raw/0046_metadata_0340_a1.response	f8d9f3fdcefaae4aadb01c1c749af0c657f2adbdcf37947af0515828faf6056e
146413654	orange	File:Structure of an orange.svg	https://commons.wikimedia.org/wiki/File:Structure_of_an_orange.svg	284ca66af5926114133eeefebd810d4ba2b88e56	2024-03-25T10:15:31Z	Chiswick Chap	CC BY 2.5	https://creativecommons.org/licenses/by/2.5	true	raw/0046_metadata_0340_a1.response	f8d9f3fdcefaae4aadb01c1c749af0c657f2adbdcf37947af0515828faf6056e
81586665	orange	File:Oranges Are Not The Only Fruit (40814468122).jpg	https://commons.wikimedia.org/wiki/File:Oranges_Are_Not_The_Only_Fruit_(40814468122).jpg	1d2b976f3c0e711ab9f168ccb4ca74dc24ae0f7c	2019-08-24T18:58:40Z	Michael Gaylard from Horsham, UK	CC BY 2.0	https://creativecommons.org/licenses/by/2.0	true	raw/0046_metadata_0340_a1.response	f8d9f3fdcefaae4aadb01c1c749af0c657f2adbdcf37947af0515828faf6056e
32215263	orange	File:Orange fruit.jpeg	https://commons.wikimedia.org/wiki/File:Orange_fruit.jpeg	9c03ced42da3f2917e2908280a8c30592060728e	2014-04-16T20:09:33Z	Tshrinivasan	CC BY 3.0	https://creativecommons.org/licenses/by/3.0	true	raw/0046_metadata_0340_a1.response	f8d9f3fdcefaae4aadb01c1c749af0c657f2adbdcf37947af0515828faf6056e
178935904	orange	File:Портокали во кошничка.jpg	https://commons.wikimedia.org/wiki/File:%D0%9F%D0%BE%D1%80%D1%82%D0%BE%D0%BA%D0%B0%D0%BB%D0%B8_%D0%B2%D0%BE_%D0%BA%D0%BE%D1%88%D0%BD%D0%B8%D1%87%D0%BA%D0%B0.jpg	0d9bba8fbd75614b909b91c9ecb9e1c871086190	2025-11-25T07:01:27Z	Mihail Verbal	CC BY 4.0	https://creativecommons.org/licenses/by/4.0	true	raw/0046_metadata_0340_a1.response	f8d9f3fdcefaae4aadb01c1c749af0c657f2adbdcf37947af0515828faf6056e
38944267	orange	File:Hickson and Whitener (3093708612).jpg	https://commons.wikimedia.org/wiki/File:Hickson_and_Whitener_(3093708612).jpg	084f3da1d4c6ed2478cbc26cda50ac42cc13935d	2015-03-15T15:49:01Z	Miami U. Libraries - Digital Collections	Public domain		false	raw/0046_metadata_0340_a1.response	f8d9f3fdcefaae4aadb01c1c749af0c657f2adbdcf37947af0515828faf6056e
89383017	orange	File:Seville Oranges (24393403215).jpg	https://commons.wikimedia.org/wiki/File:Seville_Oranges_(24393403215).jpg	e4cdc39e6ca334a806fc8c92fd48824970c26d3a	2020-04-22T16:03:34Z	Amanda Slater from Coventry, West Midlands, UK	CC BY-SA 2.0	https://creativecommons.org/licenses/by-sa/2.0	true	raw/0046_metadata_0340_a1.response	f8d9f3fdcefaae4aadb01c1c749af0c657f2adbdcf37947af0515828faf6056e
60372945	orange	File:عصير-برتقال.jpg	https://commons.wikimedia.org/wiki/File:%D8%B9%D8%B5%D9%8A%D8%B1-%D8%A8%D8%B1%D8%AA%D9%82%D8%A7%D9%84.jpg	c3f3fe419b768813035752cec212f94ed3d85765	2017-06-25T12:49:34Z	Mustafa Al-Elq	CC BY-SA 4.0	https://creativecommons.org/licenses/by-sa/4.0	true	raw/0047_metadata_0350_a1.response	8668e4eb9863b5e6bcf170e52f36a3cd955354da34a9eb6538ae06ff58e7a504
151033960	orange	File:Apples and... (2333028743).jpg	https://commons.wikimedia.org/wiki/File:Apples_and..._(2333028743).jpg	00741ce6737f5cb528a8cc49419524e9a87cd638	2024-07-31T18:19:10Z	Daniel R. Blume from Toledo, Ohio, USA	CC BY-SA 2.0	https://creativecommons.org/licenses/by-sa/2.0	true	raw/0047_metadata_0350_a1.response	8668e4eb9863b5e6bcf170e52f36a3cd955354da34a9eb6538ae06ff58e7a504
153828219	orange	File:Orange fruit (Citrus × sinensis).jpg	https://commons.wikimedia.org/wiki/File:Orange_fruit_(Citrus_%C3%97_sinensis).jpg	283d5f725e16fb19e3648d37d5a23274c9fe8a76	2024-10-12T11:40:50Z	Kuttykrishnan Photos	CC0	http://creativecommons.org/publicdomain/zero/1.0/deed.en	false	raw/0047_metadata_0350_a1.response	8668e4eb9863b5e6bcf170e52f36a3cd955354da34a9eb6538ae06ff58e7a504
137288574	orange	File:Authentic Sagada Orange.jpg	https://commons.wikimedia.org/wiki/File:Authentic_Sagada_Orange.jpg	5d24e9d6591cc34863b2c83aafa08601b289142a	2023-09-10T01:20:54Z	Chrisaligo	CC BY-SA 4.0	https://creativecommons.org/licenses/by-sa/4.0	true	raw/0047_metadata_0350_a1.response	8668e4eb9863b5e6bcf170e52f36a3cd955354da34a9eb6538ae06ff58e7a504
9971276	orange	File:Orange on the tree.jpg	https://commons.wikimedia.org/wiki/File:Orange_on_the_tree.jpg	fe53d66aacb3d670582e441df22970e839fe8d7f	2010-04-10T03:56:59Z	Kylelovesyou	Public domain		false	raw/0047_metadata_0350_a1.response	8668e4eb9863b5e6bcf170e52f36a3cd955354da34a9eb6538ae06ff58e7a504
26210187	orange	File:Some Navel Oranges.JPG	https://commons.wikimedia.org/wiki/File:Some_Navel_Oranges.JPG	085f8cf0f1e6c9e0151d673e81f6cebebe157b77	2013-05-21T03:41:34Z	Brandizzi	CC BY-SA 3.0	https://creativecommons.org/licenses/by-sa/3.0	true	raw/0047_metadata_0350_a1.response	8668e4eb9863b5e6bcf170e52f36a3cd955354da34a9eb6538ae06ff58e7a504
54313406	orange	File:Orange - IMG 0418 (5443175186).jpg	https://commons.wikimedia.org/wiki/File:Orange_-_IMG_0418_(5443175186).jpg	6c9459d3629bc95ec552f76acd7232320c28cad2	2016-12-20T21:23:30Z	N i c o l a from Fiumicino (Rome), Italy	CC BY 2.0	https://creativecommons.org/licenses/by/2.0	true	raw/0047_metadata_0350_a1.response	8668e4eb9863b5e6bcf170e52f36a3cd955354da34a9eb6538ae06ff58e7a504
67303354	orange	File:Oranges (8058842598).jpg	https://commons.wikimedia.org/wiki/File:Oranges_(8058842598).jpg	eef6aa295caa46c85c50841244785cdbd78e8d36	2018-03-13T09:54:16Z	pamsai, 200K views, thank you	CC BY-SA 2.0	https://creativecommons.org/licenses/by-sa/2.0	true	raw/0047_metadata_0350_a1.response	8668e4eb9863b5e6bcf170e52f36a3cd955354da34a9eb6538ae06ff58e7a504
24319729	orange	File:Oranges (318491148).jpg	https://commons.wikimedia.org/wiki/File:Oranges_(318491148).jpg	62f206544611fe9b40ff8f40fb3d98db29ad9d0d	2013-01-29T18:03:19Z	Guy MOLL from Faro, Portugal	CC BY 2.0	https://creativecommons.org/licenses/by/2.0	true	raw/0047_metadata_0350_a1.response	8668e4eb9863b5e6bcf170e52f36a3cd955354da34a9eb6538ae06ff58e7a504
146364070	orange	File:Day 131 - Local Oranges - Flickr - Dennis S. Hurd.jpg	https://commons.wikimedia.org/wiki/File:Day_131_-_Local_Oranges_-_Flickr_-_Dennis_S._Hurd.jpg	231dd676b529855f061b9f2fa89d9bfa06a44645	2024-03-14T02:38:44Z	Dennis Sylvester Hurd	CC BY 2.0	https://creativecommons.org/licenses/by/2.0	true	raw/0047_metadata_0350_a1.response	8668e4eb9863b5e6bcf170e52f36a3cd955354da34a9eb6538ae06ff58e7a504
19022630	orange	File:Orange ഓറഞ്ച്.JPG	https://commons.wikimedia.org/wiki/File:Orange_%E0%B4%93%E0%B4%B1%E0%B4%9E%E0%B5%8D%E0%B4%9A%E0%B5%8D.JPG	5b4c2bdda9acd251b2690cb8389708262d9af8e3	2012-04-09T14:33:40Z	കാക്കര	CC BY-SA 3.0	https://creativecommons.org/licenses/by-sa/3.0	true	raw/0048_metadata_0360_a1.response	b0594b7df93dd1b0cfaae85bac50cdb70e27c7eea5108a004a5a5ff730cddff5
170282091	orange	File:လိမ္မော်သီး.jpg	https://commons.wikimedia.org/wiki/File:%E1%80%9C%E1%80%AD%E1%80%99%E1%80%B9%E1%80%99%E1%80%B1%E1%80%AC%E1%80%BA%E1%80%9E%E1%80%AE%E1%80%B8.jpg	c2d62a4fc61eba3d0b0839c44e4bb53140047bd7	2025-07-18T09:07:53Z	SarKaLay စာကလေး	CC BY-SA 4.0	https://creativecommons.org/licenses/by-sa/4.0	true	raw/0048_metadata_0360_a1.response	b0594b7df93dd1b0cfaae85bac50cdb70e27c7eea5108a004a5a5ff730cddff5
42382116	orange	File:Catalogue (1906) (20389020320).jpg	https://commons.wikimedia.org/wiki/File:Catalogue_(1906)_(20389020320).jpg	1717295f371d9b483fc96c99be058467e6ce9516	2015-08-15T20:43:55Z	Fancher Creek Nurseries; Roeding, George Christian, 1868-1928; Henry G. Gilbert Nursery and Seed Trade Catalog Collection	No restrictions	https://www.flickr.com/commons/usage/	false	raw/0048_metadata_0360_a1.response	b0594b7df93dd1b0cfaae85bac50cdb70e27c7eea5108a004a5a5ff730cddff5
38383218	orange	File:Strange-Orange 35151-480x360 (4791921239).jpg	https://commons.wikimedia.org/wiki/File:Strange-Orange_35151-480x360_(4791921239).jpg	bcdbe7aceaf19f19296f51c92a0a792c03faa408	2015-02-14T17:01:36Z	Emilian Robert Vicol from Com. Balanesti, Romania	CC BY 2.0	https://creativecommons.org/licenses/by/2.0	true	raw/0048_metadata_0360_a1.response	b0594b7df93dd1b0cfaae85bac50cdb70e27c7eea5108a004a5a5ff730cddff5
30932140	orange	File:Stuff (test the android app).jpg	https://commons.wikimedia.org/wiki/File:Stuff_(test_the_android_app).jpg	6091253fcd22a6aab3eb5114ca37aeee4add3db7	2014-02-02T08:41:53Z	Klortho	CC BY-SA 3.0	https://creativecommons.org/licenses/by-sa/3.0	true	raw/0048_metadata_0360_a1.response	b0594b7df93dd1b0cfaae85bac50cdb70e27c7eea5108a004a5a5ff730cddff5
53611133	orange	File:Boxes of green grocery on The Roundway Tottenham London England.jpg	https://commons.wikimedia.org/wiki/File:Boxes_of_green_grocery_on_The_Roundway_Tottenham_London_England.jpg	166cfe268bd8552aff047ca7606e148085c2a677	2016-11-29T00:18:46Z	Acabashi	CC BY-SA 4.0	https://creativecommons.org/licenses/by-sa/4.0	true	raw/0048_metadata_0360_a1.response	b0594b7df93dd1b0cfaae85bac50cdb70e27c7eea5108a004a5a5ff730cddff5
30297918	orange	File:Processo de lavagem se seleção de laranjas.jpg	https://commons.wikimedia.org/wiki/File:Processo_de_lavagem_se_sele%C3%A7%C3%A3o_de_laranjas.jpg	afcf8df6836150abc40f04d38ba37f6a997dafd2	2013-12-23T04:23:53Z	Deivid 21	CC BY-SA 3.0	https://creativecommons.org/licenses/by-sa/3.0	true	raw/0048_metadata_0360_a1.response	b0594b7df93dd1b0cfaae85bac50cdb70e27c7eea5108a004a5a5ff730cddff5
3944607	orange	File:Ribera arance wn.jpg	https://commons.wikimedia.org/wiki/File:Ribera_arance_wn.jpg	74f30db3fd572d64113838f014a776a1af6821ee	2008-04-26T14:22:50Z	Figiu	CC BY-SA 3.0	https://creativecommons.org/licenses/by-sa/3.0	true	raw/0048_metadata_0360_a1.response	b0594b7df93dd1b0cfaae85bac50cdb70e27c7eea5108a004a5a5ff730cddff5
52562190	orange	File:05605-Pomona-1904-Old Baldy 10000 feet high from Orange Orchards-Brück & Sohn Kunstverlag.jpg	https://commons.wikimedia.org/wiki/File:05605-Pomona-1904-Old_Baldy_10000_feet_high_from_Orange_Orchards-Br%C3%BCck_%26_Sohn_Kunstverlag.jpg	32fedc111e103cb88336290a7c1b500f2ca568d5	2016-10-27T18:42:11Z	Brück & Sohn Kunstverlag Meißen	CC0	http://creativecommons.org/publicdomain/zero/1.0/deed.en	false	raw/0048_metadata_0360_a1.response	b0594b7df93dd1b0cfaae85bac50cdb70e27c7eea5108a004a5a5ff730cddff5
18953997	orange	File:Oranges kiwis.JPG	https://commons.wikimedia.org/wiki/File:Oranges_kiwis.JPG	d0f6befae1b0f6a28ca553e1c0d6ae259bc7c13e	2012-04-08T22:31:47Z	Dalila01	CC BY-SA 3.0	https://creativecommons.org/licenses/by-sa/3.0	true	raw/0048_metadata_0360_a1.response	b0594b7df93dd1b0cfaae85bac50cdb70e27c7eea5108a004a5a5ff730cddff5
7754373	orange	File:Sinaasappel.jpg	https://commons.wikimedia.org/wiki/File:Sinaasappel.jpg	61e182a4fd421e1167305ff9b0c2093bc04b74dd	2009-09-07T13:22:10Z		Public domain		false	raw/0049_metadata_0370_a1.response	17c39b9a6ab77415b1f778fd636d8677b8bc5ae88d84972c7fe1e6b63a3d1561
85833532	orange	File:海南三亚爱媛橙.jpg	https://commons.wikimedia.org/wiki/File:%E6%B5%B7%E5%8D%97%E4%B8%89%E4%BA%9A%E7%88%B1%E5%AA%9B%E6%A9%99.jpg	0876450edf36818549e39b74cb17b1c24c7dd0d3	2020-01-12T08:03:56Z	Walter Grassroot	CC BY-SA 4.0	https://creativecommons.org/licenses/by-sa/4.0	true	raw/0049_metadata_0370_a1.response	17c39b9a6ab77415b1f778fd636d8677b8bc5ae88d84972c7fe1e6b63a3d1561
76864908	orange	File:A set of fruits on the market Danilovsky Market, Moscow, Russia (25840009267).jpg	https://commons.wikimedia.org/wiki/File:A_set_of_fruits_on_the_market_Danilovsky_Market,_Moscow,_Russia_(25840009267).jpg	dc51950ce5bcb1fb06229f030ba8256c7b7c7ecb	2019-02-26T01:31:52Z	Andrey Filippov 安德烈 from Moscow, Russia	CC BY 2.0	https://creativecommons.org/licenses/by/2.0	true	raw/0049_metadata_0370_a1.response	17c39b9a6ab77415b1f778fd636d8677b8bc5ae88d84972c7fe1e6b63a3d1561
101263896	orange	File:Orange wholesale.jpg	https://commons.wikimedia.org/wiki/File:Orange_wholesale.jpg	1f4b3edd82efdb8742e304b2d0125a018c9c90d7	2021-03-09T18:12:18Z	Sayhi2kojo	CC BY-SA 4.0	https://creativecommons.org/licenses/by-sa/4.0	true	raw/0049_metadata_0370_a1.response	17c39b9a6ab77415b1f778fd636d8677b8bc5ae88d84972c7fe1e6b63a3d1561
38832916	orange	File:Orange Day March 20th 1915 (12840850224).jpg	https://commons.wikimedia.org/wiki/File:Orange_Day_March_20th_1915_(12840850224).jpg	8663f135cb5b778cad6713b47f98303184a857ef	2015-03-10T09:42:13Z	Miami University Libraries - Digital Collections	No restrictions	https://www.flickr.com/commons/usage/	false	raw/0049_metadata_0370_a1.response	17c39b9a6ab77415b1f778fd636d8677b8bc5ae88d84972c7fe1e6b63a3d1561
20268843	orange	File:Orange juice-State beverage of Florida.jpg	https://commons.wikimedia.org/wiki/File:Orange_juice-State_beverage_of_Florida.jpg	8f122a6d907f35446b5fb6ed45fadb957d0b82b6	2012-07-15T00:21:14Z	Florida Memory	Public domain		false	raw/0049_metadata_0370_a1.response	17c39b9a6ab77415b1f778fd636d8677b8bc5ae88d84972c7fe1e6b63a3d1561
114328441	orange	File:A Panda Brand and A poly basket of oranges.jpg	https://commons.wikimedia.org/wiki/File:A_Panda_Brand_and_A_poly_basket_of_oranges.jpg	d64dbef0938ce932e5ee6f1d2938994cc28491dd	2022-01-15T18:23:25Z	Peachyeung316	CC BY-SA 4.0	https://creativecommons.org/licenses/by-sa/4.0	true	raw/0049_metadata_0370_a1.response	17c39b9a6ab77415b1f778fd636d8677b8bc5ae88d84972c7fe1e6b63a3d1561
57566659	orange	File:Kimberly Crest, Redlands, CA 12-29-13zd (12034642023).jpg	https://commons.wikimedia.org/wiki/File:Kimberly_Crest,_Redlands,_CA_12-29-13zd_(12034642023).jpg	83414fdbed81782579949a1497dea54bf306fc05	2017-03-31T00:25:35Z	inkknife_2000 (7.5 million views +)	CC BY-SA 2.0	https://creativecommons.org/licenses/by-sa/2.0	true	raw/0049_metadata_0370_a1.response	17c39b9a6ab77415b1f778fd636d8677b8bc5ae88d84972c7fe1e6b63a3d1561
84931667	orange	File:Estrazione DNA.jpg	https://commons.wikimedia.org/wiki/File:Estrazione_DNA.jpg	9694e0c3631fadd4df21c7d9362db190b7f131bf	2019-12-15T21:21:20Z	Mariano Avagliano	CC BY 4.0	https://creativecommons.org/licenses/by/4.0	true	raw/0049_metadata_0370_a1.response	17c39b9a6ab77415b1f778fd636d8677b8bc5ae88d84972c7fe1e6b63a3d1561
50438	orange	File:Orange-fruit-2.jpg	https://commons.wikimedia.org/wiki/File:Orange-fruit-2.jpg	96247605c443a9302c6ac736d0ad29d05fdf8d7b	2005-01-29T12:02:41Z		Public domain		false	raw/0049_metadata_0370_a1.response	17c39b9a6ab77415b1f778fd636d8677b8bc5ae88d84972c7fe1e6b63a3d1561
149436988	orange	File:Oranges cultivars.jpg	https://commons.wikimedia.org/wiki/File:Oranges_cultivars.jpg	9397c0d987225adb84d050974d03274383a83c7b	2024-06-16T08:58:00Z	Adenir Vieira Teodoro, Hélio Wilson Lemos de Carvalho, Inácio de Barros, Luciana Marques de Carvalho, Carlos Roberto Martins, Walter dos Santos Soares Filho, Eduardo Augusto Girardi, Orlando Sampaio Passos	CC BY 4.0	https://creativecommons.org/licenses/by/4.0	true	raw/0050_metadata_0380_a1.response	6358192d3790ab6fa0f4aef5c9bd51f7a469a6971abeb742126d9f0d96705183
52586920	orange	File:06718--1905-Orangenpflücker-Brück & Sohn Kunstverlag.jpg	https://commons.wikimedia.org/wiki/File:06718--1905-Orangenpfl%C3%BCcker-Br%C3%BCck_%26_Sohn_Kunstverlag.jpg	0bbc984614a9cb6b0f2f7bc239ec3f669ad0363d	2016-10-28T18:48:56Z	Brück & Sohn Kunstverlag Meißen	CC0	http://creativecommons.org/publicdomain/zero/1.0/deed.en	false	raw/0050_metadata_0380_a1.response	6358192d3790ab6fa0f4aef5c9bd51f7a469a6971abeb742126d9f0d96705183
99826440	orange	File:Cherchez l'intrus - 2012-12-29 (8337553616).jpg	https://commons.wikimedia.org/wiki/File:Cherchez_l%27intrus_-_2012-12-29_(8337553616).jpg	fda72baf4e2493364b90fd470e828f8b4698502e	2021-02-13T15:59:20Z	Frédérique Voisin-Demery from Grenoble, France	CC BY 2.0	https://creativecommons.org/licenses/by/2.0	true	raw/0050_metadata_0380_a1.response	6358192d3790ab6fa0f4aef5c9bd51f7a469a6971abeb742126d9f0d96705183
182935317	orange	File:Oranje 3.jpg	https://commons.wikimedia.org/wiki/File:Oranje_3.jpg	01e946425bfd7f82dd201567d1521c3834e38a07	2026-02-02T08:38:29Z	Ger Hagens	CC BY 4.0	https://creativecommons.org/licenses/by/4.0	true	raw/0050_metadata_0380_a1.response	6358192d3790ab6fa0f4aef5c9bd51f7a469a6971abeb742126d9f0d96705183
149678723	orange	File:Bags of oranges for sale at Safeway.jpg	https://commons.wikimedia.org/wiki/File:Bags_of_oranges_for_sale_at_Safeway.jpg	852f219b50c39483faeae615abefb06b734718e6	2024-06-24T15:20:15Z	Ser Amantio di Nicolao	CC BY-SA 4.0	https://creativecommons.org/licenses/by-sa/4.0	true	raw/0050_metadata_0380_a1.response	6358192d3790ab6fa0f4aef5c9bd51f7a469a6971abeb742126d9f0d96705183
103091596	orange	File:Sliced oranges in Ghana.jpg	https://commons.wikimedia.org/wiki/File:Sliced_oranges_in_Ghana.jpg	2bfc1e0d24004cd018e548d3c9a3ce1f5e6ae308	2021-04-05T02:11:41Z	Edithobayaa1	CC BY-SA 4.0	https://creativecommons.org/licenses/by-sa/4.0	true	raw/0050_metadata_0380_a1.response	6358192d3790ab6fa0f4aef5c9bd51f7a469a6971abeb742126d9f0d96705183
53524692	orange	File:Firestone Exhibit at the Florida Orange Festival- Winter Haven, Florida (5390415686).jpg	https://commons.wikimedia.org/wiki/File:Firestone_Exhibit_at_the_Florida_Orange_Festival-_Winter_Haven,_Florida_(5390415686).jpg	f7b2387d96fbd43b306c4d80c7d2f983dc4f488e	2016-11-26T06:04:15Z	State Library and Archives of Florida	Public domain		false	raw/0050_metadata_0380_a1.response	6358192d3790ab6fa0f4aef5c9bd51f7a469a6971abeb742126d9f0d96705183
5560223	orange	File:Wild oranges Tamilword3.JPG	https://commons.wikimedia.org/wiki/File:Wild_oranges_Tamilword3.JPG	21f9bc31bfd74de4a7032bd71372cb14f39f3ce5	2008-12-24T05:55:56Z	தகவலுழவன்	CC BY-SA 3.0	https://creativecommons.org/licenses/by-sa/3.0	true	raw/0050_metadata_0380_a1.response	6358192d3790ab6fa0f4aef5c9bd51f7a469a6971abeb742126d9f0d96705183
26358666	orange	File:Scale (2155329617).jpg	https://commons.wikimedia.org/wiki/File:Scale_(2155329617).jpg	6374621a9f917bfb483870211fd571e1a6d5bd99	2013-05-27T23:31:37Z	Michal Osmenda from Brussels, Belgium	CC BY-SA 2.0	https://creativecommons.org/licenses/by-sa/2.0	true	raw/0050_metadata_0380_a1.response	6358192d3790ab6fa0f4aef5c9bd51f7a469a6971abeb742126d9f0d96705183
29268186	orange	File:Fruit serves.jpg	https://commons.wikimedia.org/wiki/File:Fruit_serves.jpg	950a73395fb0022d5ea736432a1b01d9ab951d81	2013-10-29T09:57:24Z	A8younan	CC BY-SA 3.0	https://creativecommons.org/licenses/by-sa/3.0	true	raw/0050_metadata_0380_a1.response	6358192d3790ab6fa0f4aef5c9bd51f7a469a6971abeb742126d9f0d96705183
186152719	orange	File:Person holding oranges and apples in a kitchen.jpg	https://commons.wikimedia.org/wiki/File:Person_holding_oranges_and_apples_in_a_kitchen.jpg	2ee8bb7eaa5638dffb0f85ec9292613dd07c5a35	2026-03-14T20:19:12Z	Shixart1985	CC BY 2.0	https://creativecommons.org/licenses/by/2.0	true	raw/0051_metadata_0390_a1.response	1ff47ec8a4b7956c5743387f028b152ecd1da23c50672bed76e73e0c586a0efc
178444161	orange	File:Naranjas de Capioví (Misiones).jpg	https://commons.wikimedia.org/wiki/File:Naranjas_de_Capiov%C3%AD_(Misiones).jpg	c8cebd5198dd83f815450881a79848f002e59380	2025-11-14T11:45:31Z	Horacio Cambeiro	CC BY 3.0	https://creativecommons.org/licenses/by/3.0	true	raw/0051_metadata_0390_a1.response	1ff47ec8a4b7956c5743387f028b152ecd1da23c50672bed76e73e0c586a0efc
44448004	orange	File:P1010039 (4544462679).jpg	https://commons.wikimedia.org/wiki/File:P1010039_(4544462679).jpg	187e04b2549a5ee758a3ff29be427a46a992c00c	2015-10-24T16:38:32Z	Richard Parker	CC BY 2.0	https://creativecommons.org/licenses/by/2.0	true	raw/0051_metadata_0390_a1.response	1ff47ec8a4b7956c5743387f028b152ecd1da23c50672bed76e73e0c586a0efc
60249674	orange	File:Südfrüchte - panoramio.jpg	https://commons.wikimedia.org/wiki/File:S%C3%BCdfr%C3%BCchte_-_panoramio.jpg	a4bdccb5da014a6f42efb48fea927c6014a54504	2017-06-22T07:11:08Z	fotogoocom	CC BY 3.0	https://creativecommons.org/licenses/by/3.0	true	raw/0051_metadata_0390_a1.response	1ff47ec8a4b7956c5743387f028b152ecd1da23c50672bed76e73e0c586a0efc
53524702	orange	File:Florida Orange Festival- Winter Haven, Florida (5393125907).jpg	https://commons.wikimedia.org/wiki/File:Florida_Orange_Festival-_Winter_Haven,_Florida_(5393125907).jpg	481fdcfb2bfaee88fade4ade5850013ef0b0291c	2016-11-26T06:05:00Z	State Library and Archives of Florida	Public domain		false	raw/0051_metadata_0390_a1.response	1ff47ec8a4b7956c5743387f028b152ecd1da23c50672bed76e73e0c586a0efc
1300644	orange	File:Perpendicular orange.png	https://commons.wikimedia.org/wiki/File:Perpendicular_orange.png	597bc2ed9183a3831151a18200062cca52d9a68e	2006-10-22T14:43:07Z	No machine-readable author provided. Ekko assumed (based on copyright claims).	CC BY 2.5	https://creativecommons.org/licenses/by/2.5	true	raw/0051_metadata_0390_a1.response	1ff47ec8a4b7956c5743387f028b152ecd1da23c50672bed76e73e0c586a0efc
1096496	orange	File:Limonada en Roma (2).jpg	https://commons.wikimedia.org/wiki/File:Limonada_en_Roma_(2).jpg	9b3ff2943580ed3772e26a910b473286c35f60e1	2006-08-26T18:25:44Z	No machine-readable author provided. Tessier~commonswiki assumed (based on copyright claims).	CC BY-SA 3.0	http://creativecommons.org/licenses/by-sa/3.0/	true	raw/0051_metadata_0390_a1.response	1ff47ec8a4b7956c5743387f028b152ecd1da23c50672bed76e73e0c586a0efc
63715927	orange	File:Orange scab 2017 C.jpg	https://commons.wikimedia.org/wiki/File:Orange_scab_2017_C.jpg	18cfafa605e70c406d609d897bccf804779f8047	2017-10-29T14:51:03Z	Fructibus	CC0	http://creativecommons.org/publicdomain/zero/1.0/deed.en	false	raw/0051_metadata_0390_a1.response	1ff47ec8a4b7956c5743387f028b152ecd1da23c50672bed76e73e0c586a0efc
12560007	orange	File:Orangenschale 1.jpg	https://commons.wikimedia.org/wiki/File:Orangenschale_1.jpg	cb6d8bef2394b64ec7d27d14a99e37141f25ae9f	2011-01-03T01:13:40Z	Michael Fiegle	CC BY-SA 3.0	https://creativecommons.org/licenses/by-sa/3.0	true	raw/0051_metadata_0390_a1.response	1ff47ec8a4b7956c5743387f028b152ecd1da23c50672bed76e73e0c586a0efc
51178686	orange	File:Port of Philadelphia (15341893152).jpg	https://commons.wikimedia.org/wiki/File:Port_of_Philadelphia_(15341893152).jpg	d4c13b06e2f7893cab5d77bfb4fde4629217365c	2016-09-06T14:57:45Z	U.S. Customs and Border Protection	Public domain		false	raw/0051_metadata_0390_a1.response	1ff47ec8a4b7956c5743387f028b152ecd1da23c50672bed76e73e0c586a0efc
20225514	orange	File:Dañotrip.JPG	https://commons.wikimedia.org/wiki/File:Da%C3%B1otrip.JPG	3a15a3fddfa7aeb12bafedce566af5f9254d3dcf	2012-07-11T16:07:03Z	HeberM	CC BY-SA 3.0	https://creativecommons.org/licenses/by-sa/3.0	true	raw/0052_metadata_0400_a1.response	820aaa77b78ae06a534aff3f01710a0d8d296f332991f5fecf93cd3365678450
30431836	orange	File:Local Orange Variety of Kozan - Kozan Yerli Portakal 04.jpg	https://commons.wikimedia.org/wiki/File:Local_Orange_Variety_of_Kozan_-_Kozan_Yerli_Portakal_04.jpg	6de353c2a9bad8922c604da18d5becc1b0321bf5	2014-01-01T19:27:29Z	Zeynel Cebeci	CC BY-SA 3.0	https://creativecommons.org/licenses/by-sa/3.0	true	raw/0052_metadata_0400_a1.response	820aaa77b78ae06a534aff3f01710a0d8d296f332991f5fecf93cd3365678450
34928622	orange	File:(330-365) Healthy (6195816251).jpg	https://commons.wikimedia.org/wiki/File:(330-365)_Healthy_(6195816251).jpg	f5541c747e4c5b5862894138995e92d5aefe2b7b	2014-08-24T20:34:07Z	Sander van der Wel from Netherlands	CC BY-SA 2.0	https://creativecommons.org/licenses/by-sa/2.0	true	raw/0052_metadata_0400_a1.response	820aaa77b78ae06a534aff3f01710a0d8d296f332991f5fecf93cd3365678450
28751095	orange	File:Cordoba Alcázar Nuevo 2 - Luis Pita.jpg	https://commons.wikimedia.org/wiki/File:Cordoba_Alc%C3%A1zar_Nuevo_2_-_Luis_Pita.jpg	661a149088ce80c5e29e0609f9fa68f0b1957642	2013-09-30T13:28:33Z	Luis Pita Moreno	CC BY-SA 3.0 es	https://creativecommons.org/licenses/by-sa/3.0/es/deed.en	true	raw/0052_metadata_0400_a1.response	820aaa77b78ae06a534aff3f01710a0d8d296f332991f5fecf93cd3365678450
111505601	orange	File:Halloween on iss exp 21 stott orange carved like a pumpkin.jpg	https://commons.wikimedia.org/wiki/File:Halloween_on_iss_exp_21_stott_orange_carved_like_a_pumpkin.jpg	5a62435f009bd644c582afb12184044ab8d14a40	2021-10-22T20:07:08Z	NASA Johnson Space Center	Public domain		false	raw/0052_metadata_0400_a1.response	820aaa77b78ae06a534aff3f01710a0d8d296f332991f5fecf93cd3365678450
57457597	orange	File:Orchard Cart, Prospect Park, Redlands, CA 3-2012 (6833467062).jpg	https://commons.wikimedia.org/wiki/File:Orchard_Cart,_Prospect_Park,_Redlands,_CA_3-2012_(6833467062).jpg	39ae8872fa199f291f97fb3da3b8b0de0a85715d	2017-03-27T19:22:28Z	inkknife_2000 (7.5 million views +)	CC BY-SA 2.0	https://creativecommons.org/licenses/by-sa/2.0	true	raw/0052_metadata_0400_a1.response	820aaa77b78ae06a534aff3f01710a0d8d296f332991f5fecf93cd3365678450
5567794	orange	File:Navel orange1.jpg	https://commons.wikimedia.org/wiki/File:Navel_orange1.jpg	116725e5828f14a9c6ebf0a773542029c48037a6	2008-12-25T10:13:38Z	Benjamint444	CC BY-SA 3.0	http://creativecommons.org/licenses/by-sa/3.0/	true	raw/0052_metadata_0400_a1.response	820aaa77b78ae06a534aff3f01710a0d8d296f332991f5fecf93cd3365678450
162118536	orange	File:Holy Orange Original Slice.jpg	https://commons.wikimedia.org/wiki/File:Holy_Orange_Original_Slice.jpg	78a6ef19fb16265377f408642b657705ee35c4e2	2025-03-15T17:18:22Z	AkaneSlays	CC0	http://creativecommons.org/publicdomain/zero/1.0/deed.en	false	raw/0052_metadata_0400_a1.response	820aaa77b78ae06a534aff3f01710a0d8d296f332991f5fecf93cd3365678450
49867251	orange	File:04015jfCuisine Bulacan home made foodsfvf 03.jpg	https://commons.wikimedia.org/wiki/File:04015jfCuisine_Bulacan_home_made_foodsfvf_03.jpg	a5e784d72a18316afb66d3a8758b3621f35ed9d2	2016-07-02T18:34:56Z	Judgefloro	Public domain		false	raw/0052_metadata_0400_a1.response	820aaa77b78ae06a534aff3f01710a0d8d296f332991f5fecf93cd3365678450
170281987	orange	File:Orange Sunkist Fruit.jpg	https://commons.wikimedia.org/wiki/File:Orange_Sunkist_Fruit.jpg	27558487b51e592c1a6978141edd3c5d0dcdc93d	2025-07-18T09:05:56Z	SarKaLay စာကလေး	CC BY-SA 4.0	https://creativecommons.org/licenses/by-sa/4.0	true	raw/0052_metadata_0400_a1.response	820aaa77b78ae06a534aff3f01710a0d8d296f332991f5fecf93cd3365678450
142172803	orange	File:Oranges, São Paulo (123123 24).jpg	https://commons.wikimedia.org/wiki/File:Oranges,_S%C3%A3o_Paulo_(123123_24).jpg	904f2caa34a79ceb0d740d5e3d36c309e1428c77	2023-12-15T00:57:18Z	Wilfredor	CC0	http://creativecommons.org/publicdomain/zero/1.0/deed.en	false	raw/0053_metadata_0410_a1.response	81b27924b155afc75e843fe74ab003642408ae1939bad3910e8b9978d4f60a2f
44447857	orange	File:P1010162 (4545109418).jpg	https://commons.wikimedia.org/wiki/File:P1010162_(4545109418).jpg	339b26698091622eba263bacd002e5a4292cdc1f	2015-10-24T16:34:45Z	Richard Parker	CC BY 2.0	https://creativecommons.org/licenses/by/2.0	true	raw/0053_metadata_0410_a1.response	81b27924b155afc75e843fe74ab003642408ae1939bad3910e8b9978d4f60a2f
25904628	orange	File:Apelsin spreadthesign.ogv	https://commons.wikimedia.org/wiki/File:Apelsin_spreadthesign.ogv	bfbe45fca5c6d86c2a0f28960faf51c54d281ff4	2013-05-04T22:35:13Z	Spread the Sign	CC BY-SA 3.0	https://creativecommons.org/licenses/by-sa/3.0	true	raw/0053_metadata_0410_a1.response	81b27924b155afc75e843fe74ab003642408ae1939bad3910e8b9978d4f60a2f
141783830	orange	File:Agricultural Marketing Service (AMS) Specialty Crops Market News (SCMN) reporters on site at the Los Angeles, California Wholesale Produce Market on 20 October 2023 - 18.jpg	https://commons.wikimedia.org/wiki/File:Agricultural_Marketing_Service_(AMS)_Specialty_Crops_Market_News_(SCMN)_reporters_on_site_at_the_Los_Angeles,_California_Wholesale_Produce_Market_on_20_October_2023_-_18.jpg	09bef59592a3a85c0a1f1b61939c27390641d1cd	2023-12-05T19:25:52Z	USDAgov	Public domain		false	raw/0053_metadata_0410_a1.response	81b27924b155afc75e843fe74ab003642408ae1939bad3910e8b9978d4f60a2f
87694255	orange	File:Sweetspring スイートスプリング.jpg	https://commons.wikimedia.org/wiki/File:Sweetspring_%E3%82%B9%E3%82%A4%E3%83%BC%E3%83%88%E3%82%B9%E3%83%97%E3%83%AA%E3%83%B3%E3%82%B0.jpg	9ea2a0e085a70c03e066d0b006e871a5a8bbf937	2020-03-05T10:49:25Z	Yukkoi	CC BY-SA 4.0	https://creativecommons.org/licenses/by-sa/4.0	true	raw/0053_metadata_0410_a1.response	81b27924b155afc75e843fe74ab003642408ae1939bad3910e8b9978d4f60a2f
115243148	orange	File:Orange in Hand 5.jpg	https://commons.wikimedia.org/wiki/File:Orange_in_Hand_5.jpg	f762fe58e8ce171d246ced24b2565971b6631900	2022-02-14T02:35:14Z	Derreus	CC BY-SA 4.0	https://creativecommons.org/licenses/by-sa/4.0	true	raw/0053_metadata_0410_a1.response	81b27924b155afc75e843fe74ab003642408ae1939bad3910e8b9978d4f60a2f
17258250	orange	File:Navelina.jpg	https://commons.wikimedia.org/wiki/File:Navelina.jpg	58fe21a7279bd913a5f57677cff404f14ccc53b5	2011-11-06T16:35:37Z	Naranjas Orange	CC BY-SA 3.0	https://creativecommons.org/licenses/by-sa/3.0	true	raw/0053_metadata_0410_a1.response	81b27924b155afc75e843fe74ab003642408ae1939bad3910e8b9978d4f60a2f
3501579	orange	File:Ivrea Carnevale Munizioni Battaglia.JPG	https://commons.wikimedia.org/wiki/File:Ivrea_Carnevale_Munizioni_Battaglia.JPG	c8a13e800fad4954fd24f028c3926b067aee07ab	2008-02-04T17:13:28Z	Laurom	Public domain		false	raw/0053_metadata_0410_a1.response	81b27924b155afc75e843fe74ab003642408ae1939bad3910e8b9978d4f60a2f
25817457	orange	File:Lots of oranges1 (8553378192).jpg	https://commons.wikimedia.org/wiki/File:Lots_of_oranges1_(8553378192).jpg	9b0628558b25ef181cf9ea12e8acab13d9b99ee9	2013-04-29T14:58:06Z	psyberartist	CC BY 2.0	https://creativecommons.org/licenses/by/2.0	true	raw/0053_metadata_0410_a1.response	81b27924b155afc75e843fe74ab003642408ae1939bad3910e8b9978d4f60a2f
47751068	orange	File:Orange Blossom Flower.jpg	https://commons.wikimedia.org/wiki/File:Orange_Blossom_Flower.jpg	a2693478c4d24323146cc8f4fd3aa0b07cd83d00	2016-03-25T14:48:32Z	LauraGh91	CC BY-SA 4.0	https://creativecommons.org/licenses/by-sa/4.0	true	raw/0053_metadata_0410_a1.response	81b27924b155afc75e843fe74ab003642408ae1939bad3910e8b9978d4f60a2f
52561778	orange	File:05593-Kalifornien-1904-Orange Blossoms-Brück & Sohn Kunstverlag.jpg	https://commons.wikimedia.org/wiki/File:05593-Kalifornien-1904-Orange_Blossoms-Br%C3%BCck_%26_Sohn_Kunstverlag.jpg	81f1c6099be895738bb97ddd9c94032538b49b9c	2016-10-27T18:09:21Z	Brück & Sohn Kunstverlag Meißen	CC0	http://creativecommons.org/publicdomain/zero/1.0/deed.en	false	raw/0054_metadata_0420_a1.response	6c4098ba41d4153d271eae0989f8ea0c025cc8ad12417407eea1a73373db783d
107760380	orange	File:HK food SK 新奇士 Sunkist label 橙 orange in July 2021 SS2.jpg	https://commons.wikimedia.org/wiki/File:HK_food_SK_%E6%96%B0%E5%A5%87%E5%A3%AB_Sunkist_label_%E6%A9%99_orange_in_July_2021_SS2.jpg	f0e5b524313b0dcd90aecec4e95068646c6e9612	2021-07-22T01:21:48Z	NhRaomzui MMP	CC BY-SA 4.0	https://creativecommons.org/licenses/by-sa/4.0	true	raw/0054_metadata_0420_a1.response	6c4098ba41d4153d271eae0989f8ea0c025cc8ad12417407eea1a73373db783d
44409528	orange	File:NARANJAS DE PALMA DEL RIO.jpg	https://commons.wikimedia.org/wiki/File:NARANJAS_DE_PALMA_DEL_RIO.jpg	8e2180f2d1f7a1ddfc07c2d17d81cfc57eba846f	2015-10-23T08:14:29Z	Villario1951	CC BY-SA 4.0	https://creativecommons.org/licenses/by-sa/4.0	true	raw/0054_metadata_0420_a1.response	6c4098ba41d4153d271eae0989f8ea0c025cc8ad12417407eea1a73373db783d
30579955	orange	File:Tapuz02.jpg	https://commons.wikimedia.org/wiki/File:Tapuz02.jpg	fb550345231b91d4b19667b7879a92a4e4f0bf29	2014-01-11T20:10:01Z	י.ש. at Hebrew Wikipedia	CC BY-SA 3.0	http://creativecommons.org/licenses/by-sa/3.0/	true	raw/0054_metadata_0420_a1.response	6c4098ba41d4153d271eae0989f8ea0c025cc8ad12417407eea1a73373db783d
50963002	orange	File:Citrus bigarradia - Citronier bigarrade. (3 types of sweet oranges) (NYPL b14485031-1110828).tiff	https://commons.wikimedia.org/wiki/File:Citrus_bigarradia_-_Citronier_bigarrade._(3_types_of_sweet_oranges)_(NYPL_b14485031-1110828).tiff	e6b8e03721fb34d1ef29695630310653efc4803f	2016-08-29T17:29:55Z	Scan by NYPL	Public domain		false	raw/0054_metadata_0420_a1.response	6c4098ba41d4153d271eae0989f8ea0c025cc8ad12417407eea1a73373db783d
42615845	orange	File:Culture of the citrus in California (1900) (20787282956).jpg	https://commons.wikimedia.org/wiki/File:Culture_of_the_citrus_in_California_(1900)_(20787282956).jpg	fc4d3a1b4f72179526b6925956c491dd4f493469	2015-08-31T12:05:28Z	California. State Board of Horticulture; Lelong, Byron Martin, 1856-1901	No restrictions	https://www.flickr.com/commons/usage/	false	raw/0054_metadata_0420_a1.response	6c4098ba41d4153d271eae0989f8ea0c025cc8ad12417407eea1a73373db783d
133604411	orange	File:Orange Garden in Sittong, Darjeeling.jpg	https://commons.wikimedia.org/wiki/File:Orange_Garden_in_Sittong,_Darjeeling.jpg	f5812e5bc23e627f25c1f8c103991a7a0eadab78	2023-06-26T09:18:15Z	Auli Raha (অলি রাহা)	CC BY-SA 4.0	https://creativecommons.org/licenses/by-sa/4.0	true	raw/0054_metadata_0420_a1.response	6c4098ba41d4153d271eae0989f8ea0c025cc8ad12417407eea1a73373db783d
63715929	orange	File:Orange scab 2017 B.jpg	https://commons.wikimedia.org/wiki/File:Orange_scab_2017_B.jpg	090c5aaa84a0a04b519ab15345fa01e8cfd671ab	2017-10-29T14:51:04Z	Fructibus	CC0	http://creativecommons.org/publicdomain/zero/1.0/deed.en	false	raw/0054_metadata_0420_a1.response	6c4098ba41d4153d271eae0989f8ea0c025cc8ad12417407eea1a73373db783d
1397201	orange	File:Picswiss BS-50-60.jpg	https://commons.wikimedia.org/wiki/File:Picswiss_BS-50-60.jpg	2f545ad2a8c5d8423e91dc3481bffcb48e11caa0	2006-11-23T21:35:32Z	Roland Zumbühl (Picswiss), Arlesheim (Commons:Picswiss project)	CC BY-SA 3.0	http://creativecommons.org/licenses/by-sa/3.0/	true	raw/0054_metadata_0420_a1.response	6c4098ba41d4153d271eae0989f8ea0c025cc8ad12417407eea1a73373db783d
71951014	orange	File:Starr-150326-0721-Citrus sinensis-immature fruit showing navel-Citrus Grove Town Sand Island-Midway Atoll (25173618051).jpg	https://commons.wikimedia.org/wiki/File:Starr-150326-0721-Citrus_sinensis-immature_fruit_showing_navel-Citrus_Grove_Town_Sand_Island-Midway_Atoll_(25173618051).jpg	ca4d33b3e662173708042ac685d34cb4bada99c6	2018-08-24T01:31:30Z	Forest and Kim Starr	CC BY 3.0 us	https://creativecommons.org/licenses/by/3.0/us/deed.en	true	raw/0054_metadata_0420_a1.response	6c4098ba41d4153d271eae0989f8ea0c025cc8ad12417407eea1a73373db783d
86891661	orange	File:Orange Display Adelaide Show(GN11354).jpg	https://commons.wikimedia.org/wiki/File:Orange_Display_Adelaide_Show(GN11354).jpg	2fb95ec0c279f87c8294f9953a963a587c2efe3b	2020-02-10T22:43:10Z	State Government Photographer	CC0	http://creativecommons.org/publicdomain/zero/1.0/deed.en	false	raw/0055_metadata_0430_a1.response	fb9b8de572dd1d468745777120fd9e391927042c833edfbccbf090f116ecaef3
99379989	orange	File:A box of orange in Yuen Long.jpg	https://commons.wikimedia.org/wiki/File:A_box_of_orange_in_Yuen_Long.jpg	43eb9466d09a528ac02a5faffff17f29a5eaa59d	2021-01-29T09:23:55Z	Peachyeung316	CC BY-SA 4.0	https://creativecommons.org/licenses/by-sa/4.0	true	raw/0055_metadata_0430_a1.response	fb9b8de572dd1d468745777120fd9e391927042c833edfbccbf090f116ecaef3
76938829	orange	File:Mi media naranja.jpg	https://commons.wikimedia.org/wiki/File:Mi_media_naranja.jpg	080a1007cb7d11456d493d94caa8b6c0af62a7be	2019-02-28T02:22:52Z	Laisha np	CC BY-SA 4.0	https://creativecommons.org/licenses/by-sa/4.0	true	raw/0055_metadata_0430_a1.response	fb9b8de572dd1d468745777120fd9e391927042c833edfbccbf090f116ecaef3
53524744	orange	File:John Boles and Elizabeth Colson (5424880485).jpg	https://commons.wikimedia.org/wiki/File:John_Boles_and_Elizabeth_Colson_(5424880485).jpg	aa60e3bc82945e8882754ab22e821196cdfd5bc0	2016-11-26T06:07:55Z	State Library and Archives of Florida	Public domain		false	raw/0055_metadata_0430_a1.response	fb9b8de572dd1d468745777120fd9e391927042c833edfbccbf090f116ecaef3
147743745	orange	File:Peeling oranges.jpg	https://commons.wikimedia.org/wiki/File:Peeling_oranges.jpg	79a59ed746f8d25ebb88202212b41eacdc4fc848	2024-04-26T09:53:04Z	Rwebogora	CC BY-SA 4.0	https://creativecommons.org/licenses/by-sa/4.0	true	raw/0055_metadata_0430_a1.response	fb9b8de572dd1d468745777120fd9e391927042c833edfbccbf090f116ecaef3
38851818	orange	File:Orange Day (13904218618).jpg	https://commons.wikimedia.org/wiki/File:Orange_Day_(13904218618).jpg	8a9836b37c8766102728ee266b7b58cde0a28306	2015-03-11T06:41:03Z	Miami U. Libraries - Digital Collections	No restrictions	https://www.flickr.com/commons/usage/	false	raw/0055_metadata_0430_a1.response	fb9b8de572dd1d468745777120fd9e391927042c833edfbccbf090f116ecaef3
117818605	orange	File:Orange tree fruiting.jpg	https://commons.wikimedia.org/wiki/File:Orange_tree_fruiting.jpg	7915754062eaed12e907ffa96a76dc98d771adf9	2022-05-09T00:44:59Z	Geo Lightspeed7	CC BY-SA 4.0	https://creativecommons.org/licenses/by-sa/4.0	true	raw/0055_metadata_0430_a1.response	fb9b8de572dd1d468745777120fd9e391927042c833edfbccbf090f116ecaef3
463219	orange	File:Orange horizontal cross section.jpg	https://commons.wikimedia.org/wiki/File:Orange_horizontal_cross_section.jpg	1d1ee70af2434d4d78faa1909bc7aaf4323fea28	2005-12-16T11:40:37Z	No machine-readable author provided. Rickjpelleg assumed (based on copyright claims).	CC BY 2.5	https://creativecommons.org/licenses/by/2.5	true	raw/0055_metadata_0430_a1.response	fb9b8de572dd1d468745777120fd9e391927042c833edfbccbf090f116ecaef3
178606605	orange	File:Овошна кула( лимони, портокали и ананас).jpg	https://commons.wikimedia.org/wiki/File:%D0%9E%D0%B2%D0%BE%D1%88%D0%BD%D0%B0_%D0%BA%D1%83%D0%BB%D0%B0(_%D0%BB%D0%B8%D0%BC%D0%BE%D0%BD%D0%B8,_%D0%BF%D0%BE%D1%80%D1%82%D0%BE%D0%BA%D0%B0%D0%BB%D0%B8_%D0%B8_%D0%B0%D0%BD%D0%B0%D0%BD%D0%B0%D1%81).jpg	a336e7c8ff4350436f3803d55edfc7cab4fc77a5	2025-11-17T06:53:04Z	Mihail Verbal	CC BY 4.0	https://creativecommons.org/licenses/by/4.0	true	raw/0055_metadata_0430_a1.response	fb9b8de572dd1d468745777120fd9e391927042c833edfbccbf090f116ecaef3
90824114	orange	File:20200119- DSC2304-2.jpg	https://commons.wikimedia.org/wiki/File:20200119-_DSC2304-2.jpg	9bdb58458537471bd46e7c43d93f594a68f15867	2020-05-31T12:04:25Z	Leho oreho	CC BY 4.0	https://creativecommons.org/licenses/by/4.0	true	raw/0055_metadata_0430_a1.response	fb9b8de572dd1d468745777120fd9e391927042c833edfbccbf090f116ecaef3
37261233	orange	File:2006-09-16 - United Kingdom - England - London - British Museum - Oranges - Cutout - Orange 4889727396.jpg	https://commons.wikimedia.org/wiki/File:2006-09-16_-_United_Kingdom_-_England_-_London_-_British_Museum_-_Oranges_-_Cutout_-_Orange_4889727396.jpg	ad11e84d66aaa9fbf1e242088fa245880eb0379d	2014-12-12T17:25:21Z	CGP Grey	CC BY 2.0	https://creativecommons.org/licenses/by/2.0	true	raw/0056_metadata_0440_a1.response	80ae3c38d7ceb078bed9a1143991f1beeb1582e2199bbc0aa0e9774029bee1f1
52561786	orange	File:05595-Pomona-1904-Orange Groves near Pomona, California-Brück & Sohn Kunstverlag.jpg	https://commons.wikimedia.org/wiki/File:05595-Pomona-1904-Orange_Groves_near_Pomona,_California-Br%C3%BCck_%26_Sohn_Kunstverlag.jpg	ff18e9cf82a4827a3735c86d1fd47a2e37073d5f	2016-10-27T18:09:47Z	Brück & Sohn Kunstverlag Meißen	CC0	http://creativecommons.org/publicdomain/zero/1.0/deed.en	false	raw/0056_metadata_0440_a1.response	80ae3c38d7ceb078bed9a1143991f1beeb1582e2199bbc0aa0e9774029bee1f1
57566677	orange	File:Kimberly Crest Turret 2-9-14a (12505360563).jpg	https://commons.wikimedia.org/wiki/File:Kimberly_Crest_Turret_2-9-14a_(12505360563).jpg	37333a8a5b1e9cf8ea2e104d92f4a0391d292a41	2017-03-31T00:27:34Z	inkknife_2000 (7.5 million views +)	CC BY-SA 2.0	https://creativecommons.org/licenses/by-sa/2.0	true	raw/0056_metadata_0440_a1.response	80ae3c38d7ceb078bed9a1143991f1beeb1582e2199bbc0aa0e9774029bee1f1
71948419	orange	File:Starr-150301-0343-Citrus sinensis-Cara Cara navel fruit-Hawea Pl Olinda-Maui (25265001485).jpg	https://commons.wikimedia.org/wiki/File:Starr-150301-0343-Citrus_sinensis-Cara_Cara_navel_fruit-Hawea_Pl_Olinda-Maui_(25265001485).jpg	cbcb9fddee36f33cb285a658efc7b11129ee7c17	2018-08-24T00:28:19Z	Forest and Kim Starr	CC BY 3.0 us	https://creativecommons.org/licenses/by/3.0/us/deed.en	true	raw/0056_metadata_0440_a1.response	80ae3c38d7ceb078bed9a1143991f1beeb1582e2199bbc0aa0e9774029bee1f1
163317199	orange	File:Oranges at Bakin Dogo Market, Kaduna North.jpg	https://commons.wikimedia.org/wiki/File:Oranges_at_Bakin_Dogo_Market,_Kaduna_North.jpg	a4ac5a0dcf1b5e8d57d6de0706afd098a1a4a037	2025-04-08T10:09:28Z	Samsule2	CC BY-SA 4.0	https://creativecommons.org/licenses/by-sa/4.0	true	raw/0056_metadata_0440_a1.response	80ae3c38d7ceb078bed9a1143991f1beeb1582e2199bbc0aa0e9774029bee1f1
53524712	orange	File:Home of the Florida Orange Festival- Winter Haven, Florida (5404604826).jpg	https://commons.wikimedia.org/wiki/File:Home_of_the_Florida_Orange_Festival-_Winter_Haven,_Florida_(5404604826).jpg	08eb7ff6c0ec71fae696716c6c38068c240faccf	2016-11-26T06:05:40Z	State Library and Archives of Florida	Public domain		false	raw/0056_metadata_0440_a1.response	80ae3c38d7ceb078bed9a1143991f1beeb1582e2199bbc0aa0e9774029bee1f1
50963073	orange	File:Citrus Bigaradia violacea - Citronier Bigaradier à fruit violet (NYPL b14485031-1110830).tiff	https://commons.wikimedia.org/wiki/File:Citrus_Bigaradia_violacea_-_Citronier_Bigaradier_%C3%A0_fruit_violet_(NYPL_b14485031-1110830).tiff	ae481e3b945d52bdfc9f8a73466c86d163ff0857	2016-08-29T17:32:08Z	Scan by NYPL	Public domain		false	raw/0056_metadata_0440_a1.response	80ae3c38d7ceb078bed9a1143991f1beeb1582e2199bbc0aa0e9774029bee1f1
40069885	orange	File:Naranjas especiales.jpeg	https://commons.wikimedia.org/wiki/File:Naranjas_especiales.jpeg	f76e11341af7db70db534165856852b699b310cf	2015-05-08T19:03:36Z	Xemenendura	CC BY-SA 3.0	https://creativecommons.org/licenses/by-sa/3.0	true	raw/0056_metadata_0440_a1.response	80ae3c38d7ceb078bed9a1143991f1beeb1582e2199bbc0aa0e9774029bee1f1
64829552	orange	File:Organic oranges.jpg	https://commons.wikimedia.org/wiki/File:Organic_oranges.jpg	c60ffb3ee832c940d40320f49ed2e070e52a4079	2017-12-15T12:51:42Z	Jayant kamboj	CC BY-SA 4.0	https://creativecommons.org/licenses/by-sa/4.0	true	raw/0056_metadata_0440_a1.response	80ae3c38d7ceb078bed9a1143991f1beeb1582e2199bbc0aa0e9774029bee1f1
662566	orange	File:Oranges white background.jpg	https://commons.wikimedia.org/wiki/File:Oranges_white_background.jpg	bb7061ee3039248ad638b6e5b48018077cb9c1b9	2006-03-27T09:26:28Z	fir0002 flagstaffotos [at] gmail.com Canon 20D + Tamron 28-75mm f/2.8	GFDL 1.2	http://www.gnu.org/licenses/old-licenses/fdl-1.2.html	true	raw/0056_metadata_0440_a1.response	80ae3c38d7ceb078bed9a1143991f1beeb1582e2199bbc0aa0e9774029bee1f1
71984818	orange	File:Starr-170224-0919-Citrus sinensis-Olinda Valencia flowers fruit leaves-Hawea Pl Olinda-Maui (33225621992).jpg	https://commons.wikimedia.org/wiki/File:Starr-170224-0919-Citrus_sinensis-Olinda_Valencia_flowers_fruit_leaves-Hawea_Pl_Olinda-Maui_(33225621992).jpg	ee5c4dc12828c75795bcfa8c97ae552ab41611b8	2018-08-24T23:29:07Z	Forest and Kim Starr	CC BY 3.0 us	https://creativecommons.org/licenses/by/3.0/us/deed.en	true	raw/0057_metadata_0450_a1.response	108b20f3b8529c88c04bfb7930e5e9abf22a9a8876336f6e7cf0052e2f24b447
145199608	orange	File:Orange Tea of Bangladesh.jpg	https://commons.wikimedia.org/wiki/File:Orange_Tea_of_Bangladesh.jpg	93f0cc0bd63e69c35824650790cd885953af650a	2024-02-10T20:12:33Z	Evening42	CC BY-SA 4.0	https://creativecommons.org/licenses/by-sa/4.0	true	raw/0057_metadata_0450_a1.response	108b20f3b8529c88c04bfb7930e5e9abf22a9a8876336f6e7cf0052e2f24b447
106214170	orange	File:Oranges and blues (5721455133).jpg	https://commons.wikimedia.org/wiki/File:Oranges_and_blues_(5721455133).jpg	e6af54106d8033daa94e5cf3b5dcaec0270521c3	2021-06-02T19:12:33Z	istolethetv	CC BY 2.0	https://creativecommons.org/licenses/by/2.0	true	raw/0057_metadata_0450_a1.response	108b20f3b8529c88c04bfb7930e5e9abf22a9a8876336f6e7cf0052e2f24b447
76181800	orange	File:Orange view.jpg	https://commons.wikimedia.org/wiki/File:Orange_view.jpg	63bba7fce05b3144e486cd4fb354b29ffc950856	2019-01-29T06:07:46Z	gausanchennai	CC BY-SA 4.0	https://creativecommons.org/licenses/by-sa/4.0	true	raw/0057_metadata_0450_a1.response	108b20f3b8529c88c04bfb7930e5e9abf22a9a8876336f6e7cf0052e2f24b447
156504141	orange	File:Jeruk Mandarin.jpg	https://commons.wikimedia.org/wiki/File:Jeruk_Mandarin.jpg	2f8ff7f73c257b264f877ffef1ca09efcf34d2d8	2024-12-10T09:45:38Z	Eva Syafira	CC BY-SA 4.0	https://creativecommons.org/licenses/by-sa/4.0	true	raw/0057_metadata_0450_a1.response	108b20f3b8529c88c04bfb7930e5e9abf22a9a8876336f6e7cf0052e2f24b447
20026713	orange	File:Orange held in hand.jpg	https://commons.wikimedia.org/wiki/File:Orange_held_in_hand.jpg	22e9a486ed0a6260f4053c0296a4c48eb4677eb7	2012-06-25T13:21:49Z	Lewis Ronald	CC BY-SA 3.0	https://creativecommons.org/licenses/by-sa/3.0	true	raw/0057_metadata_0450_a1.response	108b20f3b8529c88c04bfb7930e5e9abf22a9a8876336f6e7cf0052e2f24b447
26210183	orange	File:Navel Oranges.JPG	https://commons.wikimedia.org/wiki/File:Navel_Oranges.JPG	c8bbcbf5510f4ddb3de1f54cf6448c8d662f561f	2013-05-21T03:41:07Z	Brandizzi	CC BY-SA 3.0	https://creativecommons.org/licenses/by-sa/3.0	true	raw/0057_metadata_0450_a1.response	108b20f3b8529c88c04bfb7930e5e9abf22a9a8876336f6e7cf0052e2f24b447
79070357	orange	File:Orange2.jpg	https://commons.wikimedia.org/wiki/File:Orange2.jpg	a31f56500b4565a81a80526865916e722ded8e67	2019-05-19T21:14:20Z	AGermanBeck	CC0	http://creativecommons.org/publicdomain/zero/1.0/deed.en	false	raw/0057_metadata_0450_a1.response	108b20f3b8529c88c04bfb7930e5e9abf22a9a8876336f6e7cf0052e2f24b447
40608211	orange	File:Water Splash (3040411133).jpg	https://commons.wikimedia.org/wiki/File:Water_Splash_(3040411133).jpg	c1787089b13e4a3b01f8f575c21ab8e24e28050d	2015-05-30T23:26:39Z	THOR	CC BY 2.0	https://creativecommons.org/licenses/by/2.0	true	raw/0057_metadata_0450_a1.response	108b20f3b8529c88c04bfb7930e5e9abf22a9a8876336f6e7cf0052e2f24b447
71951000	orange	File:Starr-150326-0719-Citrus sinensis-Navel flowers and immature fruit-Citrus Grove Town Sand Island-Midway Atoll (24971171940).jpg	https://commons.wikimedia.org/wiki/File:Starr-150326-0719-Citrus_sinensis-Navel_flowers_and_immature_fruit-Citrus_Grove_Town_Sand_Island-Midway_Atoll_(24971171940).jpg	cf61b3c95b5a0526bada2cc5c21368b075ee634b	2018-08-24T01:31:12Z	Forest and Kim Starr	CC BY 3.0 us	https://creativecommons.org/licenses/by/3.0/us/deed.en	true	raw/0057_metadata_0450_a1.response	108b20f3b8529c88c04bfb7930e5e9abf22a9a8876336f6e7cf0052e2f24b447
80657847	orange	File:Oranges fruit.jpg	https://commons.wikimedia.org/wiki/File:Oranges_fruit.jpg	6c20e9c4847e91fe99eebf3c3ca029a656a6ff8c	2019-07-23T12:38:36Z	Håkan Dahlström from Malmö, Sweden	CC BY 2.0	https://creativecommons.org/licenses/by/2.0	true	raw/0058_metadata_0460_a1.response	49984c923eb8f9e33a0f4b46ee1bc814a474d0ba45b0349ae74339a1a9e46cd1
5913757	orange	File:HK Aberdeen Bus Terminus Wu Nam Street 湖南街 Kwan Kung 關二哥 Guan Yu.JPG	https://commons.wikimedia.org/wiki/File:HK_Aberdeen_Bus_Terminus_Wu_Nam_Street_%E6%B9%96%E5%8D%97%E8%A1%97_Kwan_Kung_%E9%97%9C%E4%BA%8C%E5%93%A5_Guan_Yu.JPG	77ee6441f82828f0e3b98a26ae457d5611cadd41	2009-02-10T09:39:51Z	Abbamains	CC BY-SA 3.0	http://creativecommons.org/licenses/by-sa/3.0/	true	raw/0058_metadata_0460_a1.response	49984c923eb8f9e33a0f4b46ee1bc814a474d0ba45b0349ae74339a1a9e46cd1
57455955	orange	File:Orchard Cart, Prospect Park, Redlands, CA 3-2012 (6979594117).jpg	https://commons.wikimedia.org/wiki/File:Orchard_Cart,_Prospect_Park,_Redlands,_CA_3-2012_(6979594117).jpg	e7c617c018dc8b30eef36fed1dab3e3fd30855e0	2017-03-27T18:22:28Z	inkknife_2000 (7.5 million views +)	CC BY-SA 2.0	https://creativecommons.org/licenses/by-sa/2.0	true	raw/0058_metadata_0460_a1.response	49984c923eb8f9e33a0f4b46ee1bc814a474d0ba45b0349ae74339a1a9e46cd1
190169487	orange	File:Oranges on a tree 068.jpg	https://commons.wikimedia.org/wiki/File:Oranges_on_a_tree_068.jpg	11b32f137e3a3a68b3e93dadf0b3ea6e018071ab	2026-04-23T21:14:26Z	Danjuma Anthony	CC BY-SA 4.0	https://creativecommons.org/licenses/by-sa/4.0	true	raw/0058_metadata_0460_a1.response	49984c923eb8f9e33a0f4b46ee1bc814a474d0ba45b0349ae74339a1a9e46cd1
6373271	orange	File:HCP Oranges.jpg	https://commons.wikimedia.org/wiki/File:HCP_Oranges.jpg	d0c607f381aabcaa0166746d3974227b8c776c4e	2009-03-30T11:24:21Z	JJ Harrison (https://www.jjharrison.com.au/)	CC BY-SA 3.0	https://creativecommons.org/licenses/by-sa/3.0	true	raw/0058_metadata_0460_a1.response	49984c923eb8f9e33a0f4b46ee1bc814a474d0ba45b0349ae74339a1a9e46cd1
88952552	orange	File:Kozan orange variety 01.jpg	https://commons.wikimedia.org/wiki/File:Kozan_orange_variety_01.jpg	d4957896ce64e8183b2eb06d9714b0e389e03b0f	2020-04-06T19:47:35Z	Zeynel Cebeci	CC BY-SA 4.0	https://creativecommons.org/licenses/by-sa/4.0	true	raw/0058_metadata_0460_a1.response	49984c923eb8f9e33a0f4b46ee1bc814a474d0ba45b0349ae74339a1a9e46cd1
14888090	orange	File:Nature morte Katzbachstrasse Berlin.JPG	https://commons.wikimedia.org/wiki/File:Nature_morte_Katzbachstrasse_Berlin.JPG	532f4c8287a79758c0d86b9d89061f99edf9e422	2011-04-12T06:21:58Z	Dinkum	CC0	http://creativecommons.org/publicdomain/zero/1.0/deed.en	false	raw/0058_metadata_0460_a1.response	49984c923eb8f9e33a0f4b46ee1bc814a474d0ba45b0349ae74339a1a9e46cd1
166433319	orange	File:Pyramid of Oranges 01.jpg	https://commons.wikimedia.org/wiki/File:Pyramid_of_Oranges_01.jpg	5435917c20cc4e31be4046558168aa09cf44a44e	2025-05-31T07:55:32Z	A S M Jobaer	CC BY-SA 4.0	https://creativecommons.org/licenses/by-sa/4.0	true	raw/0058_metadata_0460_a1.response	49984c923eb8f9e33a0f4b46ee1bc814a474d0ba45b0349ae74339a1a9e46cd1
29986751	orange	File:Happy fruits.jpg	https://commons.wikimedia.org/wiki/File:Happy_fruits.jpg	d441413ffe02cd143356484f8e19ee5bf365a59f	2013-12-03T16:05:45Z	Tristan Schmurr from Luxembourg, Luxembourg	CC BY 2.0	https://creativecommons.org/licenses/by/2.0	true	raw/0058_metadata_0460_a1.response	49984c923eb8f9e33a0f4b46ee1bc814a474d0ba45b0349ae74339a1a9e46cd1
29748261	orange	File:Giỏ cam Vinh - một giống cam Đặc sản vùng Nghệ An.JPG	https://commons.wikimedia.org/wiki/File:Gi%E1%BB%8F_cam_Vinh_-_m%E1%BB%99t_gi%E1%BB%91ng_cam_%C4%90%E1%BA%B7c_s%E1%BA%A3n_v%C3%B9ng_Ngh%E1%BB%87_An.JPG	8814bec8c47ec6df0068f44f96c4b883ed774203	2013-11-21T00:41:29Z	Hangphuong86	CC BY-SA 3.0	https://creativecommons.org/licenses/by-sa/3.0	true	raw/0058_metadata_0460_a1.response	49984c923eb8f9e33a0f4b46ee1bc814a474d0ba45b0349ae74339a1a9e46cd1
42615864	orange	File:Culture of the citrus in California (1902) (20804102252).jpg	https://commons.wikimedia.org/wiki/File:Culture_of_the_citrus_in_California_(1902)_(20804102252).jpg	62e3689399b6560c9cda97f984c87a5fcb5ac19d	2015-08-24T16:05:55Z	Lelong, Byron Martin, 1856-1901	No restrictions	https://www.flickr.com/commons/usage/	false	raw/0059_metadata_0470_a1.response	781506835468fb5c594457801cb928957af2f33bd3ac91e67ef2add26695099c
81743819	orange	File:Oranges de la Réunion.jpg	https://commons.wikimedia.org/wiki/File:Oranges_de_la_R%C3%A9union.jpg	6996ff76410017ce8221be5605499305e4ca03e1	2019-08-31T16:37:27Z	Sarah Duprat1	CC BY-SA 4.0	https://creativecommons.org/licenses/by-sa/4.0	true	raw/0059_metadata_0470_a1.response	781506835468fb5c594457801cb928957af2f33bd3ac91e67ef2add26695099c
47815972	orange	File:Haan - Friedrichstraße 03 ies.jpg	https://commons.wikimedia.org/wiki/File:Haan_-_Friedrichstra%C3%9Fe_03_ies.jpg	8e2657abead6753a865b6c60c581ae79db323a44	2016-03-28T10:38:25Z	Frank Vincentz	CC BY-SA 3.0	https://creativecommons.org/licenses/by-sa/3.0	true	raw/0059_metadata_0470_a1.response	781506835468fb5c594457801cb928957af2f33bd3ac91e67ef2add26695099c
64477710	orange	File:Una mandarina.jpg	https://commons.wikimedia.org/wiki/File:Una_mandarina.jpg	e6ce0b97671eb1f8ecd50f99af49607242f24e61	2017-11-30T17:25:52Z	Felipe coma	CC BY-SA 4.0	https://creativecommons.org/licenses/by-sa/4.0	true	raw/0059_metadata_0470_a1.response	781506835468fb5c594457801cb928957af2f33bd3ac91e67ef2add26695099c
52518247	orange	File:03984-Kalifornien-1903-California a Orange Tree-Brück & Sohn Kunstverlag.jpg	https://commons.wikimedia.org/wiki/File:03984-Kalifornien-1903-California_a_Orange_Tree-Br%C3%BCck_%26_Sohn_Kunstverlag.jpg	2bbdd1e0be27cf648f307c90f019144b932c9599	2016-10-26T05:05:43Z	Brück & Sohn Kunstverlag Meißen	CC0	http://creativecommons.org/publicdomain/zero/1.0/deed.en	false	raw/0059_metadata_0470_a1.response	781506835468fb5c594457801cb928957af2f33bd3ac91e67ef2add26695099c
20606450	orange	File:Orange Fruit Close-up.jpg	https://commons.wikimedia.org/wiki/File:Orange_Fruit_Close-up.jpg	0733985d291274b2b7b2e61e7d249f739fdc5cff	2012-08-11T03:51:57Z	freestock.ca	CC BY-SA 3.0	https://creativecommons.org/licenses/by-sa/3.0	true	raw/0059_metadata_0470_a1.response	781506835468fb5c594457801cb928957af2f33bd3ac91e67ef2add26695099c
74372212	orange	File:Starr-180917-5498-Citrus x tangelo-Minneolo tangelo ready for juicing-Hawea Pl Olinda-Maui (43999069040).jpg	https://commons.wikimedia.org/wiki/File:Starr-180917-5498-Citrus_x_tangelo-Minneolo_tangelo_ready_for_juicing-Hawea_Pl_Olinda-Maui_(43999069040).jpg	d2c5d6e4f82770a757d98471bda7b140ee787b40	2018-11-13T19:56:47Z	Forest and Kim Starr	CC BY 3.0 us	https://creativecommons.org/licenses/by/3.0/us/deed.en	true	raw/0059_metadata_0470_a1.response	781506835468fb5c594457801cb928957af2f33bd3ac91e67ef2add26695099c
19046557	orange	File:Indian hybrid Orange.jpg	https://commons.wikimedia.org/wiki/File:Indian_hybrid_Orange.jpg	cb8919751965dd8e79e02531c6186094354e3b77	2012-07-04T19:40:13Z	Aravind Sivaraj	CC BY-SA 3.0	https://creativecommons.org/licenses/by-sa/3.0	true	raw/0059_metadata_0470_a1.response	781506835468fb5c594457801cb928957af2f33bd3ac91e67ef2add26695099c
166433318	orange	File:Pyramid of Oranges 02.jpg	https://commons.wikimedia.org/wiki/File:Pyramid_of_Oranges_02.jpg	d88fccea852d9acdc8e1f455932c0a1360e95396	2025-05-31T07:55:32Z	A S M Jobaer	CC BY-SA 4.0	https://creativecommons.org/licenses/by-sa/4.0	true	raw/0059_metadata_0470_a1.response	781506835468fb5c594457801cb928957af2f33bd3ac91e67ef2add26695099c
53084241	orange	File:Vitamin C Foods Goshen, Indiana (6941346243).jpg	https://commons.wikimedia.org/wiki/File:Vitamin_C_Foods_Goshen,_Indiana_(6941346243).jpg	fa0c2b979a7bf4a5eeacca37730a80d325dcd51b	2016-11-12T11:08:05Z	Mennonite Church USA Archives	No restrictions	https://www.flickr.com/commons/usage/	false	raw/0059_metadata_0470_a1.response	781506835468fb5c594457801cb928957af2f33bd3ac91e67ef2add26695099c
48409496	water	File:RakiKreta.jpg	https://commons.wikimedia.org/wiki/File:RakiKreta.jpg	22a538b7ac032601c6743b8f11f82c0078dd05d3	2016-04-27T20:52:25Z	Frente	CC BY-SA 3.0	http://creativecommons.org/licenses/by-sa/3.0/	true	raw/0060_metadata_0480_a1.response	459bfdcb9c8a5bfad5e1856d13730eaafdcb93bf24e95de8ab50ae0279cb1992
178976421	water	File:Water bottle 11-26-2025.jpg	https://commons.wikimedia.org/wiki/File:Water_bottle_11-26-2025.jpg	5097edddce9cf203a9bface596b3005cbeab280f	2025-11-26T13:33:59Z	WikiGrower1	CC BY 4.0	https://creativecommons.org/licenses/by/4.0	true	raw/0060_metadata_0480_a1.response	459bfdcb9c8a5bfad5e1856d13730eaafdcb93bf24e95de8ab50ae0279cb1992
68314807	water	File:Passenger Experience Week 2018, Hamburg (1X7A3642).jpg	https://commons.wikimedia.org/wiki/File:Passenger_Experience_Week_2018,_Hamburg_(1X7A3642).jpg	94cd10a14e67066c3d910b3f0e5ebc083b33bb14	2020-03-04T09:54:50Z	Matti Blume	CC BY-SA 4.0	https://creativecommons.org/licenses/by-sa/4.0	true	raw/0060_metadata_0480_a1.response	459bfdcb9c8a5bfad5e1856d13730eaafdcb93bf24e95de8ab50ae0279cb1992
169770057	water	File:Jantzen bottles.jpg	https://commons.wikimedia.org/wiki/File:Jantzen_bottles.jpg	ca84da6ff589492329f44bc54d85c42f449db5b9	2025-07-12T10:54:19Z	Charmangeyee	CC BY-SA 4.0	https://creativecommons.org/licenses/by-sa/4.0	true	raw/0060_metadata_0480_a1.response	459bfdcb9c8a5bfad5e1856d13730eaafdcb93bf24e95de8ab50ae0279cb1992
149205465	water	File:Pork + Vegetable Miso Tsukemen @ Suzuran @ Shibuya (13777706464).jpg	https://commons.wikimedia.org/wiki/File:Pork_%2B_Vegetable_Miso_Tsukemen_@_Suzuran_@_Shibuya_(13777706464).jpg	a7b247d8a0370686b2b5744f482d9177f26299ac	2024-06-09T14:02:31Z	Guilhem Vellut from Annecy, France	CC BY 2.0	https://creativecommons.org/licenses/by/2.0	true	raw/0060_metadata_0480_a1.response	459bfdcb9c8a5bfad5e1856d13730eaafdcb93bf24e95de8ab50ae0279cb1992
105470801	water	File:La Palma - Villa de Mazo - Calle La Calzada - Cementerio de Villa de Mazo 03 ies.jpg	https://commons.wikimedia.org/wiki/File:La_Palma_-_Villa_de_Mazo_-_Calle_La_Calzada_-_Cementerio_de_Villa_de_Mazo_03_ies.jpg	b44096e61f3010fed54bdbddba0d2fc1bbd7748a	2021-05-18T15:47:24Z	Frank Vincentz	CC BY-SA 3.0	https://creativecommons.org/licenses/by-sa/3.0	true	raw/0060_metadata_0480_a1.response	459bfdcb9c8a5bfad5e1856d13730eaafdcb93bf24e95de8ab50ae0279cb1992
105203889	water	File:C150517 (34762372576).jpg	https://commons.wikimedia.org/wiki/File:C150517_(34762372576).jpg	0d3bc496825281ec105b94575199eaede614eec2	2021-05-12T10:12:08Z	Jusotil_1943	CC0	http://creativecommons.org/publicdomain/zero/1.0/deed.en	false	raw/0060_metadata_0480_a1.response	459bfdcb9c8a5bfad5e1856d13730eaafdcb93bf24e95de8ab50ae0279cb1992
75895125	water	File:Rose de Damas (Lyon) - bouteille d'eau.jpg	https://commons.wikimedia.org/wiki/File:Rose_de_Damas_(Lyon)_-_bouteille_d%27eau.jpg	0f59005fcd4b353c296bae647192cd4d7ac04e77	2019-01-16T18:16:44Z	Benoît Prieur	CC0	http://creativecommons.org/publicdomain/zero/1.0/deed.en	false	raw/0060_metadata_0480_a1.response	459bfdcb9c8a5bfad5e1856d13730eaafdcb93bf24e95de8ab50ae0279cb1992
11301183	water	File:Vaso de agua-Hotel.jpg	https://commons.wikimedia.org/wiki/File:Vaso_de_agua-Hotel.jpg	b6055b3a982d8f2b2b394db515e19c84d2fab1c1	2010-08-26T19:10:09Z	Tamorlan	CC BY 3.0	https://creativecommons.org/licenses/by/3.0	true	raw/0060_metadata_0480_a1.response	459bfdcb9c8a5bfad5e1856d13730eaafdcb93bf24e95de8ab50ae0279cb1992
104015070	water	File:Essentia Water Process.png	https://commons.wikimedia.org/wiki/File:Essentia_Water_Process.png	888f539dd91868318ac494679a835f1ef25b7adf	2021-04-20T15:42:57Z	Cdan198	CC BY-SA 4.0	https://creativecommons.org/licenses/by-sa/4.0	true	raw/0060_metadata_0480_a1.response	459bfdcb9c8a5bfad5e1856d13730eaafdcb93bf24e95de8ab50ae0279cb1992
80941769	water	File:HCL 052 Water Bottle ('Gugglet').jpg	https://commons.wikimedia.org/wiki/File:HCL_052_Water_Bottle_(%27Gugglet%27).jpg	eab28693a08198bdd656f6719da4a0ad805124e8	2019-08-01T10:12:56Z	the creator of this piece is unknown	CC0	http://creativecommons.org/publicdomain/zero/1.0/deed.en	false	raw/0061_metadata_0490_a1.response	60a95c6033010cfa0c9232429b4455c586f9e40998a91636aca5d61aa42486a4
80169742	water	File:An Oak Tree (conceptual art installation) - detail.jpg	https://commons.wikimedia.org/wiki/File:An_Oak_Tree_(conceptual_art_installation)_-_detail.jpg	07efb2824c2dda0d45e064669cd90f5f0e8a5026	2019-07-05T01:24:36Z	The original uploader was Pixel23 at English Wikipedia.	CC BY-SA 2.5	https://creativecommons.org/licenses/by-sa/2.5	true	raw/0061_metadata_0490_a1.response	60a95c6033010cfa0c9232429b4455c586f9e40998a91636aca5d61aa42486a4
56939268	water	File:Reused Photos (5642368330).jpg	https://commons.wikimedia.org/wiki/File:Reused_Photos_(5642368330).jpg	5b3908072d63b96704d62f6e8142465fa1b82795	2017-03-09T13:27:36Z	cogdogblog	CC BY 2.0	https://creativecommons.org/licenses/by/2.0	true	raw/0061_metadata_0490_a1.response	60a95c6033010cfa0c9232429b4455c586f9e40998a91636aca5d61aa42486a4
115852746	water	File:201012-F-RF516-1360 - JSSD-K range day builds relationships, promotes readiness (Image 4 of 10).jpg	https://commons.wikimedia.org/wiki/File:201012-F-RF516-1360_-_JSSD-K_range_day_builds_relationships,_promotes_readiness_(Image_4_of_10).jpg	6784bce4634894108806edfdda9bf289a1090255	2022-03-06T20:24:34Z	Senior Airman Monica Roybal	Public domain		false	raw/0061_metadata_0490_a1.response	60a95c6033010cfa0c9232429b4455c586f9e40998a91636aca5d61aa42486a4
4678486	water	File:Mineralwasserkruege.JPG	https://commons.wikimedia.org/wiki/File:Mineralwasserkruege.JPG	80d4535ff9da456e4a890b3f00abca5b02bed926	2008-09-01T22:03:05Z	Volker Thies (Asdrubal)	CC BY-SA 3.0	http://creativecommons.org/licenses/by-sa/3.0/	true	raw/0061_metadata_0490_a1.response	60a95c6033010cfa0c9232429b4455c586f9e40998a91636aca5d61aa42486a4
63807624	water	File:Puerto Rico and South Dakota National Guard (37608781906).jpg	https://commons.wikimedia.org/wiki/File:Puerto_Rico_and_South_Dakota_National_Guard_(37608781906).jpg	ac93e1af071f753e960df31d81700d5c651dafcd	2017-11-02T09:58:26Z	The National Guard Sgt. Alexis Vélez/Puerto Rico National Guard	Public domain		false	raw/0061_metadata_0490_a1.response	60a95c6033010cfa0c9232429b4455c586f9e40998a91636aca5d61aa42486a4
14951701	water	File:Stirring in a glass of Water.jpg	https://commons.wikimedia.org/wiki/File:Stirring_in_a_glass_of_Water.jpg	e7e8676da5beb18a27b7ff4106905f67b213f5ad	2011-04-18T11:29:00Z	Martin Meise	CC BY 3.0	https://creativecommons.org/licenses/by/3.0	true	raw/0061_metadata_0490_a1.response	60a95c6033010cfa0c9232429b4455c586f9e40998a91636aca5d61aa42486a4
45522791	water	File:There actually water on Mars (my own version of the picture).jpg	https://commons.wikimedia.org/wiki/File:There_actually_water_on_Mars_(my_own_version_of_the_picture).jpg	476ae08cfda9382d7dd10527138d2b9522579d9f	2015-12-09T05:01:17Z	The Chicken Ex-terminator	CC BY-SA 4.0	https://creativecommons.org/licenses/by-sa/4.0	true	raw/0061_metadata_0490_a1.response	60a95c6033010cfa0c9232429b4455c586f9e40998a91636aca5d61aa42486a4
110780719	water	File:German Occupation of Norway during WW2 1940-45 Military equipment British water bottle webbing cradle Feltflaske Bergenhus Festningsmuseum Fortress Military Museum Bergen 2021 6117.jpg	https://commons.wikimedia.org/wiki/File:German_Occupation_of_Norway_during_WW2_1940-45_Military_equipment_British_water_bottle_webbing_cradle_Feltflaske_Bergenhus_Festningsmuseum_Fortress_Military_Museum_Bergen_2021_6117.jpg	01aa666a0094489873130a61f79f185e19849044	2021-10-06T15:31:05Z	Wolfmann	CC BY-SA 4.0	https://creativecommons.org/licenses/by-sa/4.0	true	raw/0061_metadata_0490_a1.response	60a95c6033010cfa0c9232429b4455c586f9e40998a91636aca5d61aa42486a4
147571773	water	File:Empty Shabbat table installation in Hostages and Missing Square, March 2024 28.jpg	https://commons.wikimedia.org/wiki/File:Empty_Shabbat_table_installation_in_Hostages_and_Missing_Square,_March_2024_28.jpg	16bbae793632cdedb98d261460a79714c2da92ae	2024-04-20T22:50:12Z	Chenspec	CC BY-SA 4.0	https://creativecommons.org/licenses/by-sa/4.0	true	raw/0061_metadata_0490_a1.response	60a95c6033010cfa0c9232429b4455c586f9e40998a91636aca5d61aa42486a4
109347508	water	File:Bottle, Aerated Water (Wai Wai Mineral Water Co. Hamilton Patent Torpedo Bottle) (48708584778).jpg	https://commons.wikimedia.org/wiki/File:Bottle,_Aerated_Water_(Wai_Wai_Mineral_Water_Co._Hamilton_Patent_Torpedo_Bottle)_(48708584778).jpg	822dd86968d3407c49eb5bfb57e1cff57b060b4d	2021-08-27T01:03:42Z	Auckland Museum Collections from Auckland, Aotearoa New Zealand	CC BY 2.0	https://creativecommons.org/licenses/by/2.0	true	raw/0062_metadata_0500_a1.response	9060e58f74d8e6df664031891d56230c40a40ea67a6099282c6707a068817cca
36200691	water	File:Bottle, originally for Evian water, containing water from th Wellcome L0057365.jpg	https://commons.wikimedia.org/wiki/File:Bottle,_originally_for_Evian_water,_containing_water_from_th_Wellcome_L0057365.jpg	5e05039a55370c00d828d5114ba69d0258b48e6e	2014-10-17T08:35:28Z		CC BY 4.0	https://creativecommons.org/licenses/by/4.0	true	raw/0062_metadata_0500_a1.response	9060e58f74d8e6df664031891d56230c40a40ea67a6099282c6707a068817cca
37609220	water	File:Paperclips in a glass of water.JPG	https://commons.wikimedia.org/wiki/File:Paperclips_in_a_glass_of_water.JPG	75809def62e5552b0ecbd6a0b418581c1a483fb0	2014-12-31T21:09:27Z	AgustinaCC	CC0	http://creativecommons.org/publicdomain/zero/1.0/deed.en	false	raw/0062_metadata_0500_a1.response	9060e58f74d8e6df664031891d56230c40a40ea67a6099282c6707a068817cca
29687792	water	File:Trinkwasser-Wasserhahn.jpg	https://commons.wikimedia.org/wiki/File:Trinkwasser-Wasserhahn.jpg	5901f5ce3f4996aca2e9fe8e7c4544afb0baeeb6	2013-11-17T17:00:22Z	Klaus Ohlenschläger	CC BY-SA 3.0	https://creativecommons.org/licenses/by-sa/3.0	true	raw/0062_metadata_0500_a1.response	9060e58f74d8e6df664031891d56230c40a40ea67a6099282c6707a068817cca
71367802	water	File:Food And Water (52089686).jpeg	https://commons.wikimedia.org/wiki/File:Food_And_Water_(52089686).jpeg	e7e3be7a5eb93c7cfbaa9b36e87840b0815d653a	2018-08-05T12:10:26Z	Ilham Al Ghozali Photographyer Ii	CC BY 3.0	https://creativecommons.org/licenses/by/3.0	true	raw/0062_metadata_0500_a1.response	9060e58f74d8e6df664031891d56230c40a40ea67a6099282c6707a068817cca
64830077	water	File:Bottle, mineral water (AM 629708).jpg	https://commons.wikimedia.org/wiki/File:Bottle,_mineral_water_(AM_629708).jpg	a772e5f76a9f4258f368ea479f94ec786ba1639f	2017-12-15T13:22:56Z		CC BY 4.0	https://creativecommons.org/licenses/by/4.0	true	raw/0062_metadata_0500_a1.response	9060e58f74d8e6df664031891d56230c40a40ea67a6099282c6707a068817cca
64406255	water	File:Le boutiquier au travail 03.jpg	https://commons.wikimedia.org/wiki/File:Le_boutiquier_au_travail_03.jpg	67427798cd8237ac4e323c0365d53c2a30e64851	2017-11-28T10:02:09Z	Marietherese123	CC BY-SA 4.0	https://creativecommons.org/licenses/by-sa/4.0	true	raw/0062_metadata_0500_a1.response	9060e58f74d8e6df664031891d56230c40a40ea67a6099282c6707a068817cca
71015784	water	File:Wasserflasche August Staude Hannover Flaschenboden.jpg	https://commons.wikimedia.org/wiki/File:Wasserflasche_August_Staude_Hannover_Flaschenboden.jpg	1168a2caa07d5386998c7f3077d7ba9c90ae8d89	2018-07-20T22:03:20Z	Axel Hindemith	CC BY-SA 3.0	https://creativecommons.org/licenses/by-sa/3.0	true	raw/0062_metadata_0500_a1.response	9060e58f74d8e6df664031891d56230c40a40ea67a6099282c6707a068817cca
168672044	water	File:Water (3353212496).jpg	https://commons.wikimedia.org/wiki/File:Water_(3353212496).jpg	f7aacf3e0a3ce08980c9c2f50bad68e369c594f1	2025-06-27T18:26:15Z	John Rees	CC BY 2.0	https://creativecommons.org/licenses/by/2.0	true	raw/0062_metadata_0500_a1.response	9060e58f74d8e6df664031891d56230c40a40ea67a6099282c6707a068817cca
928160	water	File:A whirlpool in a glass of water.jpg	https://commons.wikimedia.org/wiki/File:A_whirlpool_in_a_glass_of_water.jpg	3da6f6125ea6c7b89b89758c6d47cc876b3dc490	2006-07-07T13:35:18Z	Stassats	CC BY-SA 3.0	http://creativecommons.org/licenses/by-sa/3.0/	true	raw/0062_metadata_0500_a1.response	9060e58f74d8e6df664031891d56230c40a40ea67a6099282c6707a068817cca
118614095	water	File:Cimetière juif de Remiremont - 2022-05-31 - 29.jpg	https://commons.wikimedia.org/wiki/File:Cimeti%C3%A8re_juif_de_Remiremont_-_2022-05-31_-_29.jpg	681be718b71d377f58fbd94b5dec76a555f0d783	2022-06-02T12:26:21Z	Mathieu Kappler	CC BY-SA 4.0	https://creativecommons.org/licenses/by-sa/4.0	true	raw/0063_metadata_0510_a1.response	275467d3b6b663d981e3307102fbc69c3e2aa90d06712274f50928d18daf377c
26528704	water	File:Water Drops Glass.jpg	https://commons.wikimedia.org/wiki/File:Water_Drops_Glass.jpg	5b0d63b19e7fedf3a0333abbdd49c903fc40ed0f	2013-06-07T08:23:39Z	Pdpics	CC BY-SA 3.0	https://creativecommons.org/licenses/by-sa/3.0	true	raw/0063_metadata_0510_a1.response	275467d3b6b663d981e3307102fbc69c3e2aa90d06712274f50928d18daf377c
195933977	water	File:Bangkok-Sathon - White Jade Tai Hong Gong Shrine - ศาลเจ้าไต้ฮงกงหยกขาว - (2026 Jul) - IMG 46.jpg	https://commons.wikimedia.org/wiki/File:Bangkok-Sathon_-_White_Jade_Tai_Hong_Gong_Shrine_-_%E0%B8%A8%E0%B8%B2%E0%B8%A5%E0%B9%80%E0%B8%88%E0%B9%89%E0%B8%B2%E0%B9%84%E0%B8%95%E0%B9%89%E0%B8%AE%E0%B8%87%E0%B8%81%E0%B8%87%E0%B8%AB%E0%B8%A2%E0%B8%81%E0%B8%82%E0%B8%B2%E0%B8%A7_-_(2026_Jul)_-_IMG_46.jpg	4f6e47e622d9e06027c0be40bbcc50fa1250338d	2026-07-20T13:20:00Z	Chainwit.	CC BY 4.0	https://creativecommons.org/licenses/by/4.0	true	raw/0063_metadata_0510_a1.response	275467d3b6b663d981e3307102fbc69c3e2aa90d06712274f50928d18daf377c
113656176	water	File:Ministers of Defence of Ukraine and Canada discuss prospects of bilateral cooperation (26-09-2017) 08.jpg	https://commons.wikimedia.org/wiki/File:Ministers_of_Defence_of_Ukraine_and_Canada_discuss_prospects_of_bilateral_cooperation_(26-09-2017)_08.jpg	9873b971398b7c6f6e8db7a426962765cb07a95f	2021-12-25T20:29:13Z	Ministry of Defense of Ukraine	CC BY-SA 2.0	https://creativecommons.org/licenses/by-sa/2.0	true	raw/0063_metadata_0510_a1.response	275467d3b6b663d981e3307102fbc69c3e2aa90d06712274f50928d18daf377c
135209161	water	File:Climatechangetour.jpg	https://commons.wikimedia.org/wiki/File:Climatechangetour.jpg	34eff800c1a0e0b98744da469181ab09645c9f3a	2023-07-29T13:54:44Z	Cassandra500	CC BY-SA 4.0	https://creativecommons.org/licenses/by-sa/4.0	true	raw/0063_metadata_0510_a1.response	275467d3b6b663d981e3307102fbc69c3e2aa90d06712274f50928d18daf377c
152428077	water	File:Lipu tenpo nanpa lawa - poki telo.png	https://commons.wikimedia.org/wiki/File:Lipu_tenpo_nanpa_lawa_-_poki_telo.png	75305e3368f18d41f225972425f893886bb8e99d	2024-09-09T15:27:06Z	kulupu pi lipu tenpo	CC BY-SA 4.0	https://creativecommons.org/licenses/by-sa/4.0	true	raw/0063_metadata_0510_a1.response	275467d3b6b663d981e3307102fbc69c3e2aa90d06712274f50928d18daf377c
155874067	water	File:This is a cold water bottle..jpg	https://commons.wikimedia.org/wiki/File:This_is_a_cold_water_bottle..jpg	1bfecc254ebc3c660514ab21f958155a0865d8be	2024-11-27T13:54:29Z	Jiafei Slay Queen	CC0	http://creativecommons.org/publicdomain/zero/1.0/deed.en	false	raw/0063_metadata_0510_a1.response	275467d3b6b663d981e3307102fbc69c3e2aa90d06712274f50928d18daf377c
130472416	water	File:Energy drink mix 200mg.jpg	https://commons.wikimedia.org/wiki/File:Energy_drink_mix_200mg.jpg	6f02498d1bdb83a10c50ebf1ab1ddfa70529d5bd	2023-04-07T23:27:44Z	Corn cheese	CC BY-SA 4.0	https://creativecommons.org/licenses/by-sa/4.0	true	raw/0063_metadata_0510_a1.response	275467d3b6b663d981e3307102fbc69c3e2aa90d06712274f50928d18daf377c
87739898	water	File:20200217 121134 Mount Popa Mandalay Region Myanmar anagoria.jpg	https://commons.wikimedia.org/wiki/File:20200217_121134_Mount_Popa_Mandalay_Region_Myanmar_anagoria.jpg	11d66c2dc977609f023c4d8ad9beb2ac69f06314	2020-03-06T11:32:34Z	Anagoria	CC BY 3.0	https://creativecommons.org/licenses/by/3.0	true	raw/0063_metadata_0510_a1.response	275467d3b6b663d981e3307102fbc69c3e2aa90d06712274f50928d18daf377c
119711231	water	File:Hidratados.jpg	https://commons.wikimedia.org/wiki/File:Hidratados.jpg	9379c51af8b4d25d468f1d837351bcd19372dcab	2022-06-24T23:22:08Z	Prácticas Intraescolares	CC BY-SA 4.0	https://creativecommons.org/licenses/by-sa/4.0	true	raw/0063_metadata_0510_a1.response	275467d3b6b663d981e3307102fbc69c3e2aa90d06712274f50928d18daf377c
41374653	water	File:2nd Marine Aircraft Wing Junior Leader Recognition Dinner 140912-M-OB177-074.jpg	https://commons.wikimedia.org/wiki/File:2nd_Marine_Aircraft_Wing_Junior_Leader_Recognition_Dinner_140912-M-OB177-074.jpg	fec83f61988547daffbc922d759afdb563db5c20	2015-07-05T01:22:36Z	Cpl. Yosselyn Munnerlyn	Public domain		false	raw/0064_metadata_0520_a1.response	8ebba284295eec00bcf575bb5d64ebcb3828bcc768e0e228050ef012a34046aa
149205512	water	File:Tantan-men @ Genman @ Ningyocho (13911567054).jpg	https://commons.wikimedia.org/wiki/File:Tantan-men_@_Genman_@_Ningyocho_(13911567054).jpg	cccb4dbc697c0864112a022ea98251285ed1dce5	2024-06-09T14:04:02Z	Guilhem Vellut from Annecy, France	CC BY 2.0	https://creativecommons.org/licenses/by/2.0	true	raw/0064_metadata_0520_a1.response	8ebba284295eec00bcf575bb5d64ebcb3828bcc768e0e228050ef012a34046aa
147571440	water	File:Empty Shabbat table installation in Hostages and Missing Square, March 2024 16.jpg	https://commons.wikimedia.org/wiki/File:Empty_Shabbat_table_installation_in_Hostages_and_Missing_Square,_March_2024_16.jpg	a7a8c84ee1c664d61fe9e045f2c7e62087767b5e	2024-04-20T22:32:50Z	Chenspec	CC BY-SA 4.0	https://creativecommons.org/licenses/by-sa/4.0	true	raw/0064_metadata_0520_a1.response	8ebba284295eec00bcf575bb5d64ebcb3828bcc768e0e228050ef012a34046aa
129946780	water	File:Bouteille 50cl.png	https://commons.wikimedia.org/wiki/File:Bouteille_50cl.png	3115ed5a2a2e4fdc44a99c585e7cb6dfc2cea5a7	2023-03-24T13:24:32Z	A mbi	CC BY-SA 4.0	https://creativecommons.org/licenses/by-sa/4.0	true	raw/0064_metadata_0520_a1.response	8ebba284295eec00bcf575bb5d64ebcb3828bcc768e0e228050ef012a34046aa
122911236	water	File:FromAQUA Tanigawa 2022S.jpeg	https://commons.wikimedia.org/wiki/File:FromAQUA_Tanigawa_2022S.jpeg	e9e1e82eef995690eaab00f8ffe73b7ddfbaf8a8	2022-06-04T05:54:12Z	Tkskltkouen	CC BY 3.0	https://creativecommons.org/licenses/by/3.0	true	raw/0064_metadata_0520_a1.response	8ebba284295eec00bcf575bb5d64ebcb3828bcc768e0e228050ef012a34046aa
68683487	water	File:Water bottles with tape handle.png	https://commons.wikimedia.org/wiki/File:Water_bottles_with_tape_handle.png	2721d1615dd375f340fbd6adc6b3f96212544bb0	2018-04-30T23:20:30Z	Rlsheehan	CC BY-SA 4.0	https://creativecommons.org/licenses/by-sa/4.0	true	raw/0064_metadata_0520_a1.response	8ebba284295eec00bcf575bb5d64ebcb3828bcc768e0e228050ef012a34046aa
136170255	water	File:Sunset water bottle (10997554865).jpg	https://commons.wikimedia.org/wiki/File:Sunset_water_bottle_(10997554865).jpg	fd711341cadba2a81a677a78f378c26e9be71f8c	2023-08-18T18:31:57Z	Andy / Andrew Fogg from near Cambridge, UK	CC BY 2.0	https://creativecommons.org/licenses/by/2.0	true	raw/0064_metadata_0520_a1.response	8ebba284295eec00bcf575bb5d64ebcb3828bcc768e0e228050ef012a34046aa
119425624	water	File:A sun inside a bottle.jpg	https://commons.wikimedia.org/wiki/File:A_sun_inside_a_bottle.jpg	626e71d26cb32f24999a4302c62eb1e93d5e624a	2022-06-18T10:16:24Z	Sharmila Rangaraj	CC BY-SA 4.0	https://creativecommons.org/licenses/by-sa/4.0	true	raw/0064_metadata_0520_a1.response	8ebba284295eec00bcf575bb5d64ebcb3828bcc768e0e228050ef012a34046aa
12521461	water	File:Kate and the Bubbatones Friday Night Jamboree Floyd Country Store Floyd VA October 2010.jpg	https://commons.wikimedia.org/wiki/File:Kate_and_the_Bubbatones_Friday_Night_Jamboree_Floyd_Country_Store_Floyd_VA_October_2010.jpg	7eceba8ff84e3ab85f8b70d70bacf322659d8ff9	2010-12-31T19:21:29Z	Bruce Tuten from Savannah, Georgia, United States	CC BY 2.0	https://creativecommons.org/licenses/by/2.0	true	raw/0064_metadata_0520_a1.response	8ebba284295eec00bcf575bb5d64ebcb3828bcc768e0e228050ef012a34046aa
147189367	water	File:Shabbat Dinner table 7 representing the hostages and missing people, The October 7 attack.jpg	https://commons.wikimedia.org/wiki/File:Shabbat_Dinner_table_7_representing_the_hostages_and_missing_people,_The_October_7_attack.jpg	cda4552ad3a5d66f7cba183d007d2c17cd4c7329	2024-04-08T11:18:49Z	Yossipik	CC BY-SA 4.0	https://creativecommons.org/licenses/by-sa/4.0	true	raw/0064_metadata_0520_a1.response	8ebba284295eec00bcf575bb5d64ebcb3828bcc768e0e228050ef012a34046aa
53206806	water	File:Mohd Salleh Tun Said Keruak - ITU Telecom World 2016 - Ministerial Roundtable (30697657910).jpg	https://commons.wikimedia.org/wiki/File:Mohd_Salleh_Tun_Said_Keruak_-_ITU_Telecom_World_2016_-_Ministerial_Roundtable_(30697657910).jpg	311a0a407a699501cefb5f28570d16e029d5817b	2016-11-16T09:09:29Z	R. Farrell, ITU Pictures from Geneva, Switzerland	CC BY 2.0	https://creativecommons.org/licenses/by/2.0	true	raw/0065_metadata_0530_a1.response	853e794367b0f59413cb9e16a8dbef08327252fd1d55d556ccf56d44e80b9495
34149970	water	File:2014 Tour de France. Caravane Vittel 1. Free image Spielvogel. Zero copyright.jpg	https://commons.wikimedia.org/wiki/File:2014_Tour_de_France._Caravane_Vittel_1._Free_image_Spielvogel._Zero_copyright.jpg	182b88c12787f0832631862078d47686ff144db7	2014-07-22T11:14:44Z	For a gallery of some more of my uploaded pictures see: here.	CC0	http://creativecommons.org/publicdomain/zero/1.0/deed.en	false	raw/0065_metadata_0530_a1.response	853e794367b0f59413cb9e16a8dbef08327252fd1d55d556ccf56d44e80b9495
76658041	water	File:Brot und vatter.jpg	https://commons.wikimedia.org/wiki/File:Brot_und_vatter.jpg	dde9b3d4ba6fed83c4cea0d665d68ca2cc38890c	2019-02-18T01:58:05Z	Buckaroo bob 91	CC BY-SA 4.0	https://creativecommons.org/licenses/by-sa/4.0	true	raw/0065_metadata_0530_a1.response	853e794367b0f59413cb9e16a8dbef08327252fd1d55d556ccf56d44e80b9495
154598751	water	File:Spider in a sippy.jpg	https://commons.wikimedia.org/wiki/File:Spider_in_a_sippy.jpg	40b4322a58a6c910dd0d9aa3682ff3834cc934d7	2024-10-29T20:44:23Z	M3WEM3	CC BY 4.0	https://creativecommons.org/licenses/by/4.0	true	raw/0065_metadata_0530_a1.response	853e794367b0f59413cb9e16a8dbef08327252fd1d55d556ccf56d44e80b9495
162850284	water	File:SZ Shenzhen Futian Shennan Middle Road Shenzhen Museum Ancient Art Museum vending machine plastic bottle water March 2025 R12S.jpg	https://commons.wikimedia.org/wiki/File:SZ_Shenzhen_Futian_Shennan_Middle_Road_Shenzhen_Museum_Ancient_Art_Museum_vending_machine_plastic_bottle_water_March_2025_R12S.jpg	2c30f1fe2320f82684eb89db8c023102da1cbdc7	2025-03-27T06:26:47Z	AIOLIAN 2025	CC0	http://creativecommons.org/publicdomain/zero/1.0/deed.en	false	raw/0065_metadata_0530_a1.response	853e794367b0f59413cb9e16a8dbef08327252fd1d55d556ccf56d44e80b9495
3515701	water	File:Flaschen 1880 Montage.jpg	https://commons.wikimedia.org/wiki/File:Flaschen_1880_Montage.jpg	3f55c0c58081444b68e16e9942dc95dc46fcc8f7	2008-02-07T10:55:01Z	Presse03	Public domain		false	raw/0065_metadata_0530_a1.response	853e794367b0f59413cb9e16a8dbef08327252fd1d55d556ccf56d44e80b9495
28146556	water	File:Strawberry in water (3871801896).jpg	https://commons.wikimedia.org/wiki/File:Strawberry_in_water_(3871801896).jpg	4bc41caecaac44cbd28210efe759dd1f37be9c61	2013-09-08T14:35:33Z	Sander van der Wel from Netherlands	CC BY-SA 2.0	https://creativecommons.org/licenses/by-sa/2.0	true	raw/0065_metadata_0530_a1.response	853e794367b0f59413cb9e16a8dbef08327252fd1d55d556ccf56d44e80b9495
111484306	water	File:SWAG Material for WLB Team-members.jpg	https://commons.wikimedia.org/wiki/File:SWAG_Material_for_WLB_Team-members.jpg	2b32cb687cfabbc57370bce8506aa11135474d2c	2021-10-22T13:59:16Z	Atudu	CC BY-SA 4.0	https://creativecommons.org/licenses/by-sa/4.0	true	raw/0065_metadata_0530_a1.response	853e794367b0f59413cb9e16a8dbef08327252fd1d55d556ccf56d44e80b9495
7959257	water	File:Fotothek df roe-neg 0006560 023 Eine Hand lässt eine Tablette in ein Wasserglas.jpg	https://commons.wikimedia.org/wiki/File:Fotothek_df_roe-neg_0006560_023_Eine_Hand_l%C3%A4sst_eine_Tablette_in_ein_Wasserglas.jpg	9828026be7a6748f721c7062155e029e56ac269e	2009-10-02T02:59:24Z	Roger Rössing / Renate Rössing	CC BY-SA 3.0 de	https://creativecommons.org/licenses/by-sa/3.0/de/deed.en	true	raw/0065_metadata_0530_a1.response	853e794367b0f59413cb9e16a8dbef08327252fd1d55d556ccf56d44e80b9495
73715877	water	File:Diplopia3hjke.jpg	https://commons.wikimedia.org/wiki/File:Diplopia3hjke.jpg	6935b6ecca67e4629b6790cf4ba804b92365948e	2018-10-19T07:45:16Z	Stephanie021299	CC BY-SA 4.0	https://creativecommons.org/licenses/by-sa/4.0	true	raw/0065_metadata_0530_a1.response	853e794367b0f59413cb9e16a8dbef08327252fd1d55d556ccf56d44e80b9495
34906646	water	File:Dovat.jpg	https://commons.wikimedia.org/wiki/File:Dovat.jpg	70e927772563bdb5c8b29fa2db31dc8390bcfc7d	2014-08-23T19:01:58Z	Ninhnt0403	CC BY-SA 4.0	https://creativecommons.org/licenses/by-sa/4.0	true	raw/0066_metadata_0540_a1.response	dacfc473448130d6b0ff24a3c6149705bce0b9ec8fed1eaba671eff70fd8cb4c
187382523	water	File:MC 澳門 Macau Peninsula YOHO Treasure Island Hotel 酒店房間 room drinking water bottles with label n sign No smoking March 2026 N13P 01.jpg	https://commons.wikimedia.org/wiki/File:MC_%E6%BE%B3%E9%96%80_Macau_Peninsula_YOHO_Treasure_Island_Hotel_%E9%85%92%E5%BA%97%E6%88%BF%E9%96%93_room_drinking_water_bottles_with_label_n_sign_No_smoking_March_2026_N13P_01.jpg	6e4de5afd22c47365113963a81ca462fbfabc4fb	2026-03-29T11:58:16Z	MCMAZ Lunggma	CC0	http://creativecommons.org/publicdomain/zero/1.0/deed.en	false	raw/0066_metadata_0540_a1.response	dacfc473448130d6b0ff24a3c6149705bce0b9ec8fed1eaba671eff70fd8cb4c
149206122	water	File:Tantan-men @ Ramen Tonkoma @ Komagome (14181005733).jpg	https://commons.wikimedia.org/wiki/File:Tantan-men_@_Ramen_Tonkoma_@_Komagome_(14181005733).jpg	e083cee4223cfded702e6f9d128f8289da7ca47f	2024-06-09T14:27:39Z	Guilhem Vellut from Annecy, France	CC BY 2.0	https://creativecommons.org/licenses/by/2.0	true	raw/0066_metadata_0540_a1.response	dacfc473448130d6b0ff24a3c6149705bce0b9ec8fed1eaba671eff70fd8cb4c
106578997	water	File:EM Water Bottle (4).jpg	https://commons.wikimedia.org/wiki/File:EM_Water_Bottle_(4).jpg	9326e7bf0eb527af22f202edb1bb0222ee78fccd	2021-06-14T17:39:08Z	Dragonrider8752	CC BY-SA 4.0	https://creativecommons.org/licenses/by-sa/4.0	true	raw/0066_metadata_0540_a1.response	dacfc473448130d6b0ff24a3c6149705bce0b9ec8fed1eaba671eff70fd8cb4c
180676399	water	File:Sinulog 2026 water bottle Natures Spring.jpg	https://commons.wikimedia.org/wiki/File:Sinulog_2026_water_bottle_Natures_Spring.jpg	d232d14de42b7dfce72cf6fd1d612ff553e81792	2025-12-25T23:50:53Z	Ternant 728228	Public domain		false	raw/0066_metadata_0540_a1.response	dacfc473448130d6b0ff24a3c6149705bce0b9ec8fed1eaba671eff70fd8cb4c
11084	water	File:SaltInWaterSolutionLiquid.jpg	https://commons.wikimedia.org/wiki/File:SaltInWaterSolutionLiquid.jpg	aff78b0dfbdacddefccba63ae93a9139ab06f2ac	2012-01-21T06:13:40Z	Picture taken by me -- Chris 73 14:12, 11 Dec 2004 (UTC)	CC BY-SA 3.0	https://creativecommons.org/licenses/by-sa/3.0	true	raw/0066_metadata_0540_a1.response	dacfc473448130d6b0ff24a3c6149705bce0b9ec8fed1eaba671eff70fd8cb4c
149204494	water	File:Yuzu Shoyu Ramen @ AFURI @ Azabu-Juban (12798224625).jpg	https://commons.wikimedia.org/wiki/File:Yuzu_Shoyu_Ramen_@_AFURI_@_Azabu-Juban_(12798224625).jpg	54bea1612b40e367da1d70f8b3ec5c06b8d0f59b	2024-06-09T13:34:55Z	Guilhem Vellut from Annecy, France	CC BY 2.0	https://creativecommons.org/licenses/by/2.0	true	raw/0066_metadata_0540_a1.response	dacfc473448130d6b0ff24a3c6149705bce0b9ec8fed1eaba671eff70fd8cb4c
178690440	water	File:Vegan burger and fried sweet potato. Kyiv, Ukraine. 2025.jpg	https://commons.wikimedia.org/wiki/File:Vegan_burger_and_fried_sweet_potato._Kyiv,_Ukraine._2025.jpg	08062edd9ccb4b4014295e65a0bf9a857cfd1cb3	2025-11-18T21:26:27Z	Anna Korcheva	CC BY-SA 4.0	https://creativecommons.org/licenses/by-sa/4.0	true	raw/0066_metadata_0540_a1.response	dacfc473448130d6b0ff24a3c6149705bce0b9ec8fed1eaba671eff70fd8cb4c
106510660	water	File:Verre d'eau,kribi.jpg	https://commons.wikimedia.org/wiki/File:Verre_d%27eau,kribi.jpg	f87710af8c5f2875d9f278843dd318b5ad2248d0	2021-06-12T12:52:21Z	Fomekong yemeli Ariane	CC BY-SA 4.0	https://creativecommons.org/licenses/by-sa/4.0	true	raw/0066_metadata_0540_a1.response	dacfc473448130d6b0ff24a3c6149705bce0b9ec8fed1eaba671eff70fd8cb4c
22348803	water	"File:"" 12 - ITALY - Alfa Romeo Giulietta Hatchback con donna Padova grey grigia.JPG"	https://commons.wikimedia.org/wiki/File:%22_12_-_ITALY_-_Alfa_Romeo_Giulietta_Hatchback_con_donna_Padova_grey_grigia.JPG	ee49f2cf31cd0d2968700768b6e9ea8ec5c10994	2012-10-25T00:03:28Z	Pava	CC BY-SA 3.0 it	https://creativecommons.org/licenses/by-sa/3.0/it/deed.en	true	raw/0066_metadata_0540_a1.response	dacfc473448130d6b0ff24a3c6149705bce0b9ec8fed1eaba671eff70fd8cb4c
32078719	water	File:Vai vem.JPG	https://commons.wikimedia.org/wiki/File:Vai_vem.JPG	903ccd8312d7e99d9d9135f50bd2bcddc8e9e953	2014-04-09T18:15:21Z	Grupo03a4	CC BY-SA 3.0	https://creativecommons.org/licenses/by-sa/3.0	true	raw/0067_metadata_0550_a1.response	8a3c6c7ac5826497d3d79cde9498ac1da10cf24798198eb087b9384b711789d3
71381786	water	File:Waterfall (2914716743).jpg	https://commons.wikimedia.org/wiki/File:Waterfall_(2914716743).jpg	3bc6053942b7b1aa154d1d48f5ae1ca8a5ef7be1	2018-08-05T21:21:39Z	veggiefrog from Toronto, Canada	CC BY 2.0	https://creativecommons.org/licenses/by/2.0	true	raw/0067_metadata_0550_a1.response	8a3c6c7ac5826497d3d79cde9498ac1da10cf24798198eb087b9384b711789d3
92961707	water	File:川越 水 (5071234910).jpg	https://commons.wikimedia.org/wiki/File:%E5%B7%9D%E8%B6%8A_%E6%B0%B4_(5071234910).jpg	cdd2a5d97bde0b73ea6b0e96b41de51efb2c468f	2020-08-08T01:40:35Z	ume-y	CC BY 2.0	https://creativecommons.org/licenses/by/2.0	true	raw/0067_metadata_0550_a1.response	8a3c6c7ac5826497d3d79cde9498ac1da10cf24798198eb087b9384b711789d3
98613248	water	File:Caffè macchiato con acqua.jpg	https://commons.wikimedia.org/wiki/File:Caff%C3%A8_macchiato_con_acqua.jpg	bd77e4ed15da25b0d2c57acf97ae1cd8882453c7	2021-01-07T11:12:54Z	Giacomo Alessandroni	CC BY-SA 4.0	https://creativecommons.org/licenses/by-sa/4.0	true	raw/0067_metadata_0550_a1.response	8a3c6c7ac5826497d3d79cde9498ac1da10cf24798198eb087b9384b711789d3
141362832	water	File:MEGA drinking water.jpg	https://commons.wikimedia.org/wiki/File:MEGA_drinking_water.jpg	6de2589e10d942ac6d4c23e38c8e59244aca5dde	2023-11-25T03:35:25Z	ROSALLYNA AZZAHRA BINTI SALI	CC BY-SA 4.0	https://creativecommons.org/licenses/by-sa/4.0	true	raw/0067_metadata_0550_a1.response	8a3c6c7ac5826497d3d79cde9498ac1da10cf24798198eb087b9384b711789d3
189498731	water	File:Waiter serves water in a glass at a restaurant.jpg	https://commons.wikimedia.org/wiki/File:Waiter_serves_water_in_a_glass_at_a_restaurant.jpg	b49b3f39853a5653aa379729e1c0c7ba35c75c0f	2026-04-17T07:20:46Z	Shixart1985	CC BY 2.0	https://creativecommons.org/licenses/by/2.0	true	raw/0067_metadata_0550_a1.response	8a3c6c7ac5826497d3d79cde9498ac1da10cf24798198eb087b9384b711789d3
63807747	water	File:New York and Puerto Rico National Guard (36848204663).jpg	https://commons.wikimedia.org/wiki/File:New_York_and_Puerto_Rico_National_Guard_(36848204663).jpg	009607823da53caf175e8decdd20050d063b3e45	2017-11-02T10:02:16Z	The National Guard Spc. Agustin Montanez/Puerto Rico National Guard	Public domain		false	raw/0067_metadata_0550_a1.response	8a3c6c7ac5826497d3d79cde9498ac1da10cf24798198eb087b9384b711789d3
3905186	water	File:Vets For Freedom.JPG	https://commons.wikimedia.org/wiki/File:Vets_For_Freedom.JPG	084c3399aa65edf7c40db06baca49449f7225faa	2008-04-19T09:34:33Z	Bluemarine	CC BY-SA 3.0	http://creativecommons.org/licenses/by-sa/3.0/	true	raw/0067_metadata_0550_a1.response	8a3c6c7ac5826497d3d79cde9498ac1da10cf24798198eb087b9384b711789d3
149213756	water	File:Guruguru Chorizo MOSDO (Doughnut + Burger) @ Mos Burger @ Yurakucho (15256451931).jpg	https://commons.wikimedia.org/wiki/File:Guruguru_Chorizo_MOSDO_(Doughnut_%2B_Burger)_@_Mos_Burger_@_Yurakucho_(15256451931).jpg	02fbc4235d668fa4d74981a14abbcc2e3c9f024b	2024-06-09T18:57:36Z	Guilhem Vellut from Annecy, France	CC BY 2.0	https://creativecommons.org/licenses/by/2.0	true	raw/0067_metadata_0550_a1.response	8a3c6c7ac5826497d3d79cde9498ac1da10cf24798198eb087b9384b711789d3
129946779	water	File:Bouteille 1L.png	https://commons.wikimedia.org/wiki/File:Bouteille_1L.png	8e25e7cfa8d4bffcc14e74212652b1d01bcc94cf	2023-03-24T13:24:32Z	A mbi	CC BY-SA 4.0	https://creativecommons.org/licenses/by-sa/4.0	true	raw/0067_metadata_0550_a1.response	8a3c6c7ac5826497d3d79cde9498ac1da10cf24798198eb087b9384b711789d3
4451467	water	File:Egypt 108.JPG	https://commons.wikimedia.org/wiki/File:Egypt_108.JPG	ba0c17586bda5c98d83b5033cb84cd2488aac940	2008-07-27T07:59:00Z	Effeietsanders	CC BY-SA 3.0	https://creativecommons.org/licenses/by-sa/3.0	true	raw/0068_metadata_0560_a1.response	52b784b69d193ccb260111b25ebfb74ea70e9a366948eddaefd4ae64c757a42f
94195131	water	File:Garrafas Vidago.jpg	https://commons.wikimedia.org/wiki/File:Garrafas_Vidago.jpg	bfbe57873117f0458319b1a564df34ba0c820646	2020-09-18T02:41:05Z	Estevoaei	CC BY-SA 4.0	https://creativecommons.org/licenses/by-sa/4.0	true	raw/0068_metadata_0560_a1.response	52b784b69d193ccb260111b25ebfb74ea70e9a366948eddaefd4ae64c757a42f
23074618	water	File:USMC-091020-M-4049R-007.jpg	https://commons.wikimedia.org/wiki/File:USMC-091020-M-4049R-007.jpg	91614660a736999a8e384e14ed2fab9924809512	2012-12-08T06:06:52Z		Public domain		false	raw/0068_metadata_0560_a1.response	52b784b69d193ccb260111b25ebfb74ea70e9a366948eddaefd4ae64c757a42f
147415597	water	File:Blue Water Bottle.jpg	https://commons.wikimedia.org/wiki/File:Blue_Water_Bottle.jpg	5bc21ae391e193b1b6393bfb9154fe5c6c3c8ef5	2024-04-15T20:11:24Z	Byoung82	CC0	http://creativecommons.org/publicdomain/zero/1.0/deed.en	false	raw/0068_metadata_0560_a1.response	52b784b69d193ccb260111b25ebfb74ea70e9a366948eddaefd4ae64c757a42f
126957142	water	File:A standing bottle of water.jpg	https://commons.wikimedia.org/wiki/File:A_standing_bottle_of_water.jpg	62757d314b1fe4feaeacb9ae06fcffd0d4e2ca21	2022-12-24T10:48:36Z	Thinkharun	CC BY-SA 4.0	https://creativecommons.org/licenses/by-sa/4.0	true	raw/0068_metadata_0560_a1.response	52b784b69d193ccb260111b25ebfb74ea70e9a366948eddaefd4ae64c757a42f
150466132	water	File:Drinking Water at Wiki Student Summit.jpg	https://commons.wikimedia.org/wiki/File:Drinking_Water_at_Wiki_Student_Summit.jpg	35ba28816a99d64bdaf01dbb2b9e9f966f5a5bab	2024-07-18T12:58:46Z	Jacobgijjah	CC0	http://creativecommons.org/publicdomain/zero/1.0/deed.en	false	raw/0068_metadata_0560_a1.response	52b784b69d193ccb260111b25ebfb74ea70e9a366948eddaefd4ae64c757a42f
109510755	water	File:AI and Human Nature (4).jpg	https://commons.wikimedia.org/wiki/File:AI_and_Human_Nature_(4).jpg	958a9d5a3a994408871e731809d7a33b9381af99	2021-08-31T05:49:59Z	Elekes Andor	CC BY-SA 4.0	https://creativecommons.org/licenses/by-sa/4.0	true	raw/0068_metadata_0560_a1.response	52b784b69d193ccb260111b25ebfb74ea70e9a366948eddaefd4ae64c757a42f
189963087	water	File:Rendszerbontó Nagykoncert 20260410 162201.jpg	https://commons.wikimedia.org/wiki/File:Rendszerbont%C3%B3_Nagykoncert_20260410_162201.jpg	f2babf12e27e6609a64ee00b6d83ed43bc73f612	2026-04-21T18:16:36Z	Vauia Rex	CC0	http://creativecommons.org/publicdomain/zero/1.0/deed.en	false	raw/0068_metadata_0560_a1.response	52b784b69d193ccb260111b25ebfb74ea70e9a366948eddaefd4ae64c757a42f
45006265	water	File:Hulk green.jpg	https://commons.wikimedia.org/wiki/File:Hulk_green.jpg	0b6d75cedfcb3f421983b1943aca3362eb77a619	2015-11-14T19:20:25Z	Peter Esch	CC BY-SA 4.0	https://creativecommons.org/licenses/by-sa/4.0	true	raw/0068_metadata_0560_a1.response	52b784b69d193ccb260111b25ebfb74ea70e9a366948eddaefd4ae64c757a42f
78830968	water	File:LARQ Water Purification Bottle 01.jpg	https://commons.wikimedia.org/wiki/File:LARQ_Water_Purification_Bottle_01.jpg	5656c69c1931e5e57f082d89b5268802cfe04d82	2019-05-09T19:31:27Z	Elainee28	CC BY-SA 4.0	https://creativecommons.org/licenses/by-sa/4.0	true	raw/0068_metadata_0560_a1.response	52b784b69d193ccb260111b25ebfb74ea70e9a366948eddaefd4ae64c757a42f
107806582	water	File:Seth Dillon (51329320701).jpg	https://commons.wikimedia.org/wiki/File:Seth_Dillon_(51329320701).jpg	87f3cce4353b7c162550b1e646fb5685b8a48c7c	2021-07-23T06:54:35Z	Gage Skidmore from Surprise, AZ, United States of America	CC BY-SA 2.0	https://creativecommons.org/licenses/by-sa/2.0	true	raw/0069_metadata_0570_a1.response	1128cc0da51e88422f4ff68d34e118aa061796b9a2cc640037d608620bb9c84b
147369874	water	File:Tel Aviv Museum of Art - Israel, March 2024 23.jpg	https://commons.wikimedia.org/wiki/File:Tel_Aviv_Museum_of_Art_-_Israel,_March_2024_23.jpg	daf1ad3da063e7f7fa098f970741b24b54496edd	2024-04-14T14:03:34Z	Chenspec	CC BY-SA 4.0	https://creativecommons.org/licenses/by-sa/4.0	true	raw/0069_metadata_0570_a1.response	1128cc0da51e88422f4ff68d34e118aa061796b9a2cc640037d608620bb9c84b
62967661	water	File:Water bottle, Wikipedia.jpg	https://commons.wikimedia.org/wiki/File:Water_bottle,_Wikipedia.jpg	c12864e5d1cd1744f135a7a64a74663db45ad176	2017-09-30T17:39:43Z	Sidheeq	CC BY-SA 3.0	https://creativecommons.org/licenses/by-sa/3.0	true	raw/0069_metadata_0570_a1.response	1128cc0da51e88422f4ff68d34e118aa061796b9a2cc640037d608620bb9c84b
141109968	water	File:Water Bottle.svg	https://commons.wikimedia.org/wiki/File:Water_Bottle.svg	c0509f9f6b767618c58aa451bb3afd9a6aa3713a	2023-11-20T06:59:24Z	SupremeLordBagel	CC0	http://creativecommons.org/publicdomain/zero/1.0/deed.en	false	raw/0069_metadata_0570_a1.response	1128cc0da51e88422f4ff68d34e118aa061796b9a2cc640037d608620bb9c84b
176869912	water	File:Very Frozen AH Water Bottle stview.png	https://commons.wikimedia.org/wiki/File:Very_Frozen_AH_Water_Bottle_stview.png	32031e075176fca3a96c711a062eedee07e1bb03	2025-10-17T04:53:41Z	Oreocooke	CC0	http://creativecommons.org/publicdomain/zero/1.0/deed.en	false	raw/0069_metadata_0570_a1.response	1128cc0da51e88422f4ff68d34e118aa061796b9a2cc640037d608620bb9c84b
54277393	water	File:Tim Thomas (4241360273).jpg	https://commons.wikimedia.org/wiki/File:Tim_Thomas_(4241360273).jpg	617001b60fdb24c0d8bb6010fcc5fafdc7b7c564	2016-12-19T19:33:20Z	Eric Kilby from Somerville, MA, USA	CC BY-SA 2.0	https://creativecommons.org/licenses/by-sa/2.0	true	raw/0069_metadata_0570_a1.response	1128cc0da51e88422f4ff68d34e118aa061796b9a2cc640037d608620bb9c84b
70235705	water	File:Free flavoured water at Fusion 09 (4141222708).jpg	https://commons.wikimedia.org/wiki/File:Free_flavoured_water_at_Fusion_09_(4141222708).jpg	854941da20dbdb13270d34313b90ef4f2195b72c	2018-06-25T17:44:03Z	Retinafunk from Düsseldorf, Germany	CC BY-SA 2.0	https://creativecommons.org/licenses/by-sa/2.0	true	raw/0069_metadata_0570_a1.response	1128cc0da51e88422f4ff68d34e118aa061796b9a2cc640037d608620bb9c84b
147571770	water	File:Empty Shabbat table installation in Hostages and Missing Square, March 2024 25.jpg	https://commons.wikimedia.org/wiki/File:Empty_Shabbat_table_installation_in_Hostages_and_Missing_Square,_March_2024_25.jpg	aeb397a6c6bada3875980e2e761744526cab7bf1	2024-04-20T22:50:08Z	Chenspec	CC BY-SA 4.0	https://creativecommons.org/licenses/by-sa/4.0	true	raw/0069_metadata_0570_a1.response	1128cc0da51e88422f4ff68d34e118aa061796b9a2cc640037d608620bb9c84b
102415457	water	File:Capchino coffee.jpg	https://commons.wikimedia.org/wiki/File:Capchino_coffee.jpg	6f35f1d00943b715e61a14d0563cf34bfcc0318a	2021-03-27T06:26:02Z	Deepu pandit 513	CC BY-SA 4.0	https://creativecommons.org/licenses/by-sa/4.0	true	raw/0069_metadata_0570_a1.response	1128cc0da51e88422f4ff68d34e118aa061796b9a2cc640037d608620bb9c84b
149191082	water	File:Inosho Ramen restaurant @ Nerima (9672930666).jpg	https://commons.wikimedia.org/wiki/File:Inosho_Ramen_restaurant_@_Nerima_(9672930666).jpg	b218800f9050ec7bf10a849dedb14b9fa083ee2a	2024-06-08T22:41:45Z	Guilhem Vellut from Annecy, France	CC BY 2.0	https://creativecommons.org/licenses/by/2.0	true	raw/0069_metadata_0570_a1.response	1128cc0da51e88422f4ff68d34e118aa061796b9a2cc640037d608620bb9c84b
186341363	water	File:Baby sitting in a car seat with a bottle on the seat during a family trip.jpg	https://commons.wikimedia.org/wiki/File:Baby_sitting_in_a_car_seat_with_a_bottle_on_the_seat_during_a_family_trip.jpg	b2db52e4361ddd73687fa5ed03cf8fb354eaf091	2026-03-17T09:56:08Z	Shixart1985	CC BY 2.0	https://creativecommons.org/licenses/by/2.0	true	raw/0070_metadata_0580_a1.response	36e220143576af5d2322bee5a8d2fc2822f80336fea0408cbbb738c77e1d4add
149191891	water	File:Tonkotsu Gyokai Tsukemen @ Mita @ Akasaka (12326386424).jpg	https://commons.wikimedia.org/wiki/File:Tonkotsu_Gyokai_Tsukemen_@_Mita_@_Akasaka_(12326386424).jpg	a2c6a1372b746504c2ad0fd0cb4452a67735b7b4	2024-06-08T23:30:34Z	Guilhem Vellut from Annecy, France	CC BY 2.0	https://creativecommons.org/licenses/by/2.0	true	raw/0070_metadata_0580_a1.response	36e220143576af5d2322bee5a8d2fc2822f80336fea0408cbbb738c77e1d4add
145608141	water	File:Poutineville @ Montréal (30503116196).jpg	https://commons.wikimedia.org/wiki/File:Poutineville_@_Montr%C3%A9al_(30503116196).jpg	90ddd3a62b04e4b6db9d66fb81b92fb53fc50762	2024-02-21T00:01:41Z	Guilhem Vellut from Annecy, France	CC BY 2.0	https://creativecommons.org/licenses/by/2.0	true	raw/0070_metadata_0580_a1.response	36e220143576af5d2322bee5a8d2fc2822f80336fea0408cbbb738c77e1d4add
31314969	water	File:Filling up (8080506479).jpg	https://commons.wikimedia.org/wiki/File:Filling_up_(8080506479).jpg	6ecfc23ced3357edb2b43be32a569149182c3b96	2014-02-24T04:31:01Z	U.S. Fish and Wildlife Service Headquarters	Public domain		false	raw/0070_metadata_0580_a1.response	36e220143576af5d2322bee5a8d2fc2822f80336fea0408cbbb738c77e1d4add
147571438	water	File:Empty Shabbat table installation in Hostages and Missing Square, March 2024 15.jpg	https://commons.wikimedia.org/wiki/File:Empty_Shabbat_table_installation_in_Hostages_and_Missing_Square,_March_2024_15.jpg	e60f681229a5321339d39f41780d8970000817ec	2024-04-20T22:32:41Z	Chenspec	CC BY-SA 4.0	https://creativecommons.org/licenses/by-sa/4.0	true	raw/0070_metadata_0580_a1.response	36e220143576af5d2322bee5a8d2fc2822f80336fea0408cbbb738c77e1d4add
149204722	water	"File:Cheese Miso Ramen ""Haikara"" @ Tokyo Edoama @ Tokyo Ramen Street (13097897485).jpg"	https://commons.wikimedia.org/wiki/File:Cheese_Miso_Ramen_%22Haikara%22_@_Tokyo_Edoama_@_Tokyo_Ramen_Street_(13097897485).jpg	680db8ab264c8369b151b352edf6f283e190769e	2024-06-09T13:40:45Z	Guilhem Vellut from Annecy, France	CC BY 2.0	https://creativecommons.org/licenses/by/2.0	true	raw/0070_metadata_0580_a1.response	36e220143576af5d2322bee5a8d2fc2822f80336fea0408cbbb738c77e1d4add
40299744	water	File:Fresh Pure Water.jpg	https://commons.wikimedia.org/wiki/File:Fresh_Pure_Water.jpg	0bb77408a8cbca29377a61f57963cf35ef62ae8e	2015-05-18T21:34:39Z	Jonathan Wilkins	CC BY-SA 3.0	https://creativecommons.org/licenses/by-sa/3.0	true	raw/0070_metadata_0580_a1.response	36e220143576af5d2322bee5a8d2fc2822f80336fea0408cbbb738c77e1d4add
17607038	water	File:Water bottle from India, Mughal or Deccani, early 17th century, brass, HAA.JPG	https://commons.wikimedia.org/wiki/File:Water_bottle_from_India,_Mughal_or_Deccani,_early_17th_century,_brass,_HAA.JPG	3dbe8910027dff536cf667d258127c5abcc64f4b	2011-12-07T19:52:49Z	Hiart	CC0	http://creativecommons.org/publicdomain/zero/1.0/deed.en	false	raw/0070_metadata_0580_a1.response	36e220143576af5d2322bee5a8d2fc2822f80336fea0408cbbb738c77e1d4add
196089309	water	File:Clear bottle of natural mineral water placed on a countertop in a bright kitchen setting.jpg	https://commons.wikimedia.org/wiki/File:Clear_bottle_of_natural_mineral_water_placed_on_a_countertop_in_a_bright_kitchen_setting.jpg	74c706e68876a7d2384fa0f9b50128b9f6f0c1f3	2026-07-24T06:30:20Z	Shixart1985	CC BY 2.0	https://creativecommons.org/licenses/by/2.0	true	raw/0070_metadata_0580_a1.response	36e220143576af5d2322bee5a8d2fc2822f80336fea0408cbbb738c77e1d4add
155037507	water	File:Pink drinking bottle with straw in Petah Tikva, May 2024.jpg	https://commons.wikimedia.org/wiki/File:Pink_drinking_bottle_with_straw_in_Petah_Tikva,_May_2024.jpg	0bb04747942e2b7a2d68d770f1da7aad78055c68	2024-11-09T08:33:09Z	Chenspec	CC BY-SA 4.0	https://creativecommons.org/licenses/by-sa/4.0	true	raw/0070_metadata_0580_a1.response	36e220143576af5d2322bee5a8d2fc2822f80336fea0408cbbb738c77e1d4add
99651767	water	File:Water before and after being put in the freezer.png	https://commons.wikimedia.org/wiki/File:Water_before_and_after_being_put_in_the_freezer.png	29ba61df0ad0f4236e21bfe9667122d7a3a9da53	2021-02-07T17:43:11Z	Doggo19292	CC0	http://creativecommons.org/publicdomain/zero/1.0/deed.en	false	raw/0071_metadata_0590_a1.response	8e646943cbe6abd409f21fbd0a209c8cd1d511fade47f3f03e901531c091b7f0
85096790	water	File:Prague 2018 071.JPG	https://commons.wikimedia.org/wiki/File:Prague_2018_071.JPG	361b1b05766928d3c89b94a687266a65efc01be9	2019-12-21T09:47:53Z	User:Piotrus	CC BY-SA 4.0	https://creativecommons.org/licenses/by-sa/4.0	true	raw/0071_metadata_0590_a1.response	8e646943cbe6abd409f21fbd0a209c8cd1d511fade47f3f03e901531c091b7f0
110426210	water	File:Pantemerke på en en liters flaske Vittel flaskevann.jpg	https://commons.wikimedia.org/wiki/File:Pantemerke_p%C3%A5_en_en_liters_flaske_Vittel_flaskevann.jpg	bb9ec00f5fd7599ec73a6d6b88e4951d439734f0	2021-09-25T11:15:23Z	Herbjørn Skretting	CC BY-SA 4.0	https://creativecommons.org/licenses/by-sa/4.0	true	raw/0071_metadata_0590_a1.response	8e646943cbe6abd409f21fbd0a209c8cd1d511fade47f3f03e901531c091b7f0
79104435	water	File:TechCrunch Disrupt NY 2015 - Day 3 (17424914982).jpg	https://commons.wikimedia.org/wiki/File:TechCrunch_Disrupt_NY_2015_-_Day_3_(17424914982).jpg	bfdff0c41352be4c5532c728993f50c5913fa6a9	2019-05-21T07:48:52Z	TechCrunch	CC BY 2.0	https://creativecommons.org/licenses/by/2.0	true	raw/0071_metadata_0590_a1.response	8e646943cbe6abd409f21fbd0a209c8cd1d511fade47f3f03e901531c091b7f0
17606726	water	File:Lichtbrechung von Benzol.jpg	https://commons.wikimedia.org/wiki/File:Lichtbrechung_von_Benzol.jpg	c94e7889552eb53b0ecbb283f2b8b58404ad82ff	2011-12-09T20:30:29Z	Robin Müller	CC BY-SA 3.0	https://creativecommons.org/licenses/by-sa/3.0	true	raw/0071_metadata_0590_a1.response	8e646943cbe6abd409f21fbd0a209c8cd1d511fade47f3f03e901531c091b7f0
142075902	water	File:TurboJET Hong Kong Island to Macau(Outer Harbour) food 12-12-2023.jpg	https://commons.wikimedia.org/wiki/File:TurboJET_Hong_Kong_Island_to_Macau(Outer_Harbour)_food_12-12-2023.jpg	37da148cd3c92ce395f5eb8526cb60b61a04cb81	2023-12-12T13:50:29Z	LN9267	CC BY-SA 4.0	https://creativecommons.org/licenses/by-sa/4.0	true	raw/0071_metadata_0590_a1.response	8e646943cbe6abd409f21fbd0a209c8cd1d511fade47f3f03e901531c091b7f0
196663086	water	File:Traditional utensils at Central Asian Museum Leh 23.jpg	https://commons.wikimedia.org/wiki/File:Traditional_utensils_at_Central_Asian_Museum_Leh_23.jpg	cf133504b05f874755f76faacd9666850dbfb458	2026-08-02T06:44:57Z	Rajani Gairshail	CC BY-SA 4.0	https://creativecommons.org/licenses/by-sa/4.0	true	raw/0071_metadata_0590_a1.response	8e646943cbe6abd409f21fbd0a209c8cd1d511fade47f3f03e901531c091b7f0
181991351	water	File:Owala Water Bottle.jpg	https://commons.wikimedia.org/wiki/File:Owala_Water_Bottle.jpg	05ed2ceae23bd863fc594d67200cb41291041f80	2026-01-17T20:12:04Z	Dirt Smurf	CC0	http://creativecommons.org/publicdomain/zero/1.0/deed.en	false	raw/0071_metadata_0590_a1.response	8e646943cbe6abd409f21fbd0a209c8cd1d511fade47f3f03e901531c091b7f0
162912038	water	File:A cold glass of water - GE Refrigerator - August 7, 2007.jpg	https://commons.wikimedia.org/wiki/File:A_cold_glass_of_water_-_GE_Refrigerator_-_August_7,_2007.jpg	5c6292c2b4a6e45bce0080e794e1d1fed887ce92	2025-03-28T16:35:52Z	Dave Matos	CC BY-SA 2.0	https://creativecommons.org/licenses/by-sa/2.0	true	raw/0071_metadata_0590_a1.response	8e646943cbe6abd409f21fbd0a209c8cd1d511fade47f3f03e901531c091b7f0
96671230	water	File:Temple Monkey (30137782348).jpg	https://commons.wikimedia.org/wiki/File:Temple_Monkey_(30137782348).jpg	f198427d9b46f895e3922967ebda3dc0d0448867	2020-11-23T19:00:12Z	David Stanley from Nanaimo, Canada	CC BY 2.0	https://creativecommons.org/licenses/by/2.0	true	raw/0071_metadata_0590_a1.response	8e646943cbe6abd409f21fbd0a209c8cd1d511fade47f3f03e901531c091b7f0
56154065	water	"File:""Happoen""@Fujimi-Nagano-JPN May-04-2012 - panoramio (3).jpg"	https://commons.wikimedia.org/wiki/File:%22Happoen%22@Fujimi-Nagano-JPN_May-04-2012_-_panoramio_(3).jpg	d95c7b235ec2e916cc84cf79a0b111bb6ff52636	2017-02-10T23:19:52Z	Michael Tsutsui	CC BY-SA 3.0	https://creativecommons.org/licenses/by-sa/3.0	true	raw/0072_metadata_0600_a1.response	9fed5a44ebe845b7902a8b00b06dfd39d0045ea6dc22b54ce38854425a0f4bc7
69537353	water	File:TorpedaVlada.jpg	https://commons.wikimedia.org/wiki/File:TorpedaVlada.jpg	8ddbabd0bf86622b55fb4c8a5d27f223c3ac6a86	2018-05-29T18:12:25Z	Exjohnconnor	CC BY-SA 4.0	https://creativecommons.org/licenses/by-sa/4.0	true	raw/0072_metadata_0600_a1.response	9fed5a44ebe845b7902a8b00b06dfd39d0045ea6dc22b54ce38854425a0f4bc7
47983726	water	File:Kiwanis Trail Adrian Michigan.JPG	https://commons.wikimedia.org/wiki/File:Kiwanis_Trail_Adrian_Michigan.JPG	eb6a5c32fbc12572e2989343c25e44cb1a1cadfd	2016-04-04T22:42:08Z	Threeowls	CC BY-SA 4.0	https://creativecommons.org/licenses/by-sa/4.0	true	raw/0072_metadata_0600_a1.response	9fed5a44ebe845b7902a8b00b06dfd39d0045ea6dc22b54ce38854425a0f4bc7
96953529	water	File:Clear water bottle.jpg	https://commons.wikimedia.org/wiki/File:Clear_water_bottle.jpg	92063ce950c88eec3a08180b028ecac558589e94	2020-11-26T13:29:51Z	Corn cheese	CC BY-SA 4.0	https://creativecommons.org/licenses/by-sa/4.0	true	raw/0072_metadata_0600_a1.response	9fed5a44ebe845b7902a8b00b06dfd39d0045ea6dc22b54ce38854425a0f4bc7
16925456	water	File:ALICE THOMPSON, BESOCO, WEST VIRGINIA, IS SHOWN WITH MILK BOTTLES HER NEIGHBORS FURNISH HER WATER WITH AFTER HER... - NARA - 556498.jpg	https://commons.wikimedia.org/wiki/File:ALICE_THOMPSON,_BESOCO,_WEST_VIRGINIA,_IS_SHOWN_WITH_MILK_BOTTLES_HER_NEIGHBORS_FURNISH_HER_WATER_WITH_AFTER_HER..._-_NARA_-_556498.jpg	814b6d1e86aec73c07ad2dec1a814e9bcce29655	2011-10-09T01:06:12Z	Jack Corn	Public domain		false	raw/0072_metadata_0600_a1.response	9fed5a44ebe845b7902a8b00b06dfd39d0045ea6dc22b54ce38854425a0f4bc7
31934959	water	File:Hénin-Beaumont - Élection officielle de Steeve Briois comme maire de la commune le dimanche 30 mars 2014 (057).JPG	https://commons.wikimedia.org/wiki/File:H%C3%A9nin-Beaumont_-_%C3%89lection_officielle_de_Steeve_Briois_comme_maire_de_la_commune_le_dimanche_30_mars_2014_(057).JPG	e590570e26a11f954d49c7139891aab512e92369	2014-04-01T12:30:01Z	Jérémy-Günther-Heinz Jähnick	GFDL 1.2	http://www.gnu.org/licenses/old-licenses/fdl-1.2.html	true	raw/0072_metadata_0600_a1.response	9fed5a44ebe845b7902a8b00b06dfd39d0045ea6dc22b54ce38854425a0f4bc7
145992355	water	File:106159 square of the abductees - the abductees' dinin PikiWiki Israel.jpg	https://commons.wikimedia.org/wiki/File:106159_square_of_the_abductees_-_the_abductees%27_dinin_PikiWiki_Israel.jpg	81c95e07c109fb0d407b22f36eb72ddc87126b5c	2024-03-02T01:25:19Z	ליזי שאנן	CC BY 2.5	https://creativecommons.org/licenses/by/2.5	true	raw/0072_metadata_0600_a1.response	9fed5a44ebe845b7902a8b00b06dfd39d0045ea6dc22b54ce38854425a0f4bc7
19133754	water	File:Multi-use water bottle.JPG	https://commons.wikimedia.org/wiki/File:Multi-use_water_bottle.JPG	d4aa4ed55a6f8f8af16cee199a8b3654b8b97ced	2012-04-18T14:21:57Z	Amraepowell	CC BY-SA 3.0	https://creativecommons.org/licenses/by-sa/3.0	true	raw/0072_metadata_0600_a1.response	9fed5a44ebe845b7902a8b00b06dfd39d0045ea6dc22b54ce38854425a0f4bc7
46437382	water	File:A glass of water.jpg	https://commons.wikimedia.org/wiki/File:A_glass_of_water.jpg	4cdd7f7b2cf89319a27d60827e0b30fbe34a6cea	2016-01-17T03:18:23Z	Susan Slater	CC BY-SA 4.0	https://creativecommons.org/licenses/by-sa/4.0	true	raw/0072_metadata_0600_a1.response	9fed5a44ebe845b7902a8b00b06dfd39d0045ea6dc22b54ce38854425a0f4bc7
48913057	water	"File:""Water Glass 2, 2004 (Variant)"" by Amanda Means.jpg"	https://commons.wikimedia.org/wiki/File:%22Water_Glass_2,_2004_(Variant)%22_by_Amanda_Means.jpg	b1734e0ecd8209fdf59a0e2c23abef7ce0ac54fd	2016-05-20T19:30:06Z	Theo7705	CC BY-SA 4.0	https://creativecommons.org/licenses/by-sa/4.0	true	raw/0072_metadata_0600_a1.response	9fed5a44ebe845b7902a8b00b06dfd39d0045ea6dc22b54ce38854425a0f4bc7
80793957	water	File:Pátzcuaro, calles 11.jpg	https://commons.wikimedia.org/wiki/File:P%C3%A1tzcuaro,_calles_11.jpg	bd4f1f8550579aa6014767f8d6eab210bd766f50	2019-07-26T08:51:07Z	LBM1948	CC BY-SA 4.0	https://creativecommons.org/licenses/by-sa/4.0	true	raw/0073_metadata_0610_a1.response	620ce12f1b751d2694edb245d0d6a01e3978d546923ebe4bac16af5359075bf2
106579001	water	File:EM Water Bottle (7).jpg	https://commons.wikimedia.org/wiki/File:EM_Water_Bottle_(7).jpg	31d844530e8578d759ebbb3edced3db0f72fdf72	2021-06-14T17:39:11Z	Dragonrider8752	CC BY-SA 4.0	https://creativecommons.org/licenses/by-sa/4.0	true	raw/0073_metadata_0610_a1.response	620ce12f1b751d2694edb245d0d6a01e3978d546923ebe4bac16af5359075bf2
100484648	water	File:WaterBottle.jpg	https://commons.wikimedia.org/wiki/File:WaterBottle.jpg	65e4d27418c34d4268a1c6ad0d5de5a671388f3c	2021-02-27T23:32:23Z	Lady Orthodoxy	Public domain		false	raw/0073_metadata_0610_a1.response	620ce12f1b751d2694edb245d0d6a01e3978d546923ebe4bac16af5359075bf2
26326065	water	File:Mr.Joseph S.Blatter ประธานสมาพันธ์ฟุตบอลนานาชาติ เข้า - Flickr - Abhisit Vejjajiva (8).jpg	https://commons.wikimedia.org/wiki/File:Mr.Joseph_S.Blatter_%E0%B8%9B%E0%B8%A3%E0%B8%B0%E0%B8%98%E0%B8%B2%E0%B8%99%E0%B8%AA%E0%B8%A1%E0%B8%B2%E0%B8%9E%E0%B8%B1%E0%B8%99%E0%B8%98%E0%B9%8C%E0%B8%9F%E0%B8%B8%E0%B8%95%E0%B8%9A%E0%B8%AD%E0%B8%A5%E0%B8%99%E0%B8%B2%E0%B8%99%E0%B8%B2%E0%B8%8A%E0%B8%B2%E0%B8%95%E0%B8%B4_%E0%B9%80%E0%B8%82%E0%B9%89%E0%B8%B2_-_Flickr_-_Abhisit_Vejjajiva_(8).jpg	7ca3352f3560d6c92e7570cf525e398f5f07d8ba	2013-05-26T14:39:19Z	Government of Thailand	CC BY 2.0	https://creativecommons.org/licenses/by/2.0	true	raw/0073_metadata_0610_a1.response	620ce12f1b751d2694edb245d0d6a01e3978d546923ebe4bac16af5359075bf2
35240367	water	File:02014 Wasserflaschen.JPG	https://commons.wikimedia.org/wiki/File:02014_Wasserflaschen.JPG	0622d5503534464c05a8b80335951d159ebdb48e	2014-09-08T20:02:56Z	Silar	CC BY-SA 4.0	https://creativecommons.org/licenses/by-sa/4.0	true	raw/0073_metadata_0610_a1.response	620ce12f1b751d2694edb245d0d6a01e3978d546923ebe4bac16af5359075bf2
140228367	water	File:Зајдисонце.jpg	https://commons.wikimedia.org/wiki/File:%D0%97%D0%B0%D1%98%D0%B4%D0%B8%D1%81%D0%BE%D0%BD%D1%86%D0%B5.jpg	3db37db6fd24236a8209b356f080b4f10c492688	2023-11-06T17:08:43Z	Јана Смилеска	CC BY-SA 4.0	https://creativecommons.org/licenses/by-sa/4.0	true	raw/0073_metadata_0610_a1.response	620ce12f1b751d2694edb245d0d6a01e3978d546923ebe4bac16af5359075bf2
125879277	water	File:Bottled Water Toronto - BearSpring.jpg	https://commons.wikimedia.org/wiki/File:Bottled_Water_Toronto_-_BearSpring.jpg	d4a7a6f2c23e11f10a3b1b8d754219b0aa6594c7	2022-11-24T07:45:56Z	User:Discoveryengine1	CC BY-SA 4.0	https://creativecommons.org/licenses/by-sa/4.0	true	raw/0073_metadata_0610_a1.response	620ce12f1b751d2694edb245d0d6a01e3978d546923ebe4bac16af5359075bf2
48380752	water	File:Rio Solimoes and Rio Negro.JPG	https://commons.wikimedia.org/wiki/File:Rio_Solimoes_and_Rio_Negro.JPG	d884a1807793b9c829c2cba8e8f91a3dd1ed355e	2016-04-26T10:27:27Z	Dr. Seuthberg	CC BY-SA 4.0	https://creativecommons.org/licenses/by-sa/4.0	true	raw/0073_metadata_0610_a1.response	620ce12f1b751d2694edb245d0d6a01e3978d546923ebe4bac16af5359075bf2
15868496	water	File:Pisnickar.JPG	https://commons.wikimedia.org/wiki/File:Pisnickar.JPG	10edf8ddb13426072aa0ada9e3e4828b4cfb3250	2011-07-22T14:05:28Z	Happystudent	Public domain		false	raw/0073_metadata_0610_a1.response	620ce12f1b751d2694edb245d0d6a01e3978d546923ebe4bac16af5359075bf2
55228632	water	File:Miquel Ensenyat Consell de Mallorca.jpg	https://commons.wikimedia.org/wiki/File:Miquel_Ensenyat_Consell_de_Mallorca.jpg	9f1f4c027a1311d34afc5017cc58f8c81024a608	2017-01-22T10:51:21Z	MÉS per Mallorca	CC BY 3.0	https://creativecommons.org/licenses/by/3.0	true	raw/0073_metadata_0610_a1.response	620ce12f1b751d2694edb245d0d6a01e3978d546923ebe4bac16af5359075bf2
149191691	water	File:Tokyo Underground Ramen @ Ikebukuro (11869609633).jpg	https://commons.wikimedia.org/wiki/File:Tokyo_Underground_Ramen_@_Ikebukuro_(11869609633).jpg	ced4be74965c00c3dae66341faf3f0d1c4420ae3	2024-06-08T23:19:11Z	Guilhem Vellut from Annecy, France	CC BY 2.0	https://creativecommons.org/licenses/by/2.0	true	raw/0074_metadata_0620_a1.response	f6894f86e3a9e03eadff09fe99b5fe1e88de0840a4582a5ef2c07bdfca4dfc74
41623022	water	File:Gto wasabc bonn 2015-05 -19 (17345387563).jpg	https://commons.wikimedia.org/wiki/File:Gto_wasabc_bonn_2015-05_-19_(17345387563).jpg	c41c5bab7ce1ef751a5c09664267753d39e8d171	2015-07-16T09:27:34Z	SuSanA Secretariat	CC BY 2.0	https://creativecommons.org/licenses/by/2.0	true	raw/0074_metadata_0620_a1.response	f6894f86e3a9e03eadff09fe99b5fe1e88de0840a4582a5ef2c07bdfca4dfc74
136481723	water	File:The 61st Macau Grand Prix - 16215762290.jpg	https://commons.wikimedia.org/wiki/File:The_61st_Macau_Grand_Prix_-_16215762290.jpg	5d9da82c2139a4c1a4cedfab9372d399dc70bc82	2023-08-26T15:45:37Z	F.SF	CC BY 2.0	https://creativecommons.org/licenses/by/2.0	true	raw/0074_metadata_0620_a1.response	f6894f86e3a9e03eadff09fe99b5fe1e88de0840a4582a5ef2c07bdfca4dfc74
173317740	water	File:Xin Le Guan Yin Shan water bottle.jpg	https://commons.wikimedia.org/wiki/File:Xin_Le_Guan_Yin_Shan_water_bottle.jpg	97b83ea1125a706a4668338c52a17eeb381895c7	2025-08-22T19:34:27Z	Cypp0847	CC BY-SA 4.0	https://creativecommons.org/licenses/by-sa/4.0	true	raw/0074_metadata_0620_a1.response	f6894f86e3a9e03eadff09fe99b5fe1e88de0840a4582a5ef2c07bdfca4dfc74
9436377	water	File:Stephenfrynightingale.JPG	https://commons.wikimedia.org/wiki/File:Stephenfrynightingale.JPG	0956882d37a777e4a80c93ca6da4c88a6e2520be	2010-02-09T11:56:12Z	Brian Minkoff-London Pixels	CC BY 3.0	https://creativecommons.org/licenses/by/3.0	true	raw/0074_metadata_0620_a1.response	f6894f86e3a9e03eadff09fe99b5fe1e88de0840a4582a5ef2c07bdfca4dfc74
7784023	water	File:LifeSaver bottle.jpg	https://commons.wikimedia.org/wiki/File:LifeSaver_bottle.jpg	a7ef71b107072de319d9c2ffe2d1549451d13db5	2009-09-11T09:51:38Z	Tony Cece	CC BY 2.0	https://creativecommons.org/licenses/by/2.0	true	raw/0074_metadata_0620_a1.response	f6894f86e3a9e03eadff09fe99b5fe1e88de0840a4582a5ef2c07bdfca4dfc74
40990261	water	File:The Water.JPG	https://commons.wikimedia.org/wiki/File:The_Water.JPG	97f1235a8fdeede3059ab15edb572323a58030be	2015-06-15T18:21:12Z	LeoNado10	CC BY-SA 4.0	https://creativecommons.org/licenses/by-sa/4.0	true	raw/0074_metadata_0620_a1.response	f6894f86e3a9e03eadff09fe99b5fe1e88de0840a4582a5ef2c07bdfca4dfc74
149205307	water	File:Yoshi Sushi @ Aix-les-Bains (50285256926).jpg	https://commons.wikimedia.org/wiki/File:Yoshi_Sushi_@_Aix-les-Bains_(50285256926).jpg	fd4d7e74ab05f35bc78c56fc2a2974dead06ff34	2024-06-09T13:58:15Z	Guilhem Vellut from Annecy, France	CC BY 2.0	https://creativecommons.org/licenses/by/2.0	true	raw/0074_metadata_0620_a1.response	f6894f86e3a9e03eadff09fe99b5fe1e88de0840a4582a5ef2c07bdfca4dfc74
41622669	water	File:Gto wasabc bonn 2015-05 -41 (17939493516).jpg	https://commons.wikimedia.org/wiki/File:Gto_wasabc_bonn_2015-05_-41_(17939493516).jpg	9ead552af17b465c77da4ebb9d53423ea718dc2a	2015-07-16T08:52:07Z	SuSanA Secretariat	CC BY 2.0	https://creativecommons.org/licenses/by/2.0	true	raw/0074_metadata_0620_a1.response	f6894f86e3a9e03eadff09fe99b5fe1e88de0840a4582a5ef2c07bdfca4dfc74
21165681	water	File:Danny Knicely James Leva Franklin Park Arts Center Round Hill VA February 2012.jpg	https://commons.wikimedia.org/wiki/File:Danny_Knicely_James_Leva_Franklin_Park_Arts_Center_Round_Hill_VA_February_2012.jpg	d6bf7a96da706c6930f3093285ece5046587295c	2012-09-07T22:53:35Z	Reed George	CC BY-SA 2.0	https://creativecommons.org/licenses/by-sa/2.0	true	raw/0074_metadata_0620_a1.response	f6894f86e3a9e03eadff09fe99b5fe1e88de0840a4582a5ef2c07bdfca4dfc74
27412197	water	File:Soulbottle.png	https://commons.wikimedia.org/wiki/File:Soulbottle.png	1596c41b9a4390115cc4c12e68fcc034d8bcb7a8	2013-07-24T09:57:22Z	Paul Kupfer	CC BY-SA 3.0	https://creativecommons.org/licenses/by-sa/3.0	true	raw/0075_metadata_0630_a1.response	009fb0c2cf206b32a63cd9cf346dcf2d4834e9070a0eea210b9eec6d815ca23a
106578998	water	File:EM Water Bottle (5).jpg	https://commons.wikimedia.org/wiki/File:EM_Water_Bottle_(5).jpg	1f05e0c0c7546567a5a9c322879e084a42edb3ab	2021-06-14T17:39:08Z	Dragonrider8752	CC BY-SA 4.0	https://creativecommons.org/licenses/by-sa/4.0	true	raw/0075_metadata_0630_a1.response	009fb0c2cf206b32a63cd9cf346dcf2d4834e9070a0eea210b9eec6d815ca23a
86326966	water	File:OrangenScheibeImWasser.jpg	https://commons.wikimedia.org/wiki/File:OrangenScheibeImWasser.jpg	caf2cde4d710c977bed9e6034e45ca4a70b83d0b	2020-01-26T13:35:41Z	Blümchenkäfer	CC BY-SA 4.0	https://creativecommons.org/licenses/by-sa/4.0	true	raw/0075_metadata_0630_a1.response	009fb0c2cf206b32a63cd9cf346dcf2d4834e9070a0eea210b9eec6d815ca23a
149191535	water	File:Tantan-men @ Kisurin @ Akasaka (11353930403).jpg	https://commons.wikimedia.org/wiki/File:Tantan-men_@_Kisurin_@_Akasaka_(11353930403).jpg	7f628b5d4930cb9d790b7ec0cbd7e70a6c322b8f	2024-06-08T23:10:09Z	Guilhem Vellut from Annecy, France	CC BY 2.0	https://creativecommons.org/licenses/by/2.0	true	raw/0075_metadata_0630_a1.response	009fb0c2cf206b32a63cd9cf346dcf2d4834e9070a0eea210b9eec6d815ca23a
157982933	water	File:T-fal Mug.jpg	https://commons.wikimedia.org/wiki/File:T-fal_Mug.jpg	3a572d2818058ecbd9b4abd32feda226ec4b6c91	2025-01-15T11:58:52Z	Mr.ちゅらさん	CC BY-SA 4.0	https://creativecommons.org/licenses/by-sa/4.0	true	raw/0075_metadata_0630_a1.response	009fb0c2cf206b32a63cd9cf346dcf2d4834e9070a0eea210b9eec6d815ca23a
36493740	water	File:Glass Half Full bw 1 cropped and smaller.jpg	https://commons.wikimedia.org/wiki/File:Glass_Half_Full_bw_1_cropped_and_smaller.jpg	310efadeeba79dfe5fee7152a04cbed550e71d0d	2014-10-30T12:33:59Z	S nova	CC BY-SA 3.0	https://creativecommons.org/licenses/by-sa/3.0	true	raw/0075_metadata_0630_a1.response	009fb0c2cf206b32a63cd9cf346dcf2d4834e9070a0eea210b9eec6d815ca23a
149191470	water	File:Miso Tsukemen @ Honda @ Tokyo Ramen Street (11323865865).jpg	https://commons.wikimedia.org/wiki/File:Miso_Tsukemen_@_Honda_@_Tokyo_Ramen_Street_(11323865865).jpg	00ede6df031e5d8ecc10926d4408305f3eb5f0d7	2024-06-08T23:05:37Z	Guilhem Vellut from Annecy, France	CC BY 2.0	https://creativecommons.org/licenses/by/2.0	true	raw/0075_metadata_0630_a1.response	009fb0c2cf206b32a63cd9cf346dcf2d4834e9070a0eea210b9eec6d815ca23a
63807717	water	File:Ohio National Guard (36807168374).jpg	https://commons.wikimedia.org/wiki/File:Ohio_National_Guard_(36807168374).jpg	70129ae58db145e958f6cf643934402f97ff63f3	2017-11-02T10:01:29Z	The National Guard Sgt. Joanna Bradshaw/Ohio National Guard Public Affairs	Public domain		false	raw/0075_metadata_0630_a1.response	009fb0c2cf206b32a63cd9cf346dcf2d4834e9070a0eea210b9eec6d815ca23a
102939476	water	File:Wii Fit accessories.jpg	https://commons.wikimedia.org/wiki/File:Wii_Fit_accessories.jpg	a325d1590e3419c6f7b50151ef92739ff018e09a	2021-04-02T22:25:54Z	heystarcade	CC BY 2.0	https://creativecommons.org/licenses/by/2.0	true	raw/0075_metadata_0630_a1.response	009fb0c2cf206b32a63cd9cf346dcf2d4834e9070a0eea210b9eec6d815ca23a
63807721	water	File:New York and Puerto Rico National Guard (37258890750).jpg	https://commons.wikimedia.org/wiki/File:New_York_and_Puerto_Rico_National_Guard_(37258890750).jpg	386c0073bc785a97d64b3f91d8bab433cf4383f6	2017-11-02T10:01:38Z	The National Guard Spc. Agustin Montanez/Puerto Rico National Guard	Public domain		false	raw/0075_metadata_0630_a1.response	009fb0c2cf206b32a63cd9cf346dcf2d4834e9070a0eea210b9eec6d815ca23a
90876435	water	File:Water bottles on a bench during soccer practice.jpg	https://commons.wikimedia.org/wiki/File:Water_bottles_on_a_bench_during_soccer_practice.jpg	b4140dc21190b25777b0e56dc2ac01be8dd69120	2020-06-01T21:44:18Z	W.carter	CC0	http://creativecommons.org/publicdomain/zero/1.0/deed.en	false	raw/0076_metadata_0640_a1.response	644d30d56dc1f7fe101707ad470f64f64772043514f5a64abeb63c8695281052
52441004	water	File:TS 2016-07-13-2878 q1 (28183866612).jpg	https://commons.wikimedia.org/wiki/File:TS_2016-07-13-2878_q1_(28183866612).jpg	2aaee1aa6747dc18a5184d84e23d1bb0b08bac92	2016-10-22T19:21:47Z	teteria sonnna from Obukhiv, Ukraine	CC BY 2.0	https://creativecommons.org/licenses/by/2.0	true	raw/0076_metadata_0640_a1.response	644d30d56dc1f7fe101707ad470f64f64772043514f5a64abeb63c8695281052
1740554	water	File:Brodeur beaten for a goal.jpg	https://commons.wikimedia.org/wiki/File:Brodeur_beaten_for_a_goal.jpg	63a65b5d6ac77d6919be07c79f4d2293131f2569	2007-03-04T07:26:36Z	photo taken by flickr user C.P. Storm	CC BY 2.0	https://creativecommons.org/licenses/by/2.0	true	raw/0076_metadata_0640_a1.response	644d30d56dc1f7fe101707ad470f64f64772043514f5a64abeb63c8695281052
129946783	water	File:Bouteille petillante fortement 1L.png	https://commons.wikimedia.org/wiki/File:Bouteille_petillante_fortement_1L.png	a1e96ce3081182e8834aadc772b982c3e92c97c1	2023-03-24T13:24:36Z	A mbi	CC BY-SA 4.0	https://creativecommons.org/licenses/by-sa/4.0	true	raw/0076_metadata_0640_a1.response	644d30d56dc1f7fe101707ad470f64f64772043514f5a64abeb63c8695281052
146904497	water	File:Water dropping from the bottle.jpg	https://commons.wikimedia.org/wiki/File:Water_dropping_from_the_bottle.jpg	d86a61d5717e75993dba9cd6880c36283af00408	2024-03-30T08:14:58Z	Dokev31	CC0	http://creativecommons.org/publicdomain/zero/1.0/deed.en	false	raw/0076_metadata_0640_a1.response	644d30d56dc1f7fe101707ad470f64f64772043514f5a64abeb63c8695281052
138520780	water	File:AUT — Tirol — Bezirk Kitzbühel — Gemeinde Brixen im Thale — Hochbrixen — Filz 1 (Notfallwasserflasche) 2023-09-27 Mattes.jpg	https://commons.wikimedia.org/wiki/File:AUT_%E2%80%94_Tirol_%E2%80%94_Bezirk_Kitzb%C3%BChel_%E2%80%94_Gemeinde_Brixen_im_Thale_%E2%80%94_Hochbrixen_%E2%80%94_Filz_1_(Notfallwasserflasche)_2023-09-27_Mattes.jpg	40dd7cfe500254cee0bbbb7085c2056beb939863	2023-10-05T17:25:20Z	Mateus2019	CC BY-SA 3.0	https://creativecommons.org/licenses/by-sa/3.0	true	raw/0076_metadata_0640_a1.response	644d30d56dc1f7fe101707ad470f64f64772043514f5a64abeb63c8695281052
9003340	water	File:Kreuzkirche Mainz 7-1.JPG	https://commons.wikimedia.org/wiki/File:Kreuzkirche_Mainz_7-1.JPG	8c1ad7b6d78f6f902564db61f71023677da1b8cd	2010-01-17T00:39:12Z	Sokkok	CC BY-SA 3.0	https://creativecommons.org/licenses/by-sa/3.0	true	raw/0076_metadata_0640_a1.response	644d30d56dc1f7fe101707ad470f64f64772043514f5a64abeb63c8695281052
92547521	water	File:Caos - Flickr - Giuseppe Milo (www.pixael.com).jpg	https://commons.wikimedia.org/wiki/File:Caos_-_Flickr_-_Giuseppe_Milo_(www.pixael.com).jpg	b05238cf0169f594a57d8f96f38f679335a13931	2020-07-24T02:18:16Z	Giuseppe Milo from Dublin, Ireland	CC BY 2.0	https://creativecommons.org/licenses/by/2.0	true	raw/0076_metadata_0640_a1.response	644d30d56dc1f7fe101707ad470f64f64772043514f5a64abeb63c8695281052
77276429	water	File:El Ayuntamiento comienza a instalar 284 nuevas fuentes en todos los distritos 02.jpg	https://commons.wikimedia.org/wiki/File:El_Ayuntamiento_comienza_a_instalar_284_nuevas_fuentes_en_todos_los_distritos_02.jpg	6bd69626461bf24e9ae133a10540129e96d4eee7	2019-03-11T22:47:07Z	Diario de Madrid	CC BY 4.0	https://creativecommons.org/licenses/by/4.0	true	raw/0076_metadata_0640_a1.response	644d30d56dc1f7fe101707ad470f64f64772043514f5a64abeb63c8695281052
61453248	water	File:Glass Half Full, M&M Twice as Big (3217129236).jpg	https://commons.wikimedia.org/wiki/File:Glass_Half_Full,_M%26M_Twice_as_Big_(3217129236).jpg	d74ea889383ec591a6e0191a309fe2cbe7697b10	2017-08-02T20:00:55Z	Quinn Dombrowski from Berkeley, USA	CC BY-SA 2.0	https://creativecommons.org/licenses/by-sa/2.0	true	raw/0076_metadata_0640_a1.response	644d30d56dc1f7fe101707ad470f64f64772043514f5a64abeb63c8695281052
87683412	water	File:Walking man.jpg	https://commons.wikimedia.org/wiki/File:Walking_man.jpg	bb4348db40a9146c52642155d02df883398123d9	2020-03-04T21:21:21Z	Mael Sicourmat	CC BY-SA 4.0	https://creativecommons.org/licenses/by-sa/4.0	true	raw/0077_metadata_0650_a1.response	a5d7c1f3c82cfb7fb00145f5b57c5616ad8e014aa2117d5501808b1fca80de36
53956011	water	File:Change of Watch 2016 (25389231716).jpg	https://commons.wikimedia.org/wiki/File:Change_of_Watch_2016_(25389231716).jpg	4689e5615cd782696951457f5475aa9867334ef6	2016-12-10T19:59:47Z	Isles Yacht Club	CC BY 2.0	https://creativecommons.org/licenses/by/2.0	true	raw/0077_metadata_0650_a1.response	a5d7c1f3c82cfb7fb00145f5b57c5616ad8e014aa2117d5501808b1fca80de36
39884000	water	File:Bagare-med-varmt-vatten.jpeg	https://commons.wikimedia.org/wiki/File:Bagare-med-varmt-vatten.jpeg	e962839ba56d356048577c60b4d3cccaa384277f	2015-04-30T19:48:04Z	Mehinger	CC BY-SA 4.0	https://creativecommons.org/licenses/by-sa/4.0	true	raw/0077_metadata_0650_a1.response	a5d7c1f3c82cfb7fb00145f5b57c5616ad8e014aa2117d5501808b1fca80de36
71015245	water	File:Wasserflasche August Staude Hannover links.jpg	https://commons.wikimedia.org/wiki/File:Wasserflasche_August_Staude_Hannover_links.jpg	5a089f15b97bc47823068b11d6b263a122751f5e	2018-07-20T21:20:01Z	Axel Hindemith	CC BY-SA 3.0	https://creativecommons.org/licenses/by-sa/3.0	true	raw/0077_metadata_0650_a1.response	a5d7c1f3c82cfb7fb00145f5b57c5616ad8e014aa2117d5501808b1fca80de36
181935767	water	File:Bottle of Zephyrhills.jpg	https://commons.wikimedia.org/wiki/File:Bottle_of_Zephyrhills.jpg	dca442ebedda9196e619fa275d0ad5ddd708b440	2026-01-16T22:56:39Z	TheWaterlover	CC0	http://creativecommons.org/publicdomain/zero/1.0/deed.en	false	raw/0077_metadata_0650_a1.response	a5d7c1f3c82cfb7fb00145f5b57c5616ad8e014aa2117d5501808b1fca80de36
54099930	water	File:100116-F-2082O-0106 (4279954020).jpg	https://commons.wikimedia.org/wiki/File:100116-F-2082O-0106_(4279954020).jpg	bc9ee5548c73fca8840ee570abdc0f5c904a7b8c	2016-12-15T00:23:32Z	US Air Force from USA	Public domain		false	raw/0077_metadata_0650_a1.response	a5d7c1f3c82cfb7fb00145f5b57c5616ad8e014aa2117d5501808b1fca80de36
19133748	water	File:Filtered water bottle.JPG	https://commons.wikimedia.org/wiki/File:Filtered_water_bottle.JPG	4c8d2c0b7a6873fc6f4836abf235c835ac79b62b	2012-04-18T14:21:56Z	Amraepowell	CC BY-SA 3.0	https://creativecommons.org/licenses/by-sa/3.0	true	raw/0077_metadata_0650_a1.response	a5d7c1f3c82cfb7fb00145f5b57c5616ad8e014aa2117d5501808b1fca80de36
38459938	water	File:Fastenspeise.jpg	https://commons.wikimedia.org/wiki/File:Fastenspeise.jpg	4738c89de4812850f6ddd65e08b9e1ed70a305b1	2015-02-18T13:41:20Z	KUGerhardt	CC BY-SA 4.0	https://creativecommons.org/licenses/by-sa/4.0	true	raw/0077_metadata_0650_a1.response	a5d7c1f3c82cfb7fb00145f5b57c5616ad8e014aa2117d5501808b1fca80de36
53957231	water	File:Eau gallie yc 1-9-16 (2) (24423326845).jpg	https://commons.wikimedia.org/wiki/File:Eau_gallie_yc_1-9-16_(2)_(24423326845).jpg	6896ada110955a1d36edd87a7bb9ac5aac642ee7	2016-12-10T20:46:37Z	Isles Yacht Club	CC BY 2.0	https://creativecommons.org/licenses/by/2.0	true	raw/0077_metadata_0650_a1.response	a5d7c1f3c82cfb7fb00145f5b57c5616ad8e014aa2117d5501808b1fca80de36
63807647	water	File:New York National Guard (36967942473).jpg	https://commons.wikimedia.org/wiki/File:New_York_National_Guard_(36967942473).jpg	65d2ba1b0b309cf99d012875ff4ebe7fd57afd48	2017-11-02T09:59:24Z	The National Guard	Public domain		false	raw/0077_metadata_0650_a1.response	a5d7c1f3c82cfb7fb00145f5b57c5616ad8e014aa2117d5501808b1fca80de36
32307968	water	File:Lyriste - fire and water.JPG	https://commons.wikimedia.org/wiki/File:Lyriste_-_fire_and_water.JPG	6aa7edc395e6848e092070a069bf25b616bb21d5	2014-04-21T17:17:08Z	Marianne Casamance	CC BY-SA 3.0	https://creativecommons.org/licenses/by-sa/3.0	true	raw/0078_metadata_0660_a1.response	9d5a780566edcccb039c201b49053292aa6fcb95b79c87f682c21af0d2d2e801
61092518	water	File:The Oldest City Jericho.jpg	https://commons.wikimedia.org/wiki/File:The_Oldest_City_Jericho.jpg	639433144901358d4f9de6c754905dc13efe5da7	2017-07-17T01:36:20Z	Nsr100	CC BY-SA 4.0	https://creativecommons.org/licenses/by-sa/4.0	true	raw/0078_metadata_0660_a1.response	9d5a780566edcccb039c201b49053292aa6fcb95b79c87f682c21af0d2d2e801
147571763	water	File:Empty Shabbat table installation in Hostages and Missing Square, March 2024 22.jpg	https://commons.wikimedia.org/wiki/File:Empty_Shabbat_table_installation_in_Hostages_and_Missing_Square,_March_2024_22.jpg	bf93a0b0c85c02627aac3152c1b4e96fa19182b4	2024-04-20T22:50:05Z	Chenspec	CC BY-SA 4.0	https://creativecommons.org/licenses/by-sa/4.0	true	raw/0078_metadata_0660_a1.response	9d5a780566edcccb039c201b49053292aa6fcb95b79c87f682c21af0d2d2e801
197416852	water	File:Pouring water into a jar to prepare a drink during a gathering.jpg	https://commons.wikimedia.org/wiki/File:Pouring_water_into_a_jar_to_prepare_a_drink_during_a_gathering.jpg	89e88be0c41d9536e2fdeaedd0c53567c5ac2609	2026-08-14T07:07:20Z	Shixart1985	CC BY 2.0	https://creativecommons.org/licenses/by/2.0	true	raw/0078_metadata_0660_a1.response	9d5a780566edcccb039c201b49053292aa6fcb95b79c87f682c21af0d2d2e801
189903524	water	File:Condensation (4758649264).jpg	https://commons.wikimedia.org/wiki/File:Condensation_(4758649264).jpg	7612e1d0b68741206a29ac013b2aa7896f7e6e43	2026-04-21T02:11:57Z	crabchick from Bristol, England	CC BY 2.0	https://creativecommons.org/licenses/by/2.0	true	raw/0078_metadata_0660_a1.response	9d5a780566edcccb039c201b49053292aa6fcb95b79c87f682c21af0d2d2e801
31929806	water	File:Take-06 (12047182073).jpg	https://commons.wikimedia.org/wiki/File:Take-06_(12047182073).jpg	ce5117318b3224f3a2ac0df5eea5f2d804d0df4f	2014-04-01T05:44:28Z	Dutch Ministry of Foreign Affairs	CC BY-SA 2.0	https://creativecommons.org/licenses/by-sa/2.0	true	raw/0078_metadata_0660_a1.response	9d5a780566edcccb039c201b49053292aa6fcb95b79c87f682c21af0d2d2e801
101254212	water	File:A bottle of Table water.jpg	https://commons.wikimedia.org/wiki/File:A_bottle_of_Table_water.jpg	eecb9a29c23544f3f9f22ff2382e9392fd90346a	2021-03-09T10:34:07Z	Dammy Kaka	CC BY-SA 4.0	https://creativecommons.org/licenses/by-sa/4.0	true	raw/0078_metadata_0660_a1.response	9d5a780566edcccb039c201b49053292aa6fcb95b79c87f682c21af0d2d2e801
126182436	water	File:Dasani Water Bottle.jpg	https://commons.wikimedia.org/wiki/File:Dasani_Water_Bottle.jpg	6a99b9cb54e42c933d3c5b5db09b7f4d8d4da853	2022-12-01T15:38:40Z	Ameliaelizabeth123	CC BY-SA 4.0	https://creativecommons.org/licenses/by-sa/4.0	true	raw/0078_metadata_0660_a1.response	9d5a780566edcccb039c201b49053292aa6fcb95b79c87f682c21af0d2d2e801
149191618	water	File:Spicy Chicken Ramen @ Toriana @ Ikebukuro (11547318034).jpg	https://commons.wikimedia.org/wiki/File:Spicy_Chicken_Ramen_@_Toriana_@_Ikebukuro_(11547318034).jpg	09df000d912b74a77c06bef13871acaa3133d111	2024-06-08T23:14:52Z	Guilhem Vellut from Annecy, France	CC BY 2.0	https://creativecommons.org/licenses/by/2.0	true	raw/0078_metadata_0660_a1.response	9d5a780566edcccb039c201b49053292aa6fcb95b79c87f682c21af0d2d2e801
41622886	water	File:Gto wasabc bonn 2015-05 -49 (17778090038).jpg	https://commons.wikimedia.org/wiki/File:Gto_wasabc_bonn_2015-05_-49_(17778090038).jpg	61a349f8f8c397b89d3ebb6a4e5dc0fa55d3f98f	2015-07-16T09:11:53Z	SuSanA Secretariat	CC BY 2.0	https://creativecommons.org/licenses/by/2.0	true	raw/0078_metadata_0660_a1.response	9d5a780566edcccb039c201b49053292aa6fcb95b79c87f682c21af0d2d2e801
19176940	water	File:Lithia Water 1888.jpg	https://commons.wikimedia.org/wiki/File:Lithia_Water_1888.jpg	f5deb286a3998353062688aed6598219da6701cd	2012-04-22T15:15:52Z	Lithia Water Co.	CC BY-SA 2.0	https://creativecommons.org/licenses/by-sa/2.0	true	raw/0079_metadata_0670_a1.response	0f2c3cd8e1d2f2e125735cdb571ba400e658eae63f6c7f54ff9dc292af7b22c7
106394147	water	File:Vaso con agua, Madrid, España, 2021 01.jpg	https://commons.wikimedia.org/wiki/File:Vaso_con_agua,_Madrid,_Espa%C3%B1a,_2021_01.jpg	74ed4e61ee7172b67d08dbe26b12b12d615a16d0	2021-06-08T17:26:56Z	Benjamín Núñez González	CC BY-SA 4.0	https://creativecommons.org/licenses/by-sa/4.0	true	raw/0079_metadata_0670_a1.response	0f2c3cd8e1d2f2e125735cdb571ba400e658eae63f6c7f54ff9dc292af7b22c7
96956013	water	File:Sport bottle.jpg	https://commons.wikimedia.org/wiki/File:Sport_bottle.jpg	843c44de4ad0537ab0032bffe4317e7a5f66bde8	2020-11-26T14:04:58Z	Corn cheese	CC BY-SA 4.0	https://creativecommons.org/licenses/by-sa/4.0	true	raw/0079_metadata_0670_a1.response	0f2c3cd8e1d2f2e125735cdb571ba400e658eae63f6c7f54ff9dc292af7b22c7
40608211	water	File:Water Splash (3040411133).jpg	https://commons.wikimedia.org/wiki/File:Water_Splash_(3040411133).jpg	c1787089b13e4a3b01f8f575c21ab8e24e28050d	2015-05-30T23:26:39Z	THOR	CC BY 2.0	https://creativecommons.org/licenses/by/2.0	true	raw/0079_metadata_0670_a1.response	0f2c3cd8e1d2f2e125735cdb571ba400e658eae63f6c7f54ff9dc292af7b22c7
147571772	water	File:Empty Shabbat table installation in Hostages and Missing Square, March 2024 27.jpg	https://commons.wikimedia.org/wiki/File:Empty_Shabbat_table_installation_in_Hostages_and_Missing_Square,_March_2024_27.jpg	8ae8edc70dcdf104998c3b463e0456933912df92	2024-04-20T22:50:10Z	Chenspec	CC BY-SA 4.0	https://creativecommons.org/licenses/by-sa/4.0	true	raw/0079_metadata_0670_a1.response	0f2c3cd8e1d2f2e125735cdb571ba400e658eae63f6c7f54ff9dc292af7b22c7
192540753	water	File:Pencil in glass of water showing refraction (cropped).JPG	https://commons.wikimedia.org/wiki/File:Pencil_in_glass_of_water_showing_refraction_(cropped).JPG	c597a7d7b54974a2b75f7c0a8e58d2e1e0794c87	2026-05-21T13:06:58Z	Meganbeckett27	CC BY-SA 3.0	https://creativecommons.org/licenses/by-sa/3.0	true	raw/0079_metadata_0670_a1.response	0f2c3cd8e1d2f2e125735cdb571ba400e658eae63f6c7f54ff9dc292af7b22c7
53482206	water	File:L1quid.jpg	https://commons.wikimedia.org/wiki/File:L1quid.jpg	ebba52c5611a459a242cffe348ce1ba9488ee016	2016-11-24T17:50:57Z	Montsel1quid	CC BY-SA 4.0	https://creativecommons.org/licenses/by-sa/4.0	true	raw/0079_metadata_0670_a1.response	0f2c3cd8e1d2f2e125735cdb571ba400e658eae63f6c7f54ff9dc292af7b22c7
88365901	water	File:Walmart branded water bottle (33924956232).jpg	https://commons.wikimedia.org/wiki/File:Walmart_branded_water_bottle_(33924956232).jpg	f8e49e2a23a31b44f908a1f755836b4e0fc349a0	2020-03-20T17:29:28Z	Laurel L. Russwurm from Canada	CC BY 2.0	https://creativecommons.org/licenses/by/2.0	true	raw/0079_metadata_0670_a1.response	0f2c3cd8e1d2f2e125735cdb571ba400e658eae63f6c7f54ff9dc292af7b22c7
83393116	water	File:Richmond IMG 0351 (6633297315).jpg	https://commons.wikimedia.org/wiki/File:Richmond_IMG_0351_(6633297315).jpg	7a83c3aa06075e9aaff963cf9901d99a8649fb99	2019-10-26T15:37:43Z	jwalsh from Boston	CC BY 2.0	https://creativecommons.org/licenses/by/2.0	true	raw/0079_metadata_0670_a1.response	0f2c3cd8e1d2f2e125735cdb571ba400e658eae63f6c7f54ff9dc292af7b22c7
149205274	water	File:Yatta ! Ramen @ Annecy-le-Vieux (49203911887).jpg	https://commons.wikimedia.org/wiki/File:Yatta_!_Ramen_@_Annecy-le-Vieux_(49203911887).jpg	fb50ea7d48fa90b9bada427a10ce6b5f1dca27da	2024-06-09T13:57:41Z	Guilhem Vellut from Annecy, France	CC BY 2.0	https://creativecommons.org/licenses/by/2.0	true	raw/0079_metadata_0670_a1.response	0f2c3cd8e1d2f2e125735cdb571ba400e658eae63f6c7f54ff9dc292af7b22c7
147371395	water	File:Tel Aviv Museum of Art - Israel, March 2024 36.jpg	https://commons.wikimedia.org/wiki/File:Tel_Aviv_Museum_of_Art_-_Israel,_March_2024_36.jpg	85228cfbe8baffb37864231982d0c23fbbaed49e	2024-04-14T14:56:34Z	Chenspec	CC BY-SA 4.0	https://creativecommons.org/licenses/by-sa/4.0	true	raw/0080_metadata_0680_a1.response	13112e0ab4e2ab40336608b0ae7730064886817ad2d6f30ca83de83e74df5c3d
90133551	water	File:ReusableWaterBottle.jpg	https://commons.wikimedia.org/wiki/File:ReusableWaterBottle.jpg	0f756d2462e4e008572dee1f880d9b6bd9dcfa3b	2020-05-12T19:26:20Z	Bibeyjj	CC BY-SA 4.0	https://creativecommons.org/licenses/by-sa/4.0	true	raw/0080_metadata_0680_a1.response	13112e0ab4e2ab40336608b0ae7730064886817ad2d6f30ca83de83e74df5c3d
64406257	water	File:Le boutiquier au travail 02.jpg	https://commons.wikimedia.org/wiki/File:Le_boutiquier_au_travail_02.jpg	2c8044a7db8aa6ee08d921d4878220fef969ab7c	2017-11-28T10:02:09Z	Marietherese123	CC BY-SA 4.0	https://creativecommons.org/licenses/by-sa/4.0	true	raw/0080_metadata_0680_a1.response	13112e0ab4e2ab40336608b0ae7730064886817ad2d6f30ca83de83e74df5c3d
14901668	water	File:Polar Bottle® Insulated Bottles.JPG	https://commons.wikimedia.org/wiki/File:Polar_Bottle%C2%AE_Insulated_Bottles.JPG	6ef2913d694a3d13e2a9f26542fc5450965e9d5f	2011-04-13T16:26:17Z	Tikboodle	CC BY-SA 3.0	https://creativecommons.org/licenses/by-sa/3.0	true	raw/0080_metadata_0680_a1.response	13112e0ab4e2ab40336608b0ae7730064886817ad2d6f30ca83de83e74df5c3d
122635259	water	File:Poshpathri Badibehak kulgam.jpg	https://commons.wikimedia.org/wiki/File:Poshpathri_Badibehak_kulgam.jpg	ca811cd36e40ae8ec38ad6e3d58efbf1803e0e71	2022-09-04T10:35:31Z	Syed Mohsin 7	CC BY-SA 4.0	https://creativecommons.org/licenses/by-sa/4.0	true	raw/0080_metadata_0680_a1.response	13112e0ab4e2ab40336608b0ae7730064886817ad2d6f30ca83de83e74df5c3d
23046998	water	File:SANTÉorganiqueBootle2.jpg	https://commons.wikimedia.org/wiki/File:SANT%C3%89organiqueBootle2.jpg	7ad190460d9569783594de624bc77c4ed8f41af7	2012-12-06T18:48:52Z	Saloca	CC BY-SA 3.0	https://creativecommons.org/licenses/by-sa/3.0	true	raw/0080_metadata_0680_a1.response	13112e0ab4e2ab40336608b0ae7730064886817ad2d6f30ca83de83e74df5c3d
103929312	water	File:Waterbottle.png	https://commons.wikimedia.org/wiki/File:Waterbottle.png	cc0b891d8abca69e13e0e58b1a4a9d2f46fe6fb6	2021-04-19T08:35:11Z	Info-former-test	CC BY-SA 4.0	https://creativecommons.org/licenses/by-sa/4.0	true	raw/0080_metadata_0680_a1.response	13112e0ab4e2ab40336608b0ae7730064886817ad2d6f30ca83de83e74df5c3d
23529820	water	File:Glasflasche.JPG	https://commons.wikimedia.org/wiki/File:Glasflasche.JPG	17884fe8794ffa66d29a46a15a151bf70eeb9ade	2013-01-02T10:53:27Z	Buchstapler	CC BY-SA 3.0	https://creativecommons.org/licenses/by-sa/3.0	true	raw/0080_metadata_0680_a1.response	13112e0ab4e2ab40336608b0ae7730064886817ad2d6f30ca83de83e74df5c3d
131184758	water	File:201012-F-RF516-1360 - U.S. Army Soldier fires a Barrett .50-caliber rifle during training at the Udairi Range Complex, Kuwait, Oct. 12, 2020.jpg	https://commons.wikimedia.org/wiki/File:201012-F-RF516-1360_-_U.S._Army_Soldier_fires_a_Barrett_.50-caliber_rifle_during_training_at_the_Udairi_Range_Complex,_Kuwait,_Oct._12,_2020.jpg	b91effd520f093834bfe713b07747d00eea6294e	2023-04-26T12:19:37Z	Senior Airman Monica Roybal	Public domain		false	raw/0080_metadata_0680_a1.response	13112e0ab4e2ab40336608b0ae7730064886817ad2d6f30ca83de83e74df5c3d
11513465	water	File:Water-bottles (Ckool'lehs). (1836) - TIMEA.jpg	https://commons.wikimedia.org/wiki/File:Water-bottles_(Ckool%27lehs)._(1836)_-_TIMEA.jpg	8c282b072ac14efbf99434d896a552649cb1977f	2010-09-17T12:19:45Z	Lane, E. W. (Edward William), 1801-1876	CC BY-SA 2.5	https://creativecommons.org/licenses/by-sa/2.5	true	raw/0080_metadata_0680_a1.response	13112e0ab4e2ab40336608b0ae7730064886817ad2d6f30ca83de83e74df5c3d
91614518	water	File:Black Unity in the Whit (50048665746).jpg	https://commons.wikimedia.org/wiki/File:Black_Unity_in_the_Whit_(50048665746).jpg	e0d28d282f270174581d177e08236e8858fda0c1	2020-06-27T02:36:34Z	David Geitgey Sierralupe from Eugene, Oregon	CC BY 2.0	https://creativecommons.org/licenses/by/2.0	true	raw/0081_metadata_0690_a1.response	fa4dd7117752155d26a1e3cc66903c8aaf736c957e9f994524f4ad3ff1a009c4
7959258	water	File:Fotothek df roe-neg 0006560 024 Eine Hand lässt eine Tablette in ein Wasserglas.jpg	https://commons.wikimedia.org/wiki/File:Fotothek_df_roe-neg_0006560_024_Eine_Hand_l%C3%A4sst_eine_Tablette_in_ein_Wasserglas.jpg	52751f174e1b08c633c7a952c0e240fce646c3ad	2009-10-02T02:59:26Z	Roger Rössing / Renate Rössing	CC BY-SA 3.0 de	https://creativecommons.org/licenses/by-sa/3.0/de/deed.en	true	raw/0081_metadata_0690_a1.response	fa4dd7117752155d26a1e3cc66903c8aaf736c957e9f994524f4ad3ff1a009c4
149208003	water	File:Katsu Curry @ Topca @ Kanda (12502651043).jpg	https://commons.wikimedia.org/wiki/File:Katsu_Curry_@_Topca_@_Kanda_(12502651043).jpg	cc7bf9abf4dc57c8914c964f6ba6619cebcfc586	2024-06-09T15:39:59Z	Guilhem Vellut from Annecy, France	CC BY 2.0	https://creativecommons.org/licenses/by/2.0	true	raw/0081_metadata_0690_a1.response	fa4dd7117752155d26a1e3cc66903c8aaf736c957e9f994524f4ad3ff1a009c4
92559795	water	File:Pill 2.jpg	https://commons.wikimedia.org/wiki/File:Pill_2.jpg	e8b5c0f16bf4f1f4e80c77fef66b9b57620389e8	2020-07-24T12:19:36Z	JESHOOTS.com	CC0	http://creativecommons.org/publicdomain/zero/1.0/deed.en	false	raw/0081_metadata_0690_a1.response	fa4dd7117752155d26a1e3cc66903c8aaf736c957e9f994524f4ad3ff1a009c4
135843488	water	File:Water bottle and sunlight.jpg	https://commons.wikimedia.org/wiki/File:Water_bottle_and_sunlight.jpg	3b46c7cf520697f54ea68cd07bec6a4e4d0c043d	2023-08-12T03:56:07Z	Himanshum14	CC BY-SA 4.0	https://creativecommons.org/licenses/by-sa/4.0	true	raw/0081_metadata_0690_a1.response	fa4dd7117752155d26a1e3cc66903c8aaf736c957e9f994524f4ad3ff1a009c4
99690431	water	File:Việt Bún.jpg	https://commons.wikimedia.org/wiki/File:Vi%E1%BB%87t_B%C3%BAn.jpg	c02b696268d7fbf84a61b00a9a5ed4bb19d5d16b	2021-02-09T07:48:38Z	Advietbun23	CC BY-SA 4.0	https://creativecommons.org/licenses/by-sa/4.0	true	raw/0081_metadata_0690_a1.response	fa4dd7117752155d26a1e3cc66903c8aaf736c957e9f994524f4ad3ff1a009c4
189963085	water	File:Rendszerbontó Nagykoncert 20260410 162123 HDR.jpg	https://commons.wikimedia.org/wiki/File:Rendszerbont%C3%B3_Nagykoncert_20260410_162123_HDR.jpg	501fa255327b5045d59f7875e6564165f7468ebe	2026-04-21T18:16:35Z	Vauia Rex	CC0	http://creativecommons.org/publicdomain/zero/1.0/deed.en	false	raw/0081_metadata_0690_a1.response	fa4dd7117752155d26a1e3cc66903c8aaf736c957e9f994524f4ad3ff1a009c4
17089521	water	File:A VENDOR DELIVERS BOTTLED WATER FROM A NEARBY SPRING TO A HOME IN MEXICALI, MEXICO. COLORADO RIVER WATER IS NOT... - NARA - 549093.jpg	https://commons.wikimedia.org/wiki/File:A_VENDOR_DELIVERS_BOTTLED_WATER_FROM_A_NEARBY_SPRING_TO_A_HOME_IN_MEXICALI,_MEXICO._COLORADO_RIVER_WATER_IS_NOT..._-_NARA_-_549093.jpg	7b80977185041ade934a1947f81ce68d73165fdd	2011-10-23T15:03:39Z	Charles O'Rear	Public domain		false	raw/0081_metadata_0690_a1.response	fa4dd7117752155d26a1e3cc66903c8aaf736c957e9f994524f4ad3ff1a009c4
123662472	water	File:Recipiente portátil de agua con forma de tinaco (Puebla) 03.jpg	https://commons.wikimedia.org/wiki/File:Recipiente_port%C3%A1til_de_agua_con_forma_de_tinaco_(Puebla)_03.jpg	c16cd7e8abcb00fda582db57c94bec57507c59ac	2022-10-02T23:14:39Z	Luis Alvaz	CC BY-SA 4.0	https://creativecommons.org/licenses/by-sa/4.0	true	raw/0081_metadata_0690_a1.response	fa4dd7117752155d26a1e3cc66903c8aaf736c957e9f994524f4ad3ff1a009c4
70779003	water	File:Ecoglass bottle.jpg	https://commons.wikimedia.org/wiki/File:Ecoglass_bottle.jpg	6fd00d5243cc9f0d57261908de30d0f96cd76d92	2018-07-12T12:04:07Z	Joemaari	CC BY-SA 4.0	https://creativecommons.org/licenses/by-sa/4.0	true	raw/0081_metadata_0690_a1.response	fa4dd7117752155d26a1e3cc66903c8aaf736c957e9f994524f4ad3ff1a009c4
40090343	water	File:Truc simple.jpg	https://commons.wikimedia.org/wiki/File:Truc_simple.jpg	151b479b5ff20e3ee5cb999977ccc2fa7bf0a0cb	2015-05-09T19:31:01Z	Khaoulaoueslati	CC BY-SA 4.0	https://creativecommons.org/licenses/by-sa/4.0	true	raw/0082_metadata_0700_a1.response	73bea85ac5d6945f88946dfbac81f8dd652c7c5e9a341769b1c0ae98ef4ba0bd
149213750	water	File:Shoyu Ramen @ Aoshima @ (15264727121).jpg	https://commons.wikimedia.org/wiki/File:Shoyu_Ramen_@_Aoshima_@_(15264727121).jpg	92f9c586935274dfaf68c7db8a84ebf5dd01a0df	2024-06-09T18:57:26Z	Guilhem Vellut from Annecy, France	CC BY 2.0	https://creativecommons.org/licenses/by/2.0	true	raw/0082_metadata_0700_a1.response	73bea85ac5d6945f88946dfbac81f8dd652c7c5e9a341769b1c0ae98ef4ba0bd
46083394	water	File:Пустые бутылки бутилированной воды. Санкт-Петербург 22.05.2015.jpg	https://commons.wikimedia.org/wiki/File:%D0%9F%D1%83%D1%81%D1%82%D1%8B%D0%B5_%D0%B1%D1%83%D1%82%D1%8B%D0%BB%D0%BA%D0%B8_%D0%B1%D1%83%D1%82%D0%B8%D0%BB%D0%B8%D1%80%D0%BE%D0%B2%D0%B0%D0%BD%D0%BD%D0%BE%D0%B9_%D0%B2%D0%BE%D0%B4%D1%8B._%D0%A1%D0%B0%D0%BD%D0%BA%D1%82-%D0%9F%D0%B5%D1%82%D0%B5%D1%80%D0%B1%D1%83%D1%80%D0%B3_22.05.2015.jpg	43a95fe2394352b7785434aab669a8b90c739102	2016-01-03T17:31:52Z	Oleg Kuznetsov	CC BY-SA 2.0	https://creativecommons.org/licenses/by-sa/2.0	true	raw/0082_metadata_0700_a1.response	73bea85ac5d6945f88946dfbac81f8dd652c7c5e9a341769b1c0ae98ef4ba0bd
90014376	water	File:Army uniforms of Norway. Field uniform (feltuniform) M1951 Jacket Webbing Ammunition belt Straps Bag Water bottle canteen etc. Armed Forces Museum (Forsvarsmuseet) Oslo 2020-02-3088.jpg	https://commons.wikimedia.org/wiki/File:Army_uniforms_of_Norway._Field_uniform_(feltuniform)_M1951_Jacket_Webbing_Ammunition_belt_Straps_Bag_Water_bottle_canteen_etc._Armed_Forces_Museum_(Forsvarsmuseet)_Oslo_2020-02-3088.jpg	bc6c2268be041ed439f25fc6c8ee278e7c0de818	2020-05-09T00:19:22Z	Wolfmann	CC BY-SA 4.0	https://creativecommons.org/licenses/by-sa/4.0	true	raw/0082_metadata_0700_a1.response	73bea85ac5d6945f88946dfbac81f8dd652c7c5e9a341769b1c0ae98ef4ba0bd
71015295	water	File:Wasserflasche August Staude Hannover rechts.jpg	https://commons.wikimedia.org/wiki/File:Wasserflasche_August_Staude_Hannover_rechts.jpg	f4359ae632805a9aba68973d5021bebab5d40ed4	2018-07-20T21:25:18Z	Axel Hindemith	CC BY-SA 3.0	https://creativecommons.org/licenses/by-sa/3.0	true	raw/0082_metadata_0700_a1.response	73bea85ac5d6945f88946dfbac81f8dd652c7c5e9a341769b1c0ae98ef4ba0bd
26528705	water	File:Water Drop Glass.jpg	https://commons.wikimedia.org/wiki/File:Water_Drop_Glass.jpg	10ed200e8a23d2ce397950c0b02ad3f9b56a380f	2013-06-07T08:23:40Z	Pdpics	CC BY-SA 3.0	https://creativecommons.org/licenses/by-sa/3.0	true	raw/0082_metadata_0700_a1.response	73bea85ac5d6945f88946dfbac81f8dd652c7c5e9a341769b1c0ae98ef4ba0bd
15248602	water	File:Red-Tornado 2007 Sylvain-Breton.jpg	https://commons.wikimedia.org/wiki/File:Red-Tornado_2007_Sylvain-Breton.jpg	efff1480f0752ccf01ba66227a78c8c23f5d177d	2011-05-19T15:17:27Z	Sylvain Breton	CC BY-SA 3.0	https://creativecommons.org/licenses/by-sa/3.0	true	raw/0082_metadata_0700_a1.response	73bea85ac5d6945f88946dfbac81f8dd652c7c5e9a341769b1c0ae98ef4ba0bd
11475574	water	File:Crystal Geyser Water Company Orland California - CGWC.jpg	https://commons.wikimedia.org/wiki/File:Crystal_Geyser_Water_Company_Orland_California_-_CGWC.jpg	1c7e53a0cf9b3a1caf3539aa6b68e18f33d53fc0	2010-09-13T23:18:58Z	No machine-readable author provided. Cgroxane assumed (based on copyright claims).	Public domain		false	raw/0082_metadata_0700_a1.response	73bea85ac5d6945f88946dfbac81f8dd652c7c5e9a341769b1c0ae98ef4ba0bd
153685656	water	File:Blue Waters bottle no label.jpg	https://commons.wikimedia.org/wiki/File:Blue_Waters_bottle_no_label.jpg	438e945754f13bafc6fc5d558052f2ea94a3c40b	2024-10-08T21:32:08Z	999real	CC0	http://creativecommons.org/publicdomain/zero/1.0/deed.en	false	raw/0082_metadata_0700_a1.response	73bea85ac5d6945f88946dfbac81f8dd652c7c5e9a341769b1c0ae98ef4ba0bd
79104437	water	File:TechCrunch Disrupt NY 2015 - Day 3 (17240631509).jpg	https://commons.wikimedia.org/wiki/File:TechCrunch_Disrupt_NY_2015_-_Day_3_(17240631509).jpg	46d21e714f7731a1881f5eaaa5b1b6517c856f7a	2019-05-21T07:48:56Z	TechCrunch	CC BY 2.0	https://creativecommons.org/licenses/by/2.0	true	raw/0082_metadata_0700_a1.response	73bea85ac5d6945f88946dfbac81f8dd652c7c5e9a341769b1c0ae98ef4ba0bd
119699630	water	File:PXL 20220624 183020837.jpg	https://commons.wikimedia.org/wiki/File:PXL_20220624_183020837.jpg	6589227ea3feb16f65b3c1f156b34ce976dd194e	2022-06-24T18:46:05Z	WalkingRadiance	CC BY-SA 4.0	https://creativecommons.org/licenses/by-sa/4.0	true	raw/0083_metadata_0710_a1.response	6d4027033e6c2ee9666456a584850d4e88d1bbdd980ee6f19d2eeb2a1bd16c4b
8818736	water	File:Flickr - cyclonebill - Vand (3).jpg	https://commons.wikimedia.org/wiki/File:Flickr_-_cyclonebill_-_Vand_(3).jpg	3de75dfdc1a53874ca2e6137205d9664e8404105	2009-12-23T23:04:40Z	cyclonebill	CC BY-SA 2.0	https://creativecommons.org/licenses/by-sa/2.0	true	raw/0083_metadata_0710_a1.response	6d4027033e6c2ee9666456a584850d4e88d1bbdd980ee6f19d2eeb2a1bd16c4b
29395890	water	File:Finmeccanica Press Conference Blue Panorama places order for 12 SSJ100s (5859312743).jpg	https://commons.wikimedia.org/wiki/File:Finmeccanica_Press_Conference_Blue_Panorama_places_order_for_12_SSJ100s_(5859312743).jpg	6ed4a109f9e1234097b8870404cff58827ce53b3	2013-11-03T20:30:03Z	SuperJet International	CC BY-SA 2.0	https://creativecommons.org/licenses/by-sa/2.0	true	raw/0083_metadata_0710_a1.response	6d4027033e6c2ee9666456a584850d4e88d1bbdd980ee6f19d2eeb2a1bd16c4b
130218657	water	File:ขวดน้ำ.jpg	https://commons.wikimedia.org/wiki/File:%E0%B8%82%E0%B8%A7%E0%B8%94%E0%B8%99%E0%B9%89%E0%B8%B3.jpg	4a6aa7a607faa73d99277e385657586240643656	2023-03-31T12:02:12Z	เวสารัช ไชยทุม	CC BY-SA 4.0	https://creativecommons.org/licenses/by-sa/4.0	true	raw/0083_metadata_0710_a1.response	6d4027033e6c2ee9666456a584850d4e88d1bbdd980ee6f19d2eeb2a1bd16c4b
24902320	water	File:Ice water with lemon.jpg	https://commons.wikimedia.org/wiki/File:Ice_water_with_lemon.jpg	f20c4fe021684c08db58d043681fff576a4abfff	2013-02-27T23:50:11Z	Jon Sullivan	Public domain		false	raw/0083_metadata_0710_a1.response	6d4027033e6c2ee9666456a584850d4e88d1bbdd980ee6f19d2eeb2a1bd16c4b
19844994	water	File:Snell water glass.jpg	https://commons.wikimedia.org/wiki/File:Snell_water_glass.jpg	065b58ca85eb1bac95709e661522c34f8f3b4266	2012-06-10T11:24:40Z	Svebert	CC0	http://creativecommons.org/publicdomain/zero/1.0/deed.en	false	raw/0083_metadata_0710_a1.response	6d4027033e6c2ee9666456a584850d4e88d1bbdd980ee6f19d2eeb2a1bd16c4b
149205522	water	File:Cheese Fondue Tsukemen @ Ramen Daishi @ Ochanomizu (13942602235).jpg	https://commons.wikimedia.org/wiki/File:Cheese_Fondue_Tsukemen_@_Ramen_Daishi_@_Ochanomizu_(13942602235).jpg	197bddd2df3a8acfc24f52d7bade9e1d81723e7f	2024-06-09T14:04:18Z	Guilhem Vellut from Annecy, France	CC BY 2.0	https://creativecommons.org/licenses/by/2.0	true	raw/0083_metadata_0710_a1.response	6d4027033e6c2ee9666456a584850d4e88d1bbdd980ee6f19d2eeb2a1bd16c4b
147369875	water	File:Tel Aviv Museum of Art - Israel, March 2024 22.jpg	https://commons.wikimedia.org/wiki/File:Tel_Aviv_Museum_of_Art_-_Israel,_March_2024_22.jpg	b2a4852a5dcad193694981a691a9bf907972ca39	2024-04-14T14:03:35Z	Chenspec	CC BY-SA 4.0	https://creativecommons.org/licenses/by-sa/4.0	true	raw/0083_metadata_0710_a1.response	6d4027033e6c2ee9666456a584850d4e88d1bbdd980ee6f19d2eeb2a1bd16c4b
95888996	water	File:Water bottle without wrapper.png	https://commons.wikimedia.org/wiki/File:Water_bottle_without_wrapper.png	45700aeba486c56c4deea4658a9c95a03b3a3993	2020-11-07T13:15:51Z	ILoveCocomelon	CC BY-SA 4.0	https://creativecommons.org/licenses/by-sa/4.0	true	raw/0083_metadata_0710_a1.response	6d4027033e6c2ee9666456a584850d4e88d1bbdd980ee6f19d2eeb2a1bd16c4b
138656599	water	File:Termo rosa.jpg	https://commons.wikimedia.org/wiki/File:Termo_rosa.jpg	bd349d75af4ba1b94dcb4e7869e49b0f40601c22	2023-10-09T18:43:52Z	Valeria urru	CC BY-SA 4.0	https://creativecommons.org/licenses/by-sa/4.0	true	raw/0083_metadata_0710_a1.response	6d4027033e6c2ee9666456a584850d4e88d1bbdd980ee6f19d2eeb2a1bd16c4b
32168764	water	File:A close up shot of Louis Downing checking the safety of the water supply. (10661646753).jpg	https://commons.wikimedia.org/wiki/File:A_close_up_shot_of_Louis_Downing_checking_the_safety_of_the_water_supply._(10661646753).jpg	2bec613441fa0b2b36beceafe5ddfb8da6928dcb	2014-04-14T07:14:17Z	Irene Scott/AusAID	CC BY 2.0	https://creativecommons.org/licenses/by/2.0	true	raw/0084_metadata_0720_a1.response	89a266a9bd014690e660bf625d93add7a23eeda6c56125308344281a33435a33
107170149	water	File:Effervescent tablet dissolves in water.webm	https://commons.wikimedia.org/wiki/File:Effervescent_tablet_dissolves_in_water.webm	1aa7c0a361627dd0a931c7c37f39e069bb300d9c	2021-07-02T08:07:21Z	Raimond Spekking	CC BY-SA 4.0	https://creativecommons.org/licenses/by-sa/4.0	true	raw/0084_metadata_0720_a1.response	89a266a9bd014690e660bf625d93add7a23eeda6c56125308344281a33435a33
110780720	water	File:German Occupation of Norway during WW2 1940-45 Military equipment British water bottle webbing cradle Feltflaske Bergenhus Festningsmuseum Fortress Military Museum Bergen 2021 6119.jpg	https://commons.wikimedia.org/wiki/File:German_Occupation_of_Norway_during_WW2_1940-45_Military_equipment_British_water_bottle_webbing_cradle_Feltflaske_Bergenhus_Festningsmuseum_Fortress_Military_Museum_Bergen_2021_6119.jpg	319738c261989958a824e2168e9c93f1fbff261d	2021-10-06T15:31:06Z	Wolfmann	CC BY-SA 4.0	https://creativecommons.org/licenses/by-sa/4.0	true	raw/0084_metadata_0720_a1.response	89a266a9bd014690e660bf625d93add7a23eeda6c56125308344281a33435a33
86934631	water	File:Rocco's Tacos, E Las Olas Blvd, Fort Lauderdale Florida January 2018 04.jpg	https://commons.wikimedia.org/wiki/File:Rocco%27s_Tacos,_E_Las_Olas_Blvd,_Fort_Lauderdale_Florida_January_2018_04.jpg	fb0623fe474a647d0cf50a6d8c608695b9935a87	2020-02-12T00:56:43Z	Infrogmation of New Orleans	CC BY-SA 4.0	https://creativecommons.org/licenses/by-sa/4.0	true	raw/0084_metadata_0720_a1.response	89a266a9bd014690e660bf625d93add7a23eeda6c56125308344281a33435a33
114911176	water	File:Питне золото.jpg	https://commons.wikimedia.org/wiki/File:%D0%9F%D0%B8%D1%82%D0%BD%D0%B5_%D0%B7%D0%BE%D0%BB%D0%BE%D1%82%D0%BE.jpg	ae88d9e140ac3c3af8373d9046521ca0bf0e65aa	2022-02-02T15:20:49Z	Illia589k	CC BY-SA 4.0	https://creativecommons.org/licenses/by-sa/4.0	true	raw/0084_metadata_0720_a1.response	89a266a9bd014690e660bf625d93add7a23eeda6c56125308344281a33435a33
178965836	water	File:SZ 深圳 Shenzhen 羅湖 Luohu 娃哈哈 Wahaha brand 膠水樽 water plastic bottle by 美食之旅 Yummy Travel November 2025 N13P 01.jpg	https://commons.wikimedia.org/wiki/File:SZ_%E6%B7%B1%E5%9C%B3_Shenzhen_%E7%BE%85%E6%B9%96_Luohu_%E5%A8%83%E5%93%88%E5%93%88_Wahaha_brand_%E8%86%A0%E6%B0%B4%E6%A8%BD_water_plastic_bottle_by_%E7%BE%8E%E9%A3%9F%E4%B9%8B%E6%97%85_Yummy_Travel_November_2025_N13P_01.jpg	28ab5b30b61f0a3417db7bfca6487ae535f577b9	2025-11-26T03:54:31Z	ONWPY WHHCALIO 50028	CC0	http://creativecommons.org/publicdomain/zero/1.0/deed.en	false	raw/0084_metadata_0720_a1.response	89a266a9bd014690e660bf625d93add7a23eeda6c56125308344281a33435a33
147571430	water	File:Empty Shabbat table installation in Hostages and Missing Square, March 2024 11.jpg	https://commons.wikimedia.org/wiki/File:Empty_Shabbat_table_installation_in_Hostages_and_Missing_Square,_March_2024_11.jpg	cd2ac8e4c38956965a25ee81c2ea40d3baa273de	2024-04-20T22:32:23Z	Chenspec	CC BY-SA 4.0	https://creativecommons.org/licenses/by-sa/4.0	true	raw/0084_metadata_0720_a1.response	89a266a9bd014690e660bf625d93add7a23eeda6c56125308344281a33435a33
147571432	water	File:Empty Shabbat table installation in Hostages and Missing Square, March 2024 12.jpg	https://commons.wikimedia.org/wiki/File:Empty_Shabbat_table_installation_in_Hostages_and_Missing_Square,_March_2024_12.jpg	5d2d7db4640ef275b931b838c983e0f062f51265	2024-04-20T22:32:26Z	Chenspec	CC BY-SA 4.0	https://creativecommons.org/licenses/by-sa/4.0	true	raw/0084_metadata_0720_a1.response	89a266a9bd014690e660bf625d93add7a23eeda6c56125308344281a33435a33
72565803	water	File:Katadyn BeFree Water Bottle 0.1-micron Hollow Fiber Filter (42691095220).jpg	https://commons.wikimedia.org/wiki/File:Katadyn_BeFree_Water_Bottle_0.1-micron_Hollow_Fiber_Filter_(42691095220).jpg	d295cf5dbe46c9ca1efdab54d3bfb0b4a0613365	2018-09-08T19:58:04Z	Tony Webster from Minneapolis, Minnesota, United States	CC BY 2.0	https://creativecommons.org/licenses/by/2.0	true	raw/0084_metadata_0720_a1.response	89a266a9bd014690e660bf625d93add7a23eeda6c56125308344281a33435a33
16035172	water	File:Wasserglas mit Rosenblüte.JPG	https://commons.wikimedia.org/wiki/File:Wasserglas_mit_Rosenbl%C3%BCte.JPG	46cd2a210efce5114e88cf28a685d020682fd03e	2011-08-08T20:04:55Z	4028mdk09	CC BY-SA 3.0	https://creativecommons.org/licenses/by-sa/3.0	true	raw/0084_metadata_0720_a1.response	89a266a9bd014690e660bf625d93add7a23eeda6c56125308344281a33435a33
45647697	water	File:Hot water bottle with a handle, made from a 25 pounder shell case.JPG	https://commons.wikimedia.org/wiki/File:Hot_water_bottle_with_a_handle,_made_from_a_25_pounder_shell_case.JPG	4d04968a925b071e5120d4d8252e7a8ffffd6d94	2015-12-15T15:49:29Z	KingaNBM	CC BY-SA 4.0	https://creativecommons.org/licenses/by-sa/4.0	true	raw/0085_metadata_0730_a1.response	6485074629550949743c45cc32c0d4219e171c958281dccf20cbfbd963615802
99384605	water	File:Une bouteille d'eau.jpg	https://commons.wikimedia.org/wiki/File:Une_bouteille_d%27eau.jpg	a0714d3831b1e0e4734a25e04a274460deb83a6a	2021-01-29T12:02:35Z	LOUALIRAOUFL3	CC BY-SA 4.0	https://creativecommons.org/licenses/by-sa/4.0	true	raw/0085_metadata_0730_a1.response	6485074629550949743c45cc32c0d4219e171c958281dccf20cbfbd963615802
115671471	water	File:Boire de l’eau.jpg	https://commons.wikimedia.org/wiki/File:Boire_de_l%E2%80%99eau.jpg	b843f16d90b3586d5d7ca709a0a00b718dfc93f6	2022-03-01T14:29:34Z	JN PICTURE	CC BY-SA 4.0	https://creativecommons.org/licenses/by-sa/4.0	true	raw/0085_metadata_0730_a1.response	6485074629550949743c45cc32c0d4219e171c958281dccf20cbfbd963615802
87739910	water	File:20200217 121137 Mount Popa Mandalay Region Myanmar anagoria.jpg	https://commons.wikimedia.org/wiki/File:20200217_121137_Mount_Popa_Mandalay_Region_Myanmar_anagoria.jpg	1e0236244e9a25bce7c6a93cb4d80a5f8988df0c	2020-03-06T11:33:10Z	Anagoria	CC BY 3.0	https://creativecommons.org/licenses/by/3.0	true	raw/0085_metadata_0730_a1.response	6485074629550949743c45cc32c0d4219e171c958281dccf20cbfbd963615802
147571434	water	File:Empty Shabbat table installation in Hostages and Missing Square, March 2024 13.jpg	https://commons.wikimedia.org/wiki/File:Empty_Shabbat_table_installation_in_Hostages_and_Missing_Square,_March_2024_13.jpg	841c090fe497d89e344ca083576a38b3b431d8d7	2024-04-20T22:32:35Z	Chenspec	CC BY-SA 4.0	https://creativecommons.org/licenses/by-sa/4.0	true	raw/0085_metadata_0730_a1.response	6485074629550949743c45cc32c0d4219e171c958281dccf20cbfbd963615802
140997629	water	File:Panda water bottle.jpg	https://commons.wikimedia.org/wiki/File:Panda_water_bottle.jpg	b608ecdb1a11c8f2b5c77ae61faa8f785025b8e1	2023-11-18T00:40:39Z	Arun D cruze	CC0	http://creativecommons.org/publicdomain/zero/1.0/deed.en	false	raw/0085_metadata_0730_a1.response	6485074629550949743c45cc32c0d4219e171c958281dccf20cbfbd963615802
175781401	water	File:Water Bottles Image (cropped).png	https://commons.wikimedia.org/wiki/File:Water_Bottles_Image_(cropped).png	d8fc4a6835ada825348f2326667122031a3e7157	2025-09-29T06:16:29Z	Thad Zajdowicz	CC0	http://creativecommons.org/publicdomain/zero/1.0/deed.en	false	raw/0085_metadata_0730_a1.response	6485074629550949743c45cc32c0d4219e171c958281dccf20cbfbd963615802
194908684	water	File:USNH Yokosuka, ASBBC Okinawa Strengthen Indo-Pacific Readiness with 2026 Blood Drive (9589432).jpg	https://commons.wikimedia.org/wiki/File:USNH_Yokosuka,_ASBBC_Okinawa_Strengthen_Indo-Pacific_Readiness_with_2026_Blood_Drive_(9589432).jpg	732381916872171336baeebb0aefbf129e1d7e17	2026-06-30T22:13:09Z	Daniel Taylor	Public domain		false	raw/0085_metadata_0730_a1.response	6485074629550949743c45cc32c0d4219e171c958281dccf20cbfbd963615802
19516739	water	File:Chapters Conference 2011 - WMDE offices, Berlin 13.jpg	https://commons.wikimedia.org/wiki/File:Chapters_Conference_2011_-_WMDE_offices,_Berlin_13.jpg	41954159431e4a8a64e6aa5ff7fde18f2cc48d54	2012-05-20T16:56:04Z	Photograph by Mike Peel (www.mikepeel.net).	CC BY-SA 4.0	https://creativecommons.org/licenses/by-sa/4.0	true	raw/0085_metadata_0730_a1.response	6485074629550949743c45cc32c0d4219e171c958281dccf20cbfbd963615802
116259243	water	File:WORK C.jpg	https://commons.wikimedia.org/wiki/File:WORK_C.jpg	09c5863b72669c69dab57f331372578a7daa683d	2022-03-21T11:26:14Z	GapHooH	CC BY-SA 4.0	https://creativecommons.org/licenses/by-sa/4.0	true	raw/0085_metadata_0730_a1.response	6485074629550949743c45cc32c0d4219e171c958281dccf20cbfbd963615802
17474722	water	File:What's normal in Benghazi - Flickr - Al Jazeera English.jpg	https://commons.wikimedia.org/wiki/File:What%27s_normal_in_Benghazi_-_Flickr_-_Al_Jazeera_English.jpg	3753f7bf283475dbdb18b8d54b66da2458b96bf9	2011-11-25T15:53:27Z	Al Jazeera English	CC BY-SA 2.0	https://creativecommons.org/licenses/by-sa/2.0	true	raw/0086_metadata_0740_a1.response	5184cc870b58119f6813c32b6d08dbca41cca3a38c5f9daf1006b70f9c23c81b
51197117	water	File:Hungary Fortepan 89887.jpg	https://commons.wikimedia.org/wiki/File:Hungary_Fortepan_89887.jpg	c4b3ce3a8291b2906fb880424bbb80bc831b8ded	2016-09-07T03:53:52Z	FOTO:Fortepan — ID 89887: Adományozó/Donor: Urbán Tamás.	CC BY-SA 3.0	https://creativecommons.org/licenses/by-sa/3.0	true	raw/0086_metadata_0740_a1.response	5184cc870b58119f6813c32b6d08dbca41cca3a38c5f9daf1006b70f9c23c81b
119255117	water	File:Carnival-in-Venice-mask on car backseat with stuff.jpg	https://commons.wikimedia.org/wiki/File:Carnival-in-Venice-mask_on_car_backseat_with_stuff.jpg	c4e59e8346126fea2475cd292a77516aeb26a544	2022-06-13T18:31:51Z	Pittigrilli	CC BY-SA 4.0	https://creativecommons.org/licenses/by-sa/4.0	true	raw/0086_metadata_0740_a1.response	5184cc870b58119f6813c32b6d08dbca41cca3a38c5f9daf1006b70f9c23c81b
149213654	water	File:Special Curry @ Minoringo @ Harajuku (14270017611).jpg	https://commons.wikimedia.org/wiki/File:Special_Curry_@_Minoringo_@_Harajuku_(14270017611).jpg	0ac8fbf34e4e27e4cf8eac0da4f875ef58ce8c53	2024-06-09T18:55:19Z	Guilhem Vellut from Annecy, France	CC BY 2.0	https://creativecommons.org/licenses/by/2.0	true	raw/0086_metadata_0740_a1.response	5184cc870b58119f6813c32b6d08dbca41cca3a38c5f9daf1006b70f9c23c81b
146469966	water	File:Water & light (17863980610).jpg	https://commons.wikimedia.org/wiki/File:Water_%26_light_(17863980610).jpg	904f78f7cec031ea085bfab36cce15b273306364	2024-03-16T22:38:24Z	anjali-photography from amsterdam, netherlands	CC BY 2.0	https://creativecommons.org/licenses/by/2.0	true	raw/0086_metadata_0740_a1.response	5184cc870b58119f6813c32b6d08dbca41cca3a38c5f9daf1006b70f9c23c81b
154775347	water	File:康师傅喝开水（2024年10月28日）.jpg	https://commons.wikimedia.org/wiki/File:%E5%BA%B7%E5%B8%88%E5%82%85%E5%96%9D%E5%BC%80%E6%B0%B4%EF%BC%882024%E5%B9%B410%E6%9C%8828%E6%97%A5%EF%BC%89.jpg	5a9a9d6e19c0534e6e4b46b9840fb73b6b87aeed	2024-11-01T11:23:58Z	メイド理世	CC BY-SA 4.0	https://creativecommons.org/licenses/by-sa/4.0	true	raw/0086_metadata_0740_a1.response	5184cc870b58119f6813c32b6d08dbca41cca3a38c5f9daf1006b70f9c23c81b
149191327	water	File:Katsu Curry @ Curry House CoCo Ichibanya @ Komagome (10862820516).jpg	https://commons.wikimedia.org/wiki/File:Katsu_Curry_@_Curry_House_CoCo_Ichibanya_@_Komagome_(10862820516).jpg	2c452847d728dc1d71fe049a97f6f341f4a0e9ec	2024-06-08T22:56:41Z	Guilhem Vellut from Annecy, France	CC BY 2.0	https://creativecommons.org/licenses/by/2.0	true	raw/0086_metadata_0740_a1.response	5184cc870b58119f6813c32b6d08dbca41cca3a38c5f9daf1006b70f9c23c81b
84671933	water	File:Smart Water Bottles for Backpacking (49051419833).jpg	https://commons.wikimedia.org/wiki/File:Smart_Water_Bottles_for_Backpacking_(49051419833).jpg	76fed22effcb75f3178a4d39f6acfc4b0812fa4e	2019-12-07T00:26:43Z	Tony Webster from Minneapolis, Minnesota, United States	CC BY 2.0	https://creativecommons.org/licenses/by/2.0	true	raw/0086_metadata_0740_a1.response	5184cc870b58119f6813c32b6d08dbca41cca3a38c5f9daf1006b70f9c23c81b
147571775	water	File:Empty Shabbat table installation in Hostages and Missing Square, March 2024 30.jpg	https://commons.wikimedia.org/wiki/File:Empty_Shabbat_table_installation_in_Hostages_and_Missing_Square,_March_2024_30.jpg	2e5c7d1b1c5b0c1f40395c11c18df6d53577fdeb	2024-04-20T22:50:14Z	Chenspec	CC BY-SA 4.0	https://creativecommons.org/licenses/by-sa/4.0	true	raw/0086_metadata_0740_a1.response	5184cc870b58119f6813c32b6d08dbca41cca3a38c5f9daf1006b70f9c23c81b
147571777	water	File:Empty Shabbat table installation in Hostages and Missing Square, March 2024 31.jpg	https://commons.wikimedia.org/wiki/File:Empty_Shabbat_table_installation_in_Hostages_and_Missing_Square,_March_2024_31.jpg	7ad56e41879f19731e2dd13b4690870882074b57	2024-04-20T22:50:17Z	Chenspec	CC BY-SA 4.0	https://creativecommons.org/licenses/by-sa/4.0	true	raw/0086_metadata_0740_a1.response	5184cc870b58119f6813c32b6d08dbca41cca3a38c5f9daf1006b70f9c23c81b
25114175	water	File:Compin -TGV Sud-Est 06 (2eme Classe).jpg	https://commons.wikimedia.org/wiki/File:Compin_-TGV_Sud-Est_06_(2eme_Classe).jpg	3a45bf15dc782a2c669da82918829a940fa908a7	2013-03-14T09:48:13Z	Compin Group	CC BY-SA 3.0	https://creativecommons.org/licenses/by-sa/3.0	true	raw/0087_metadata_0750_a1.response	4703da61fdf121e339b199164850bc9bf9fd777ba8960657de5ddf13573fa82c
134155121	water	File:Montreal, Quebec, Canada - 008.jpg	https://commons.wikimedia.org/wiki/File:Montreal,_Quebec,_Canada_-_008.jpg	9caf2e32745f828f8eced5626b65489b67a19e8e	2023-07-09T01:04:13Z	Wilfredor	CC0	http://creativecommons.org/publicdomain/zero/1.0/deed.en	false	raw/0087_metadata_0750_a1.response	4703da61fdf121e339b199164850bc9bf9fd777ba8960657de5ddf13573fa82c
49442249	water	File:Save water save life.jpg	https://commons.wikimedia.org/wiki/File:Save_water_save_life.jpg	f3d93af428f5ea26508d593dae674ceec3caf600	2016-06-14T07:08:58Z	Rathin Dey	CC BY-SA 4.0	https://creativecommons.org/licenses/by-sa/4.0	true	raw/0087_metadata_0750_a1.response	4703da61fdf121e339b199164850bc9bf9fd777ba8960657de5ddf13573fa82c
189856089	water	File:Sensor faucet in a hotel room.webm	https://commons.wikimedia.org/wiki/File:Sensor_faucet_in_a_hotel_room.webm	053b46d91bb5712280f137acd8137cd80836a131	2026-04-20T15:29:58Z	Raimond Spekking	CC BY-SA 4.0	https://creativecommons.org/licenses/by-sa/4.0	true	raw/0087_metadata_0750_a1.response	4703da61fdf121e339b199164850bc9bf9fd777ba8960657de5ddf13573fa82c
52441003	water	File:TS 2016-07-13-2868 (28209400681).jpg	https://commons.wikimedia.org/wiki/File:TS_2016-07-13-2868_(28209400681).jpg	46a4e7438c53ed09be043ea5a8e5f6aae20f5921	2016-10-22T19:21:47Z	teteria sonnna from Obukhiv, Ukraine	CC BY 2.0	https://creativecommons.org/licenses/by/2.0	true	raw/0087_metadata_0750_a1.response	4703da61fdf121e339b199164850bc9bf9fd777ba8960657de5ddf13573fa82c
130927338	water	File:Stainless steel water bottle.jpg	https://commons.wikimedia.org/wiki/File:Stainless_steel_water_bottle.jpg	9de6a23631881035e372e85b12d30c8bb577534e	2023-04-20T23:37:59Z	Corn cheese	CC BY-SA 4.0	https://creativecommons.org/licenses/by-sa/4.0	true	raw/0087_metadata_0750_a1.response	4703da61fdf121e339b199164850bc9bf9fd777ba8960657de5ddf13573fa82c
163917320	water	File:موية صافية.jpg	https://commons.wikimedia.org/wiki/File:%D9%85%D9%88%D9%8A%D8%A9_%D8%B5%D8%A7%D9%81%D9%8A%D8%A9.jpg	ae98232687d57942c832c5ce32e091774ae4dde3	2025-04-21T13:32:35Z	Fatima exceptional	CC0	http://creativecommons.org/publicdomain/zero/1.0/deed.en	false	raw/0087_metadata_0750_a1.response	4703da61fdf121e339b199164850bc9bf9fd777ba8960657de5ddf13573fa82c
19516744	water	File:Chapters Conference 2011 - WMDE offices, Berlin 14.jpg	https://commons.wikimedia.org/wiki/File:Chapters_Conference_2011_-_WMDE_offices,_Berlin_14.jpg	116a7ba8e360fa187d91dd5077041e927de62b9d	2012-05-20T16:56:32Z	Photograph by Mike Peel (www.mikepeel.net).	CC BY-SA 4.0	https://creativecommons.org/licenses/by-sa/4.0	true	raw/0087_metadata_0750_a1.response	4703da61fdf121e339b199164850bc9bf9fd777ba8960657de5ddf13573fa82c
19133751	water	File:Glass Water Bottle.JPG	https://commons.wikimedia.org/wiki/File:Glass_Water_Bottle.JPG	0ea4c04d6f37cfc98e93b1e1a7d4a96fc5ae2897	2012-04-18T14:21:58Z	Amraepowell	CC BY-SA 3.0	https://creativecommons.org/licenses/by-sa/3.0	true	raw/0087_metadata_0750_a1.response	4703da61fdf121e339b199164850bc9bf9fd777ba8960657de5ddf13573fa82c
92002708	water	File:Water NOVA Logo.png	https://commons.wikimedia.org/wiki/File:Water_NOVA_Logo.png	2177e2ec2dcde1143288ee619734286eb764884a	2020-07-07T16:48:19Z	Aziz bm	CC BY-SA 4.0	https://creativecommons.org/licenses/by-sa/4.0	true	raw/0087_metadata_0750_a1.response	4703da61fdf121e339b199164850bc9bf9fd777ba8960657de5ddf13573fa82c
158945925	water	File:WaterSupply 0023 (50059067988).jpg	https://commons.wikimedia.org/wiki/File:WaterSupply_0023_(50059067988).jpg	981bd53ba92ac05f858833427b0a2cbf09f9cbb6	2025-02-02T01:11:50Z	usepagov	Public domain		false	raw/0088_metadata_0760_a1.response	034b6398d12319c127bdde4d432a1b4c6beb7af5a9b0bf32d74fddb37e3c8ad7
149205874	water	File:Shio Ramen @ Ramen Condor @ Nishi-Shinjuku (13923228707).jpg	https://commons.wikimedia.org/wiki/File:Shio_Ramen_@_Ramen_Condor_@_Nishi-Shinjuku_(13923228707).jpg	32330af3a04a20423ce97860563882decbb75b78	2024-06-09T14:17:59Z	Guilhem Vellut from Annecy, France	CC BY 2.0	https://creativecommons.org/licenses/by/2.0	true	raw/0088_metadata_0760_a1.response	034b6398d12319c127bdde4d432a1b4c6beb7af5a9b0bf32d74fddb37e3c8ad7
147571771	water	File:Empty Shabbat table installation in Hostages and Missing Square, March 2024 26.jpg	https://commons.wikimedia.org/wiki/File:Empty_Shabbat_table_installation_in_Hostages_and_Missing_Square,_March_2024_26.jpg	f5c18a1d1edbacf57487d624acf73e12b639c2ca	2024-04-20T22:50:09Z	Chenspec	CC BY-SA 4.0	https://creativecommons.org/licenses/by-sa/4.0	true	raw/0088_metadata_0760_a1.response	034b6398d12319c127bdde4d432a1b4c6beb7af5a9b0bf32d74fddb37e3c8ad7
14613537	water	File:BlueRepublicBottles.jpg	https://commons.wikimedia.org/wiki/File:BlueRepublicBottles.jpg	5e070721c82ac36c8a7a97091f5eddbeb65f7352	2011-03-15T16:24:29Z	Madzonga	CC BY 3.0	https://creativecommons.org/licenses/by/3.0	true	raw/0088_metadata_0760_a1.response	034b6398d12319c127bdde4d432a1b4c6beb7af5a9b0bf32d74fddb37e3c8ad7
11510339	water	File:Earthen Mib'khar'ah, and China Do'ruck. (1836) - TIMEA.jpg	https://commons.wikimedia.org/wiki/File:Earthen_Mib%27khar%27ah,_and_China_Do%27ruck._(1836)_-_TIMEA.jpg	095bb97ef91145df2aa21dba85745b5e6ca5d946	2010-09-17T07:37:12Z	Lane, E. W. (Edward William), 1801-1876	CC BY-SA 2.5	https://creativecommons.org/licenses/by-sa/2.5	true	raw/0088_metadata_0760_a1.response	034b6398d12319c127bdde4d432a1b4c6beb7af5a9b0bf32d74fddb37e3c8ad7
149191728	water	File:Curry Up @ Jingumae (11932313856).jpg	https://commons.wikimedia.org/wiki/File:Curry_Up_@_Jingumae_(11932313856).jpg	084845d7dbc81dd1218a55b18ac8489c4a0905af	2024-06-08T23:21:18Z	Guilhem Vellut from Annecy, France	CC BY 2.0	https://creativecommons.org/licenses/by/2.0	true	raw/0088_metadata_0760_a1.response	034b6398d12319c127bdde4d432a1b4c6beb7af5a9b0bf32d74fddb37e3c8ad7
84318667	water	File:Botol minum.jpg	https://commons.wikimedia.org/wiki/File:Botol_minum.jpg	c08d5094eb91e5c276abe68a43206bc0e26eaf7e	2019-11-24T14:19:02Z	Elicefa	CC BY-SA 4.0	https://creativecommons.org/licenses/by-sa/4.0	true	raw/0088_metadata_0760_a1.response	034b6398d12319c127bdde4d432a1b4c6beb7af5a9b0bf32d74fddb37e3c8ad7
69576632	water	File:SodaStream Crystal 2.0.jpg	https://commons.wikimedia.org/wiki/File:SodaStream_Crystal_2.0.jpg	939c26881d4361b34ce4eb6d5f8b17cb91a993da	2018-05-30T23:32:14Z	Wassersprudler.de	CC BY-SA 4.0	https://creativecommons.org/licenses/by-sa/4.0	true	raw/0088_metadata_0760_a1.response	034b6398d12319c127bdde4d432a1b4c6beb7af5a9b0bf32d74fddb37e3c8ad7
56779990	water	File:Steilstrecke- Steigung sichtbar gemacht mit einer Wasserflasche.jpg	https://commons.wikimedia.org/wiki/File:Steilstrecke-_Steigung_sichtbar_gemacht_mit_einer_Wasserflasche.jpg	9c229fda3dd8b6f13e082cf7b8536d2753421f6c	2017-03-03T16:48:28Z	DeMomo	CC BY-SA 4.0	https://creativecommons.org/licenses/by-sa/4.0	true	raw/0088_metadata_0760_a1.response	034b6398d12319c127bdde4d432a1b4c6beb7af5a9b0bf32d74fddb37e3c8ad7
11053171	water	File:Forpus coelestis -pet perching on glass of iced water-8a.jpg	https://commons.wikimedia.org/wiki/File:Forpus_coelestis_-pet_perching_on_glass_of_iced_water-8a.jpg	ad54d2f689c8df13aa1d9f9b4d67019698ce98f3	2010-07-31T12:52:47Z	Rob Speed from Bethesda, MD, USA	CC BY-SA 2.0	https://creativecommons.org/licenses/by-sa/2.0	true	raw/0088_metadata_0760_a1.response	034b6398d12319c127bdde4d432a1b4c6beb7af5a9b0bf32d74fddb37e3c8ad7
129384079	water	File:Onion steak as a convenience meal.jpg	https://commons.wikimedia.org/wiki/File:Onion_steak_as_a_convenience_meal.jpg	5e273713c17547233b90a53a9a73f34732a69874	2023-03-08T00:48:55Z	JIP	CC BY-SA 4.0	https://creativecommons.org/licenses/by-sa/4.0	true	raw/0089_metadata_0770_a1.response	edd498f7f8182bce5bd91bb9cbe3e812293af0bfdab8b0beaef337043dffda5c
5204599	water	File:2008-09-20 Dirty water spilling from a bottle.jpg	https://commons.wikimedia.org/wiki/File:2008-09-20_Dirty_water_spilling_from_a_bottle.jpg	161c0e620a4f0e5af67d3051cc613a9e3d0d71d9	2008-11-15T05:07:16Z	Ildar Sagdejev (Specious)	CC BY-SA 4.0	https://creativecommons.org/licenses/by-sa/4.0	true	raw/0089_metadata_0770_a1.response	edd498f7f8182bce5bd91bb9cbe3e812293af0bfdab8b0beaef337043dffda5c
98088352	water	File:Bouteille-isotherme-inox.jpg	https://commons.wikimedia.org/wiki/File:Bouteille-isotherme-inox.jpg	8540c248c27a8bdd0c3f5e4bb1046d1402058b9e	2020-12-26T13:32:41Z	Intelligence Écologique	CC BY-SA 4.0	https://creativecommons.org/licenses/by-sa/4.0	true	raw/0089_metadata_0770_a1.response	edd498f7f8182bce5bd91bb9cbe3e812293af0bfdab8b0beaef337043dffda5c
4678275	water	File:Seltersflasche Nassau.JPG	https://commons.wikimedia.org/wiki/File:Seltersflasche_Nassau.JPG	53e07cff28e0e99d7dd31195612edf45dac0e56e	2008-09-01T21:30:41Z	Volker Thies (Asdrubal)	CC BY-SA 3.0	http://creativecommons.org/licenses/by-sa/3.0/	true	raw/0089_metadata_0770_a1.response	edd498f7f8182bce5bd91bb9cbe3e812293af0bfdab8b0beaef337043dffda5c
39996171	water	File:Mississippi Army National Guard soldiers re-enlist with Gen. David Petraeus on July 4th at Kandahar Airfield DVIDS423557.jpg	https://commons.wikimedia.org/wiki/File:Mississippi_Army_National_Guard_soldiers_re-enlist_with_Gen._David_Petraeus_on_July_4th_at_Kandahar_Airfield_DVIDS423557.jpg	6b686a32d2cf7ebf5aceaec17321045b7de6dded	2015-05-05T18:00:44Z	Capt. Andrew Adcock	Public domain		false	raw/0089_metadata_0770_a1.response	edd498f7f8182bce5bd91bb9cbe3e812293af0bfdab8b0beaef337043dffda5c
149206271	water	File:Miso Ramen @ Oyaji @ Machida (14018964487).jpg	https://commons.wikimedia.org/wiki/File:Miso_Ramen_@_Oyaji_@_Machida_(14018964487).jpg	161560c0563199eae5dfed6b8906f8fe1eb29558	2024-06-09T14:31:55Z	Guilhem Vellut from Annecy, France	CC BY 2.0	https://creativecommons.org/licenses/by/2.0	true	raw/0089_metadata_0770_a1.response	edd498f7f8182bce5bd91bb9cbe3e812293af0bfdab8b0beaef337043dffda5c
149191919	water	File:Red Curry Ramen @ Minowa @ Roppongi (12406936074).jpg	https://commons.wikimedia.org/wiki/File:Red_Curry_Ramen_@_Minowa_@_Roppongi_(12406936074).jpg	133e71f90a2c9361190585dddbc858d6435f2a7b	2024-06-08T23:32:13Z	Guilhem Vellut from Annecy, France	CC BY 2.0	https://creativecommons.org/licenses/by/2.0	true	raw/0089_metadata_0770_a1.response	edd498f7f8182bce5bd91bb9cbe3e812293af0bfdab8b0beaef337043dffda5c
133415699	water	File:Coins and objects at the base of Creu de Sant Miquel, Montserrat, 2023.jpg	https://commons.wikimedia.org/wiki/File:Coins_and_objects_at_the_base_of_Creu_de_Sant_Miquel,_Montserrat,_2023.jpg	4b968f43dd6bb47007b80c23cd84861f54158e7f	2023-06-21T19:39:03Z	DimiTalen	CC0	http://creativecommons.org/publicdomain/zero/1.0/deed.en	false	raw/0089_metadata_0770_a1.response	edd498f7f8182bce5bd91bb9cbe3e812293af0bfdab8b0beaef337043dffda5c
23699860	water	File:Conformal Cats (8074241727).jpg	https://commons.wikimedia.org/wiki/File:Conformal_Cats_(8074241727).jpg	f9026f17bbfa5e2a57c40c23809b125fde65f071	2013-01-08T19:56:53Z	Steve Jurvetson from Menlo Park, USA	CC BY 2.0	https://creativecommons.org/licenses/by/2.0	true	raw/0089_metadata_0770_a1.response	edd498f7f8182bce5bd91bb9cbe3e812293af0bfdab8b0beaef337043dffda5c
21918859	water	File:Traditional Ethiopian Water Bottle (2131590933).jpg	https://commons.wikimedia.org/wiki/File:Traditional_Ethiopian_Water_Bottle_(2131590933).jpg	f65e80320ba3e802cf957598af840a049b22b489	2012-10-05T17:07:55Z	A. Davey from Where I Live Now: Pacific Northwest	CC BY 2.0	https://creativecommons.org/licenses/by/2.0	true	raw/0089_metadata_0770_a1.response	edd498f7f8182bce5bd91bb9cbe3e812293af0bfdab8b0beaef337043dffda5c
11513464	water	File:Water-bottle (Do-rucks) (1836) - TIMEA.jpg	https://commons.wikimedia.org/wiki/File:Water-bottle_(Do-rucks)_(1836)_-_TIMEA.jpg	1439442f0a7d5654d2a130a2c8e240900466c2ff	2010-09-17T12:19:41Z	Lane, E. W. (Edward William), 1801-1876	CC BY-SA 2.5	https://creativecommons.org/licenses/by-sa/2.5	true	raw/0090_metadata_0780_a1.response	d9d0da3c540e401199605f5dfea9c8f8516ebdf73b543017cfb6e42a895e99fe
119296348	water	File:Carnival-in-Venice-mask on car backseat with stuff and reflection of photographer and trees.jpg	https://commons.wikimedia.org/wiki/File:Carnival-in-Venice-mask_on_car_backseat_with_stuff_and_reflection_of_photographer_and_trees.jpg	c631c4791bec0512540704255410fc6c3e5bc802	2022-06-14T23:47:47Z	Pittigrilli	CC BY-SA 4.0	https://creativecommons.org/licenses/by-sa/4.0	true	raw/0090_metadata_0780_a1.response	d9d0da3c540e401199605f5dfea9c8f8516ebdf73b543017cfb6e42a895e99fe
106578995	water	File:EM Water Bottle (1).jpg	https://commons.wikimedia.org/wiki/File:EM_Water_Bottle_(1).jpg	32426e9124b5c0b5d8776731f49763c071722c6b	2021-06-14T17:39:05Z	Dragonrider8752	CC BY-SA 4.0	https://creativecommons.org/licenses/by-sa/4.0	true	raw/0090_metadata_0780_a1.response	d9d0da3c540e401199605f5dfea9c8f8516ebdf73b543017cfb6e42a895e99fe
90949639	water	File:Distributing free water at the San Mateo Black Lives Matter protest, June 3, 2020.jpg	https://commons.wikimedia.org/wiki/File:Distributing_free_water_at_the_San_Mateo_Black_Lives_Matter_protest,_June_3,_2020.jpg	2a472637e9de7686c39f586391cb5b82581920e4	2020-06-04T19:00:36Z	Serenewilliams	CC BY-SA 4.0	https://creativecommons.org/licenses/by-sa/4.0	true	raw/0090_metadata_0780_a1.response	d9d0da3c540e401199605f5dfea9c8f8516ebdf73b543017cfb6e42a895e99fe
44756843	water	File:Туман и лазер.JPG	https://commons.wikimedia.org/wiki/File:%D0%A2%D1%83%D0%BC%D0%B0%D0%BD_%D0%B8_%D0%BB%D0%B0%D0%B7%D0%B5%D1%80.JPG	868ebecd4c786b711c5808bcd98d7327d9254a8f	2015-11-03T22:01:39Z	SombraDeAcero	CC BY-SA 4.0	https://creativecommons.org/licenses/by-sa/4.0	true	raw/0090_metadata_0780_a1.response	d9d0da3c540e401199605f5dfea9c8f8516ebdf73b543017cfb6e42a895e99fe
27485258	water	File:Water bottle map symbol.svg	https://commons.wikimedia.org/wiki/File:Water_bottle_map_symbol.svg	891199bcbaba970c2f96d2b3f0f5c31d71c2d8f0	2013-07-29T18:56:17Z	Nanodudek	CC BY-SA 3.0	https://creativecommons.org/licenses/by-sa/3.0	true	raw/0090_metadata_0780_a1.response	d9d0da3c540e401199605f5dfea9c8f8516ebdf73b543017cfb6e42a895e99fe
145036933	water	File:Sepoy & Co. bottles.jpg	https://commons.wikimedia.org/wiki/File:Sepoy_%26_Co._bottles.jpg	70a1ececbac7df2bef1e162c0280adcc776eb218	2024-02-05T16:01:27Z	Vis M	CC BY-SA 4.0	https://creativecommons.org/licenses/by-sa/4.0	true	raw/0090_metadata_0780_a1.response	d9d0da3c540e401199605f5dfea9c8f8516ebdf73b543017cfb6e42a895e99fe
51969756	water	File:Water splashing out of a full clear, glass cup. (15055172195).jpg	https://commons.wikimedia.org/wiki/File:Water_splashing_out_of_a_full_clear,_glass_cup._(15055172195).jpg	a774cec2cbcd9ee088e3715e04d563c6597ab635	2016-10-01T04:37:41Z	USEPA Environmental-Protection-Agency	Public domain		false	raw/0090_metadata_0780_a1.response	d9d0da3c540e401199605f5dfea9c8f8516ebdf73b543017cfb6e42a895e99fe
10746967	water	File:Drinking.jpg	https://commons.wikimedia.org/wiki/File:Drinking.jpg	9e956943c3265323b98e27717187b9241cfeec47	2010-06-27T23:44:23Z	Bengt Nyman	CC BY 2.0	https://creativecommons.org/licenses/by/2.0	true	raw/0090_metadata_0780_a1.response	d9d0da3c540e401199605f5dfea9c8f8516ebdf73b543017cfb6e42a895e99fe
772422	water	File:Brausetablette.JPG	https://commons.wikimedia.org/wiki/File:Brausetablette.JPG	dcfefdbb06e1322c75e46be977c543723576aef7	2006-10-17T08:42:54Z	Stefanie Wulf /Silberchen	CC BY-SA 3.0	http://creativecommons.org/licenses/by-sa/3.0/	true	raw/0090_metadata_0780_a1.response	d9d0da3c540e401199605f5dfea9c8f8516ebdf73b543017cfb6e42a895e99fe
149191597	water	File:Tonkotsu Gyokai Tsukemen @ Mamiana @ Ikebukuro (11546744895).jpg	https://commons.wikimedia.org/wiki/File:Tonkotsu_Gyokai_Tsukemen_@_Mamiana_@_Ikebukuro_(11546744895).jpg	d50589c08dd803809b68c25d24666054d52949f1	2024-06-08T23:13:37Z	Guilhem Vellut from Annecy, France	CC BY 2.0	https://creativecommons.org/licenses/by/2.0	true	raw/0091_metadata_0790_a1.response	6cf8174de09f32ee868604e9f69962bc7606453c79fb254d8d3f6c9e66454034
110517732	water	File:Pantemerke på en 0,75 L Vitamineral Water flaske fra Estland.jpg	https://commons.wikimedia.org/wiki/File:Pantemerke_p%C3%A5_en_0,75_L_Vitamineral_Water_flaske_fra_Estland.jpg	f7f01e8bb156fc67d9211570dcb4aa90b9ff69f6	2021-09-28T12:38:20Z	Herbjørn Skretting	CC BY-SA 4.0	https://creativecommons.org/licenses/by-sa/4.0	true	raw/0091_metadata_0790_a1.response	6cf8174de09f32ee868604e9f69962bc7606453c79fb254d8d3f6c9e66454034
12665969	water	File:Cartersburg crystal bottle 1.JPG	https://commons.wikimedia.org/wiki/File:Cartersburg_crystal_bottle_1.JPG	d48aa2a8cb4d18ad6d0d60033a54915d0dfa1f56	2011-01-11T20:21:59Z	Lout1000	CC BY-SA 3.0	https://creativecommons.org/licenses/by-sa/3.0	true	raw/0091_metadata_0790_a1.response	6cf8174de09f32ee868604e9f69962bc7606453c79fb254d8d3f6c9e66454034
15837183	water	File:Bag-In-Box closeup.jpg	https://commons.wikimedia.org/wiki/File:Bag-In-Box_closeup.jpg	f6d94be87f3c1f2827d3d482937b6dafcab10d6f	2011-07-19T01:17:51Z	Ktr101	CC BY-SA 4.0	https://creativecommons.org/licenses/by-sa/4.0	true	raw/0091_metadata_0790_a1.response	6cf8174de09f32ee868604e9f69962bc7606453c79fb254d8d3f6c9e66454034
194586197	water	File:JP 日本 Japan 京都 Kyoto 四条通 Shijo Dori 酒店 Hotel Forza 樽裝水 water bottles Ampersand Nature 338ml June 2026 N13P 02.jpg	https://commons.wikimedia.org/wiki/File:JP_%E6%97%A5%E6%9C%AC_Japan_%E4%BA%AC%E9%83%BD_Kyoto_%E5%9B%9B%E6%9D%A1%E9%80%9A_Shijo_Dori_%E9%85%92%E5%BA%97_Hotel_Forza_%E6%A8%BD%E8%A3%9D%E6%B0%B4_water_bottles_Ampersand_Nature_338ml_June_2026_N13P_02.jpg	163bdcac478bd5f4835640e3f33a126afca284f8	2026-06-26T12:54:53Z	TKdows 2026	CC0	http://creativecommons.org/publicdomain/zero/1.0/deed.en	false	raw/0091_metadata_0790_a1.response	6cf8174de09f32ee868604e9f69962bc7606453c79fb254d8d3f6c9e66454034
149180574	water	File:202406011654 IMG 0187.jpg	https://commons.wikimedia.org/wiki/File:202406011654_IMG_0187.jpg	db0ba3b084e5f608ecd029fa888065155eb995a8	2024-06-08T14:40:00Z	ウィ貴公子	CC BY-SA 4.0	https://creativecommons.org/licenses/by-sa/4.0	true	raw/0091_metadata_0790_a1.response	6cf8174de09f32ee868604e9f69962bc7606453c79fb254d8d3f6c9e66454034
37314224	water	File:Easy being green.jpg	https://commons.wikimedia.org/wiki/File:Easy_being_green.jpg	43fba422604c629c9f4588b024c98c503245ac1b	2014-12-15T21:09:29Z	Karen at Mason Jars	CC BY-SA 4.0	https://creativecommons.org/licenses/by-sa/4.0	true	raw/0091_metadata_0790_a1.response	6cf8174de09f32ee868604e9f69962bc7606453c79fb254d8d3f6c9e66454034
149191353	water	File:Tsukemen @ KING KONG @ Ikebukuro (11043492236).jpg	https://commons.wikimedia.org/wiki/File:Tsukemen_@_KING_KONG_@_Ikebukuro_(11043492236).jpg	3114cfb38601b848115bc6cea1799ca0a94d7c85	2024-06-08T22:58:33Z	Guilhem Vellut from Annecy, France	CC BY 2.0	https://creativecommons.org/licenses/by/2.0	true	raw/0091_metadata_0790_a1.response	6cf8174de09f32ee868604e9f69962bc7606453c79fb254d8d3f6c9e66454034
61604266	water	File:Beer and water, AC877.jpg	https://commons.wikimedia.org/wiki/File:Beer_and_water,_AC877.jpg	4099542b3413d10da5a93ef3a2e8f060ae46ec2a	2017-08-10T21:55:26Z	MB-one	CC BY-SA 4.0	https://creativecommons.org/licenses/by-sa/4.0	true	raw/0091_metadata_0790_a1.response	6cf8174de09f32ee868604e9f69962bc7606453c79fb254d8d3f6c9e66454034
75431999	water	File:Dinner at the Alibi Room (9241684022).jpg	https://commons.wikimedia.org/wiki/File:Dinner_at_the_Alibi_Room_(9241684022).jpg	e404ab693b732142df6808231966b9dd1aa2b5fb	2018-12-30T10:42:38Z	Ruth Hartnup from Vancouver, Canada	CC BY 2.0	https://creativecommons.org/licenses/by/2.0	true	raw/0091_metadata_0790_a1.response	6cf8174de09f32ee868604e9f69962bc7606453c79fb254d8d3f6c9e66454034
